sgRNA_seq,PAM_seq,starting_frame,gene_pos,chr_pos,exon,coding_seq,sgRNA_strand,gene_strand,gene
tcaaggATGGAAGTGCAGTT,AGG,0,-6,67545141,0,tcaaggATGGAAGTGCAGTT,sense,plus,AR
caaggATGGAAGTGCAGTTA,GGG,1,-5,67545142,0,caaggATGGAAGTGCAGTTA,sense,plus,AR
aaggATGGAAGTGCAGTTAG,GGC,2,-4,67545143,0,aaggATGGAAGTGCAGTTAG,sense,plus,AR
gATGGAAGTGCAGTTAGGGC,TGG,2,-1,67545146,0,gATGGAAGTGCAGTTAGGGC,sense,plus,AR
ATGGAAGTGCAGTTAGGGCT,GGG,0,0,67545147,0,ATGGAAGTGCAGTTAGGGCT,sense,plus,AR
TGGAAGTGCAGTTAGGGCTG,GGA,1,1,67545148,0,TGGAAGTGCAGTTAGGGCTG,sense,plus,AR
AAGTGCAGTTAGGGCTGGGA,AGG,1,4,67545151,0,AAGTGCAGTTAGGGCTGGGA,sense,plus,AR
AGTGCAGTTAGGGCTGGGAA,GGG,2,5,67545152,0,AGTGCAGTTAGGGCTGGGAA,sense,plus,AR
GTGCAGTTAGGGCTGGGAAG,GGT,0,6,67545153,0,GTGCAGTTAGGGCTGGGAAG,sense,plus,AR
GGCTGGGAAGGGTCTACCCT,CGG,1,16,67545163,0,GGCTGGGAAGGGTCTACCCT,sense,plus,AR
GCTGGGAAGGGTCTACCCTC,GGC,2,17,67545164,0,GCTGGGAAGGGTCTACCCTC,sense,plus,AR
GGGAAGGGTCTACCCTCGGC,CGC,2,20,67545167,0,GGGAAGGGTCTACCCTCGGC,sense,plus,AR
CCGTCCAAGACCTACCGAGG,AGC,0,42,67545189,0,CCGTCCAAGACCTACCGAGG,sense,plus,AR
GACCTACCGAGGAGCTTTCC,AGA,2,50,67545197,0,GACCTACCGAGGAGCTTTCC,sense,plus,AR
CCGAGGAGCTTTCCAGAATC,TGT,2,56,67545203,0,CCGAGGAGCTTTCCAGAATC,sense,plus,AR
CTTTCCAGAATCTGTTCCAG,AGC,1,64,67545211,0,CTTTCCAGAATCTGTTCCAG,sense,plus,AR
TTCCAGAATCTGTTCCAGAG,CGT,0,66,67545213,0,TTCCAGAATCTGTTCCAGAG,sense,plus,AR
CCAGAATCTGTTCCAGAGCG,TGC,2,68,67545215,0,CCAGAATCTGTTCCAGAGCG,sense,plus,AR
AGAATCTGTTCCAGAGCGTG,CGC,1,70,67545217,0,AGAATCTGTTCCAGAGCGTG,sense,plus,AR
CTGTTCCAGAGCGTGCGCGA,AGT,0,75,67545222,0,CTGTTCCAGAGCGTGCGCGA,sense,plus,AR
GTTCCAGAGCGTGCGCGAAG,TGA,2,77,67545224,0,GTTCCAGAGCGTGCGCGAAG,sense,plus,AR
GCGCGAAGTGATCCAGAACC,CGG,2,89,67545236,0,GCGCGAAGTGATCCAGAACC,sense,plus,AR
CGCGAAGTGATCCAGAACCC,GGG,0,90,67545237,0,CGCGAAGTGATCCAGAACCC,sense,plus,AR
GCGAAGTGATCCAGAACCCG,GGC,1,91,67545238,0,GCGAAGTGATCCAGAACCCG,sense,plus,AR
TGATCCAGAACCCGGGCCCC,AGG,1,97,67545244,0,TGATCCAGAACCCGGGCCCC,sense,plus,AR
GATCCAGAACCCGGGCCCCA,GGC,2,98,67545245,0,GATCCAGAACCCGGGCCCCA,sense,plus,AR
GGCCCCAGGCACCCAGAGGC,CGC,0,111,67545258,0,GGCCCCAGGCACCCAGAGGC,sense,plus,AR
CCCCAGGCACCCAGAGGCCG,CGA,2,113,67545260,0,CCCCAGGCACCCAGAGGCCG,sense,plus,AR
CCAGGCACCCAGAGGCCGCG,AGC,1,115,67545262,0,CCAGGCACCCAGAGGCCGCG,sense,plus,AR
AGGCACCCAGAGGCCGCGAG,CGC,0,117,67545264,0,AGGCACCCAGAGGCCGCGAG,sense,plus,AR
CACCCAGAGGCCGCGAGCGC,AGC,0,120,67545267,0,CACCCAGAGGCCGCGAGCGC,sense,plus,AR
GCCGCGAGCGCAGCACCTCC,CGG,0,129,67545276,0,GCCGCGAGCGCAGCACCTCC,sense,plus,AR
CCGCGAGCGCAGCACCTCCC,GGC,1,130,67545277,0,CCGCGAGCGCAGCACCTCCC,sense,plus,AR
GCGAGCGCAGCACCTCCCGG,CGC,0,132,67545279,0,GCGAGCGCAGCACCTCCCGG,sense,plus,AR
GCGCAGCACCTCCCGGCGCC,AGT,1,136,67545283,0,GCGCAGCACCTCCCGGCGCC,sense,plus,AR
AGCACCTCCCGGCGCCAGTT,TGC,2,140,67545287,0,AGCACCTCCCGGCGCCAGTT,sense,plus,AR
CGGCGCCAGTTTGCTGCTGC,TGC,2,149,67545296,0,CGGCGCCAGTTTGCTGCTGC,sense,plus,AR
CGCCAGTTTGCTGCTGCTGC,AGC,2,152,67545299,0,CGCCAGTTTGCTGCTGCTGC,sense,plus,AR
GCTGCAGCAGCAGCAGCAGC,AGC,2,167,67545314,0,GCTGCAGCAGCAGCAGCAGC,sense,plus,AR
CAGCAGCAGCAGCAGCAGCA,AGA,0,219,67545366,0,CAGCAGCAGCAGCAGCAGCA,sense,plus,AR
GCAGCAGCAGCAGCAGCAAG,AGA,2,221,67545368,0,GCAGCAGCAGCAGCAGCAAG,sense,plus,AR
AGCAGCAGCAGCAAGAGACT,AGC,1,226,67545373,0,AGCAGCAGCAGCAAGAGACT,sense,plus,AR
AGCAGCAAGAGACTAGCCCC,AGG,1,232,67545379,0,AGCAGCAAGAGACTAGCCCC,sense,plus,AR
GCAGCAAGAGACTAGCCCCA,GGC,2,233,67545380,0,GCAGCAAGAGACTAGCCCCA,sense,plus,AR
GCAAGAGACTAGCCCCAGGC,AGC,2,236,67545383,0,GCAAGAGACTAGCCCCAGGC,sense,plus,AR
AGAGACTAGCCCCAGGCAGC,AGC,2,239,67545386,0,AGAGACTAGCCCCAGGCAGC,sense,plus,AR
GACTAGCCCCAGGCAGCAGC,AGC,2,242,67545389,0,GACTAGCCCCAGGCAGCAGC,sense,plus,AR
TAGCCCCAGGCAGCAGCAGC,AGC,2,245,67545392,0,TAGCCCCAGGCAGCAGCAGC,sense,plus,AR
CCCCAGGCAGCAGCAGCAGC,AGC,2,248,67545395,0,CCCCAGGCAGCAGCAGCAGC,sense,plus,AR
CAGGCAGCAGCAGCAGCAGC,AGG,2,251,67545398,0,CAGGCAGCAGCAGCAGCAGC,sense,plus,AR
AGGCAGCAGCAGCAGCAGCA,GGG,0,252,67545399,0,AGGCAGCAGCAGCAGCAGCA,sense,plus,AR
GGCAGCAGCAGCAGCAGCAG,GGT,1,253,67545400,0,GGCAGCAGCAGCAGCAGCAG,sense,plus,AR
CAGCAGCAGCAGCAGCAGGG,TGA,0,255,67545402,0,CAGCAGCAGCAGCAGCAGGG,sense,plus,AR
GCAGCAGCAGCAGCAGGGTG,AGG,2,257,67545404,0,GCAGCAGCAGCAGCAGGGTG,sense,plus,AR
CAGCAGCAGCAGCAGGGTGA,GGA,0,258,67545405,0,CAGCAGCAGCAGCAGGGTGA,sense,plus,AR
CAGCAGCAGCAGGGTGAGGA,TGG,0,261,67545408,0,CAGCAGCAGCAGGGTGAGGA,sense,plus,AR
AGCAGCAGCAGGGTGAGGAT,GGT,1,262,67545409,0,AGCAGCAGCAGGGTGAGGAT,sense,plus,AR
GGTGAGGATGGTTCTCCCCA,AGC,0,273,67545420,0,GGTGAGGATGGTTCTCCCCA,sense,plus,AR
TCTCCCCAAGCCCATCGTAG,AGG,0,285,67545432,0,TCTCCCCAAGCCCATCGTAG,sense,plus,AR
CTCCCCAAGCCCATCGTAGA,GGC,1,286,67545433,0,CTCCCCAAGCCCATCGTAGA,sense,plus,AR
GCCCATCGTAGAGGCCCCAC,AGG,0,294,67545441,0,GCCCATCGTAGAGGCCCCAC,sense,plus,AR
CCCATCGTAGAGGCCCCACA,GGC,1,295,67545442,0,CCCATCGTAGAGGCCCCACA,sense,plus,AR
TAGAGGCCCCACAGGCTACC,TGG,2,302,67545449,0,TAGAGGCCCCACAGGCTACC,sense,plus,AR
CCCCACAGGCTACCTGGTCC,TGG,2,308,67545455,0,CCCCACAGGCTACCTGGTCC,sense,plus,AR
CCCACAGGCTACCTGGTCCT,GGA,0,309,67545456,0,CCCACAGGCTACCTGGTCCT,sense,plus,AR
ACAGGCTACCTGGTCCTGGA,TGA,0,312,67545459,0,ACAGGCTACCTGGTCCTGGA,sense,plus,AR
AGGCTACCTGGTCCTGGATG,AGG,2,314,67545461,0,AGGCTACCTGGTCCTGGATG,sense,plus,AR
GGCTACCTGGTCCTGGATGA,GGA,0,315,67545462,0,GGCTACCTGGTCCTGGATGA,sense,plus,AR
TGAGGAACAGCAACCTTCAC,AGC,2,332,67545479,0,TGAGGAACAGCAACCTTCAC,sense,plus,AR
GGAACAGCAACCTTCACAGC,CGC,2,335,67545482,0,GGAACAGCAACCTTCACAGC,sense,plus,AR
ACAGCAACCTTCACAGCCGC,AGT,2,338,67545485,0,ACAGCAACCTTCACAGCCGC,sense,plus,AR
GCAACCTTCACAGCCGCAGT,CGG,2,341,67545488,0,GCAACCTTCACAGCCGCAGT,sense,plus,AR
TTCACAGCCGCAGTCGGCCC,TGG,2,347,67545494,0,TTCACAGCCGCAGTCGGCCC,sense,plus,AR
TCACAGCCGCAGTCGGCCCT,GGA,0,348,67545495,0,TCACAGCCGCAGTCGGCCCT,sense,plus,AR
AGCCGCAGTCGGCCCTGGAG,TGC,1,352,67545499,0,AGCCGCAGTCGGCCCTGGAG,sense,plus,AR
CCCTGGAGTGCCACCCCGAG,AGA,1,364,67545511,0,CCCTGGAGTGCCACCCCGAG,sense,plus,AR
CTGGAGTGCCACCCCGAGAG,AGG,0,366,67545513,0,CTGGAGTGCCACCCCGAGAG,sense,plus,AR
TGGAGTGCCACCCCGAGAGA,GGT,1,367,67545514,0,TGGAGTGCCACCCCGAGAGA,sense,plus,AR
AGTGCCACCCCGAGAGAGGT,TGC,1,370,67545517,0,AGTGCCACCCCGAGAGAGGT,sense,plus,AR
TGCCACCCCGAGAGAGGTTG,CGT,0,372,67545519,0,TGCCACCCCGAGAGAGGTTG,sense,plus,AR
CCCGAGAGAGGTTGCGTCCC,AGA,0,378,67545525,0,CCCGAGAGAGGTTGCGTCCC,sense,plus,AR
CGAGAGAGGTTGCGTCCCAG,AGC,2,380,67545527,0,CGAGAGAGGTTGCGTCCCAG,sense,plus,AR
GTCCCAGAGCCTGGAGCCGC,CGT,0,393,67545540,0,GTCCCAGAGCCTGGAGCCGC,sense,plus,AR
CCCAGAGCCTGGAGCCGCCG,TGG,2,395,67545542,0,CCCAGAGCCTGGAGCCGCCG,sense,plus,AR
CCAGAGCCTGGAGCCGCCGT,GGC,0,396,67545543,0,CCAGAGCCTGGAGCCGCCGT,sense,plus,AR
CTGGAGCCGCCGTGGCCGCC,AGC,1,403,67545550,0,CTGGAGCCGCCGTGGCCGCC,sense,plus,AR
GGCCGCCAGCAAGGGGCTGC,CGC,2,416,67545563,0,GGCCGCCAGCAAGGGGCTGC,sense,plus,AR
CGCCAGCAAGGGGCTGCCGC,AGC,2,419,67545566,0,CGCCAGCAAGGGGCTGCCGC,sense,plus,AR
CAGCAAGGGGCTGCCGCAGC,AGC,2,422,67545569,0,CAGCAAGGGGCTGCCGCAGC,sense,plus,AR
GCAGCAGCTGCCAGCACCTC,CGG,2,437,67545584,0,GCAGCAGCTGCCAGCACCTC,sense,plus,AR
CAGCAGCTGCCAGCACCTCC,GGA,0,438,67545585,0,CAGCAGCTGCCAGCACCTCC,sense,plus,AR
GCTGCCAGCACCTCCGGACG,AGG,2,443,67545590,0,GCTGCCAGCACCTCCGGACG,sense,plus,AR
CTGCCAGCACCTCCGGACGA,GGA,0,444,67545591,0,CTGCCAGCACCTCCGGACGA,sense,plus,AR
CCAGCACCTCCGGACGAGGA,TGA,0,447,67545594,0,CCAGCACCTCCGGACGAGGA,sense,plus,AR
CCTCCGGACGAGGATGACTC,AGC,0,453,67545600,0,CCTCCGGACGAGGATGACTC,sense,plus,AR
CCGGACGAGGATGACTCAGC,TGC,0,456,67545603,0,CCGGACGAGGATGACTCAGC,sense,plus,AR
TGACTCAGCTGCCCCATCCA,CGT,2,467,67545614,0,TGACTCAGCTGCCCCATCCA,sense,plus,AR
CTCAGCTGCCCCATCCACGT,TGT,2,470,67545617,0,CTCAGCTGCCCCATCCACGT,sense,plus,AR
TGCCCCATCCACGTTGTCCC,TGC,2,476,67545623,0,TGCCCCATCCACGTTGTCCC,sense,plus,AR
CCCATCCACGTTGTCCCTGC,TGG,2,479,67545626,0,CCCATCCACGTTGTCCCTGC,sense,plus,AR
CCATCCACGTTGTCCCTGCT,GGG,0,480,67545627,0,CCATCCACGTTGTCCCTGCT,sense,plus,AR
CATCCACGTTGTCCCTGCTG,GGC,1,481,67545628,0,CATCCACGTTGTCCCTGCTG,sense,plus,AR
GCCCCACTTTCCCCGGCTTA,AGC,1,502,67545649,0,GCCCCACTTTCCCCGGCTTA,sense,plus,AR
GGCTTAAGCAGCTGCTCCGC,TGA,0,516,67545663,0,GGCTTAAGCAGCTGCTCCGC,sense,plus,AR
CGCTGACCTTAAAGACATCC,TGA,2,533,67545680,0,CGCTGACCTTAAAGACATCC,sense,plus,AR
CTGACCTTAAAGACATCCTG,AGC,1,535,67545682,0,CTGACCTTAAAGACATCCTG,sense,plus,AR
GACCTTAAAGACATCCTGAG,CGA,0,537,67545684,0,GACCTTAAAGACATCCTGAG,sense,plus,AR
CCTTAAAGACATCCTGAGCG,AGG,2,539,67545686,0,CCTTAAAGACATCCTGAGCG,sense,plus,AR
CTTAAAGACATCCTGAGCGA,GGC,0,540,67545687,0,CTTAAAGACATCCTGAGCGA,sense,plus,AR
AAGACATCCTGAGCGAGGCC,AGC,1,544,67545691,0,AAGACATCCTGAGCGAGGCC,sense,plus,AR
CCTGAGCGAGGCCAGCACCA,TGC,2,551,67545698,0,CCTGAGCGAGGCCAGCACCA,sense,plus,AR
CAGCACCATGCAACTCCTTC,AGC,2,563,67545710,0,CAGCACCATGCAACTCCTTC,sense,plus,AR
CATGCAACTCCTTCAGCAAC,AGC,2,569,67545716,0,CATGCAACTCCTTCAGCAAC,sense,plus,AR
GCAACTCCTTCAGCAACAGC,AGC,2,572,67545719,0,GCAACTCCTTCAGCAACAGC,sense,plus,AR
CTCCTTCAGCAACAGCAGCA,GGA,0,576,67545723,0,CTCCTTCAGCAACAGCAGCA,sense,plus,AR
CTTCAGCAACAGCAGCAGGA,AGC,0,579,67545726,0,CTTCAGCAACAGCAGCAGGA,sense,plus,AR
CAGCAACAGCAGCAGGAAGC,AGT,0,582,67545729,0,CAGCAACAGCAGCAGGAAGC,sense,plus,AR
CAGCAGCAGGAAGCAGTATC,CGA,0,588,67545735,0,CAGCAGCAGGAAGCAGTATC,sense,plus,AR
CAGCAGGAAGCAGTATCCGA,AGG,0,591,67545738,0,CAGCAGGAAGCAGTATCCGA,sense,plus,AR
AGCAGGAAGCAGTATCCGAA,GGC,1,592,67545739,0,AGCAGGAAGCAGTATCCGAA,sense,plus,AR
AGGAAGCAGTATCCGAAGGC,AGC,1,595,67545742,0,AGGAAGCAGTATCCGAAGGC,sense,plus,AR
AAGCAGTATCCGAAGGCAGC,AGC,1,598,67545745,0,AAGCAGTATCCGAAGGCAGC,sense,plus,AR
CAGTATCCGAAGGCAGCAGC,AGC,1,601,67545748,0,CAGTATCCGAAGGCAGCAGC,sense,plus,AR
GTATCCGAAGGCAGCAGCAG,CGG,0,603,67545750,0,GTATCCGAAGGCAGCAGCAG,sense,plus,AR
TATCCGAAGGCAGCAGCAGC,GGG,1,604,67545751,0,TATCCGAAGGCAGCAGCAGC,sense,plus,AR
ATCCGAAGGCAGCAGCAGCG,GGA,2,605,67545752,0,ATCCGAAGGCAGCAGCAGCG,sense,plus,AR
CCGAAGGCAGCAGCAGCGGG,AGA,1,607,67545754,0,CCGAAGGCAGCAGCAGCGGG,sense,plus,AR
GAAGGCAGCAGCAGCGGGAG,AGC,0,609,67545756,0,GAAGGCAGCAGCAGCGGGAG,sense,plus,AR
AGGCAGCAGCAGCGGGAGAG,CGA,2,611,67545758,0,AGGCAGCAGCAGCGGGAGAG,sense,plus,AR
GCAGCAGCAGCGGGAGAGCG,AGG,1,613,67545760,0,GCAGCAGCAGCGGGAGAGCG,sense,plus,AR
CAGCAGCAGCGGGAGAGCGA,GGG,2,614,67545761,0,CAGCAGCAGCGGGAGAGCGA,sense,plus,AR
AGCAGCAGCGGGAGAGCGAG,GGA,0,615,67545762,0,AGCAGCAGCGGGAGAGCGAG,sense,plus,AR
CAGCAGCGGGAGAGCGAGGG,AGG,2,617,67545764,0,CAGCAGCGGGAGAGCGAGGG,sense,plus,AR
AGCAGCGGGAGAGCGAGGGA,GGC,0,618,67545765,0,AGCAGCGGGAGAGCGAGGGA,sense,plus,AR
CGGGAGAGCGAGGGAGGCCT,CGG,2,623,67545770,0,CGGGAGAGCGAGGGAGGCCT,sense,plus,AR
GGGAGAGCGAGGGAGGCCTC,GGG,0,624,67545771,0,GGGAGAGCGAGGGAGGCCTC,sense,plus,AR
GGAGAGCGAGGGAGGCCTCG,GGG,1,625,67545772,0,GGAGAGCGAGGGAGGCCTCG,sense,plus,AR
GAGAGCGAGGGAGGCCTCGG,GGG,2,626,67545773,0,GAGAGCGAGGGAGGCCTCGG,sense,plus,AR
AGAGCGAGGGAGGCCTCGGG,GGC,0,627,67545774,0,AGAGCGAGGGAGGCCTCGGG,sense,plus,AR
TCCTCCAAGGACAATTACTT,AGG,0,657,67545804,0,TCCTCCAAGGACAATTACTT,sense,plus,AR
CCTCCAAGGACAATTACTTA,GGG,1,658,67545805,0,CCTCCAAGGACAATTACTTA,sense,plus,AR
CTCCAAGGACAATTACTTAG,GGG,2,659,67545806,0,CTCCAAGGACAATTACTTAG,sense,plus,AR
TCCAAGGACAATTACTTAGG,GGG,0,660,67545807,0,TCCAAGGACAATTACTTAGG,sense,plus,AR
CCAAGGACAATTACTTAGGG,GGC,1,661,67545808,0,CCAAGGACAATTACTTAGGG,sense,plus,AR
CAATTACTTAGGGGGCACTT,CGA,2,668,67545815,0,CAATTACTTAGGGGGCACTT,sense,plus,AR
GGGGGCACTTCGACCATTTC,TGA,0,678,67545825,0,GGGGGCACTTCGACCATTTC,sense,plus,AR
ACTTCGACCATTTCTGACAA,CGC,0,684,67545831,0,ACTTCGACCATTTCTGACAA,sense,plus,AR
GACCATTTCTGACAACGCCA,AGG,2,689,67545836,0,GACCATTTCTGACAACGCCA,sense,plus,AR
ACCATTTCTGACAACGCCAA,GGA,0,690,67545837,0,ACCATTTCTGACAACGCCAA,sense,plus,AR
TTCTGACAACGCCAAGGAGT,TGT,2,695,67545842,0,TTCTGACAACGCCAAGGAGT,sense,plus,AR
CTGACAACGCCAAGGAGTTG,TGT,1,697,67545844,0,CTGACAACGCCAAGGAGTTG,sense,plus,AR
CAACGCCAAGGAGTTGTGTA,AGG,2,701,67545848,0,CAACGCCAAGGAGTTGTGTA,sense,plus,AR
AACGCCAAGGAGTTGTGTAA,GGC,0,702,67545849,0,AACGCCAAGGAGTTGTGTAA,sense,plus,AR
GCCAAGGAGTTGTGTAAGGC,AGT,0,705,67545852,0,GCCAAGGAGTTGTGTAAGGC,sense,plus,AR
CAAGGAGTTGTGTAAGGCAG,TGT,2,707,67545854,0,CAAGGAGTTGTGTAAGGCAG,sense,plus,AR
GTTGTGTAAGGCAGTGTCGG,TGT,2,713,67545860,0,GTTGTGTAAGGCAGTGTCGG,sense,plus,AR
TAAGGCAGTGTCGGTGTCCA,TGG,2,719,67545866,0,TAAGGCAGTGTCGGTGTCCA,sense,plus,AR
AAGGCAGTGTCGGTGTCCAT,GGG,0,720,67545867,0,AAGGCAGTGTCGGTGTCCAT,sense,plus,AR
AGGCAGTGTCGGTGTCCATG,GGC,1,721,67545868,0,AGGCAGTGTCGGTGTCCATG,sense,plus,AR
GGTGTCCATGGGCCTGGGTG,TGG,2,731,67545878,0,GGTGTCCATGGGCCTGGGTG,sense,plus,AR
GTGTCCATGGGCCTGGGTGT,GGA,0,732,67545879,0,GTGTCCATGGGCCTGGGTGT,sense,plus,AR
GTCCATGGGCCTGGGTGTGG,AGG,2,734,67545881,0,GTCCATGGGCCTGGGTGTGG,sense,plus,AR
TCCATGGGCCTGGGTGTGGA,GGC,0,735,67545882,0,TCCATGGGCCTGGGTGTGGA,sense,plus,AR
TGTGGAGGCGTTGGAGCATC,TGA,2,749,67545896,0,TGTGGAGGCGTTGGAGCATC,sense,plus,AR
TGGAGGCGTTGGAGCATCTG,AGT,1,751,67545898,0,TGGAGGCGTTGGAGCATCTG,sense,plus,AR
GCGTTGGAGCATCTGAGTCC,AGG,0,756,67545903,0,GCGTTGGAGCATCTGAGTCC,sense,plus,AR
CGTTGGAGCATCTGAGTCCA,GGG,1,757,67545904,0,CGTTGGAGCATCTGAGTCCA,sense,plus,AR
GTTGGAGCATCTGAGTCCAG,GGG,2,758,67545905,0,GTTGGAGCATCTGAGTCCAG,sense,plus,AR
TTGGAGCATCTGAGTCCAGG,GGA,0,759,67545906,0,TTGGAGCATCTGAGTCCAGG,sense,plus,AR
GCATCTGAGTCCAGGGGAAC,AGC,2,764,67545911,0,GCATCTGAGTCCAGGGGAAC,sense,plus,AR
TGAGTCCAGGGGAACAGCTT,CGG,1,769,67545916,0,TGAGTCCAGGGGAACAGCTT,sense,plus,AR
GAGTCCAGGGGAACAGCTTC,GGG,2,770,67545917,0,GAGTCCAGGGGAACAGCTTC,sense,plus,AR
AGTCCAGGGGAACAGCTTCG,GGG,0,771,67545918,0,AGTCCAGGGGAACAGCTTCG,sense,plus,AR
GTCCAGGGGAACAGCTTCGG,GGG,1,772,67545919,0,GTCCAGGGGAACAGCTTCGG,sense,plus,AR
TCCAGGGGAACAGCTTCGGG,GGG,2,773,67545920,0,TCCAGGGGAACAGCTTCGGG,sense,plus,AR
CCAGGGGAACAGCTTCGGGG,GGA,0,774,67545921,0,CCAGGGGAACAGCTTCGGGG,sense,plus,AR
GGGAACAGCTTCGGGGGGAT,TGC,1,778,67545925,0,GGGAACAGCTTCGGGGGGAT,sense,plus,AR
TTGCATGTACGCCCCACTTT,TGG,2,797,67545944,0,TTGCATGTACGCCCCACTTT,sense,plus,AR
TGCATGTACGCCCCACTTTT,GGG,0,798,67545945,0,TGCATGTACGCCCCACTTTT,sense,plus,AR
GCATGTACGCCCCACTTTTG,GGA,1,799,67545946,0,GCATGTACGCCCCACTTTTG,sense,plus,AR
ATGTACGCCCCACTTTTGGG,AGT,0,801,67545948,0,ATGTACGCCCCACTTTTGGG,sense,plus,AR
TTTGGGAGTTCCACCCGCTG,TGC,2,815,67545962,0,TTTGGGAGTTCCACCCGCTG,sense,plus,AR
TGGGAGTTCCACCCGCTGTG,CGT,1,817,67545964,0,TGGGAGTTCCACCCGCTGTG,sense,plus,AR
TCCCACTCCTTGTGCCCCAT,TGG,2,839,67545986,0,TCCCACTCCTTGTGCCCCAT,sense,plus,AR
CCCACTCCTTGTGCCCCATT,GGC,0,840,67545987,0,CCCACTCCTTGTGCCCCATT,sense,plus,AR
GCCCCATTGGCCGAATGCAA,AGG,0,852,67545999,0,GCCCCATTGGCCGAATGCAA,sense,plus,AR
CCCCATTGGCCGAATGCAAA,GGT,1,853,67546000,0,CCCCATTGGCCGAATGCAAA,sense,plus,AR
GGCCGAATGCAAAGGTTCTC,TGC,2,860,67546007,0,GGCCGAATGCAAAGGTTCTC,sense,plus,AR
GAATGCAAAGGTTCTCTGCT,AGA,0,864,67546011,0,GAATGCAAAGGTTCTCTGCT,sense,plus,AR
TGCAAAGGTTCTCTGCTAGA,CGA,0,867,67546014,0,TGCAAAGGTTCTCTGCTAGA,sense,plus,AR
CTCTGCTAGACGACAGCGCA,GGC,1,877,67546024,0,CTCTGCTAGACGACAGCGCA,sense,plus,AR
GCTAGACGACAGCGCAGGCA,AGA,2,881,67546028,0,GCTAGACGACAGCGCAGGCA,sense,plus,AR
TAGACGACAGCGCAGGCAAG,AGC,1,883,67546030,0,TAGACGACAGCGCAGGCAAG,sense,plus,AR
GACAGCGCAGGCAAGAGCAC,TGA,0,888,67546035,0,GACAGCGCAGGCAAGAGCAC,sense,plus,AR
AGCGCAGGCAAGAGCACTGA,AGA,0,891,67546038,0,AGCGCAGGCAAGAGCACTGA,sense,plus,AR
GGCAAGAGCACTGAAGATAC,TGC,0,897,67546044,0,GGCAAGAGCACTGAAGATAC,sense,plus,AR
AAGAGCACTGAAGATACTGC,TGA,0,900,67546047,0,AAGAGCACTGAAGATACTGC,sense,plus,AR
GAGCACTGAAGATACTGCTG,AGT,2,902,67546049,0,GAGCACTGAAGATACTGCTG,sense,plus,AR
TGCTGAGTATTCCCCTTTCA,AGG,2,917,67546064,0,TGCTGAGTATTCCCCTTTCA,sense,plus,AR
GCTGAGTATTCCCCTTTCAA,GGG,0,918,67546065,0,GCTGAGTATTCCCCTTTCAA,sense,plus,AR
CTGAGTATTCCCCTTTCAAG,GGA,1,919,67546066,0,CTGAGTATTCCCCTTTCAAG,sense,plus,AR
GAGTATTCCCCTTTCAAGGG,AGG,0,921,67546068,0,GAGTATTCCCCTTTCAAGGG,sense,plus,AR
AGTATTCCCCTTTCAAGGGA,GGT,1,922,67546069,0,AGTATTCCCCTTTCAAGGGA,sense,plus,AR
TTCAAGGGAGGTTACACCAA,AGG,0,933,67546080,0,TTCAAGGGAGGTTACACCAA,sense,plus,AR
TCAAGGGAGGTTACACCAAA,GGG,1,934,67546081,0,TCAAGGGAGGTTACACCAAA,sense,plus,AR
CAAGGGAGGTTACACCAAAG,GGC,2,935,67546082,0,CAAGGGAGGTTACACCAAAG,sense,plus,AR
GGAGGTTACACCAAAGGGCT,AGA,0,939,67546086,0,GGAGGTTACACCAAAGGGCT,sense,plus,AR
GGTTACACCAAAGGGCTAGA,AGG,0,942,67546089,0,GGTTACACCAAAGGGCTAGA,sense,plus,AR
GTTACACCAAAGGGCTAGAA,GGC,1,943,67546090,0,GTTACACCAAAGGGCTAGAA,sense,plus,AR
TACACCAAAGGGCTAGAAGG,CGA,0,945,67546092,0,TACACCAAAGGGCTAGAAGG,sense,plus,AR
CACCAAAGGGCTAGAAGGCG,AGA,2,947,67546094,0,CACCAAAGGGCTAGAAGGCG,sense,plus,AR
CCAAAGGGCTAGAAGGCGAG,AGC,1,949,67546096,0,CCAAAGGGCTAGAAGGCGAG,sense,plus,AR
GGGCTAGAAGGCGAGAGCCT,AGG,0,954,67546101,0,GGGCTAGAAGGCGAGAGCCT,sense,plus,AR
GGCTAGAAGGCGAGAGCCTA,GGC,1,955,67546102,0,GGCTAGAAGGCGAGAGCCTA,sense,plus,AR
TAGAAGGCGAGAGCCTAGGC,TGC,1,958,67546105,0,TAGAAGGCGAGAGCCTAGGC,sense,plus,AR
GGCGAGAGCCTAGGCTGCTC,TGG,0,963,67546110,0,GGCGAGAGCCTAGGCTGCTC,sense,plus,AR
GCGAGAGCCTAGGCTGCTCT,GGC,1,964,67546111,0,GCGAGAGCCTAGGCTGCTCT,sense,plus,AR
AGAGCCTAGGCTGCTCTGGC,AGC,1,967,67546114,0,AGAGCCTAGGCTGCTCTGGC,sense,plus,AR
AGCCTAGGCTGCTCTGGCAG,CGC,0,969,67546116,0,AGCCTAGGCTGCTCTGGCAG,sense,plus,AR
CTCTGGCAGCGCTGCAGCAG,GGA,2,980,67546127,0,CTCTGGCAGCGCTGCAGCAG,sense,plus,AR
CTGGCAGCGCTGCAGCAGGG,AGC,1,982,67546129,0,CTGGCAGCGCTGCAGCAGGG,sense,plus,AR
GCGCTGCAGCAGGGAGCTCC,GGG,1,988,67546135,0,GCGCTGCAGCAGGGAGCTCC,sense,plus,AR
CGCTGCAGCAGGGAGCTCCG,GGA,2,989,67546136,0,CGCTGCAGCAGGGAGCTCCG,sense,plus,AR
GCAGGGAGCTCCGGGACACT,TGA,0,996,67546143,0,GCAGGGAGCTCCGGGACACT,sense,plus,AR
CTCCGGGACACTTGAACTGC,CGT,2,1004,67546151,0,CTCCGGGACACTTGAACTGC,sense,plus,AR
ACTTGAACTGCCGTCTACCC,TGT,2,1013,67546160,0,ACTTGAACTGCCGTCTACCC,sense,plus,AR
GTCTACCCTGTCTCTCTACA,AGT,2,1025,67546172,0,GTCTACCCTGTCTCTCTACA,sense,plus,AR
TCTCTACAAGTCCGGAGCAC,TGG,2,1037,67546184,0,TCTCTACAAGTCCGGAGCAC,sense,plus,AR
CTCTACAAGTCCGGAGCACT,GGA,0,1038,67546185,0,CTCTACAAGTCCGGAGCACT,sense,plus,AR
TACAAGTCCGGAGCACTGGA,CGA,0,1041,67546188,0,TACAAGTCCGGAGCACTGGA,sense,plus,AR
TCCGGAGCACTGGACGAGGC,AGC,0,1047,67546194,0,TCCGGAGCACTGGACGAGGC,sense,plus,AR
GGAGCACTGGACGAGGCAGC,TGC,0,1050,67546197,0,GGAGCACTGGACGAGGCAGC,sense,plus,AR
AGCACTGGACGAGGCAGCTG,CGT,2,1052,67546199,0,AGCACTGGACGAGGCAGCTG,sense,plus,AR
GGACGAGGCAGCTGCGTACC,AGA,2,1058,67546205,0,GGACGAGGCAGCTGCGTACC,sense,plus,AR
ACGAGGCAGCTGCGTACCAG,AGT,1,1060,67546207,0,ACGAGGCAGCTGCGTACCAG,sense,plus,AR
AGGCAGCTGCGTACCAGAGT,CGC,1,1063,67546210,0,AGGCAGCTGCGTACCAGAGT,sense,plus,AR
CGACTACTACAACTTTCCAC,TGG,2,1085,67546232,0,CGACTACTACAACTTTCCAC,sense,plus,AR
GACTACTACAACTTTCCACT,GGC,0,1086,67546233,0,GACTACTACAACTTTCCACT,sense,plus,AR
CTACAACTTTCCACTGGCTC,TGG,2,1091,67546238,0,CTACAACTTTCCACTGGCTC,sense,plus,AR
TACAACTTTCCACTGGCTCT,GGC,0,1092,67546239,0,TACAACTTTCCACTGGCTCT,sense,plus,AR
ACTTTCCACTGGCTCTGGCC,GGA,1,1096,67546243,0,ACTTTCCACTGGCTCTGGCC,sense,plus,AR
TCCACTGGCTCTGGCCGGAC,CGC,2,1100,67546247,0,TCCACTGGCTCTGGCCGGAC,sense,plus,AR
GGCCGGACCGCCGCCCCCTC,CGC,2,1112,67546259,0,GGCCGGACCGCCGCCCCCTC,sense,plus,AR
CGGACCGCCGCCCCCTCCGC,CGC,2,1115,67546262,0,CGGACCGCCGCCCCCTCCGC,sense,plus,AR
TCCCCACGCTCGCATCAAGC,TGG,2,1145,67546292,0,TCCCCACGCTCGCATCAAGC,sense,plus,AR
CCCCACGCTCGCATCAAGCT,GGA,0,1146,67546293,0,CCCCACGCTCGCATCAAGCT,sense,plus,AR
TCGCATCAAGCTGGAGAACC,CGC,2,1154,67546301,0,TCGCATCAAGCTGGAGAACC,sense,plus,AR
CATCAAGCTGGAGAACCCGC,TGG,2,1157,67546304,0,CATCAAGCTGGAGAACCCGC,sense,plus,AR
ATCAAGCTGGAGAACCCGCT,GGA,0,1158,67546305,0,ATCAAGCTGGAGAACCCGCT,sense,plus,AR
CTGGAGAACCCGCTGGACTA,CGG,0,1164,67546311,0,CTGGAGAACCCGCTGGACTA,sense,plus,AR
TGGAGAACCCGCTGGACTAC,GGC,1,1165,67546312,0,TGGAGAACCCGCTGGACTAC,sense,plus,AR
AGAACCCGCTGGACTACGGC,AGC,1,1168,67546315,0,AGAACCCGCTGGACTACGGC,sense,plus,AR
CGCTGGACTACGGCAGCGCC,TGG,1,1174,67546321,0,CGCTGGACTACGGCAGCGCC,sense,plus,AR
GCTGGACTACGGCAGCGCCT,GGG,2,1175,67546322,0,GCTGGACTACGGCAGCGCCT,sense,plus,AR
CTGGACTACGGCAGCGCCTG,GGC,0,1176,67546323,0,CTGGACTACGGCAGCGCCTG,sense,plus,AR
GGACTACGGCAGCGCCTGGG,CGG,2,1178,67546325,0,GGACTACGGCAGCGCCTGGG,sense,plus,AR
GACTACGGCAGCGCCTGGGC,GGC,0,1179,67546326,0,GACTACGGCAGCGCCTGGGC,sense,plus,AR
TACGGCAGCGCCTGGGCGGC,TGC,0,1182,67546329,0,TACGGCAGCGCCTGGGCGGC,sense,plus,AR
CGGCAGCGCCTGGGCGGCTG,CGG,2,1184,67546331,0,CGGCAGCGCCTGGGCGGCTG,sense,plus,AR
GGCAGCGCCTGGGCGGCTGC,GGC,0,1185,67546332,0,GGCAGCGCCTGGGCGGCTGC,sense,plus,AR
GCGGCGCAGTGCCGCTATGG,GGA,0,1206,67546353,0,GCGGCGCAGTGCCGCTATGG,sense,plus,AR
GCCGCTATGGGGACCTGGCG,AGC,1,1216,67546363,0,GCCGCTATGGGGACCTGGCG,sense,plus,AR
GGGGACCTGGCGAGCCTGCA,TGG,0,1224,67546371,0,GGGGACCTGGCGAGCCTGCA,sense,plus,AR
GGGACCTGGCGAGCCTGCAT,GGC,1,1225,67546372,0,GGGACCTGGCGAGCCTGCAT,sense,plus,AR
CCTGGCGAGCCTGCATGGCG,CGG,2,1229,67546376,0,CCTGGCGAGCCTGCATGGCG,sense,plus,AR
CTGGCGAGCCTGCATGGCGC,GGG,0,1230,67546377,0,CTGGCGAGCCTGCATGGCGC,sense,plus,AR
TGGCGAGCCTGCATGGCGCG,GGT,1,1231,67546378,0,TGGCGAGCCTGCATGGCGCG,sense,plus,AR
GCGAGCCTGCATGGCGCGGG,TGC,0,1233,67546380,0,GCGAGCCTGCATGGCGCGGG,sense,plus,AR
AGCCTGCATGGCGCGGGTGC,AGC,0,1236,67546383,0,AGCCTGCATGGCGCGGGTGC,sense,plus,AR
CCTGCATGGCGCGGGTGCAG,CGG,2,1238,67546385,0,CCTGCATGGCGCGGGTGCAG,sense,plus,AR
CTGCATGGCGCGGGTGCAGC,GGG,0,1239,67546386,0,CTGCATGGCGCGGGTGCAGC,sense,plus,AR
TGCATGGCGCGGGTGCAGCG,GGA,1,1240,67546387,0,TGCATGGCGCGGGTGCAGCG,sense,plus,AR
GGTGCAGCGGGACCCGGTTC,TGG,0,1251,67546398,0,GGTGCAGCGGGACCCGGTTC,sense,plus,AR
GTGCAGCGGGACCCGGTTCT,GGG,1,1252,67546399,0,GTGCAGCGGGACCCGGTTCT,sense,plus,AR
TGCAGCGGGACCCGGTTCTG,GGT,2,1253,67546400,0,TGCAGCGGGACCCGGTTCTG,sense,plus,AR
TCCTGGCACACTCTCTTCAC,AGC,0,1299,67546446,0,TCCTGGCACACTCTCTTCAC,sense,plus,AR
TGGCACACTCTCTTCACAGC,CGA,0,1302,67546449,0,TGGCACACTCTCTTCACAGC,sense,plus,AR
CACACTCTCTTCACAGCCGA,AGA,0,1305,67546452,0,CACACTCTCTTCACAGCCGA,sense,plus,AR
CTTCACAGCCGAAGAAGGCC,AGT,2,1313,67546460,0,CTTCACAGCCGAAGAAGGCC,sense,plus,AR
CACAGCCGAAGAAGGCCAGT,TGT,2,1316,67546463,0,CACAGCCGAAGAAGGCCAGT,sense,plus,AR
GCCGAAGAAGGCCAGTTGTA,TGG,0,1320,67546467,0,GCCGAAGAAGGCCAGTTGTA,sense,plus,AR
CCGAAGAAGGCCAGTTGTAT,GGA,1,1321,67546468,0,CCGAAGAAGGCCAGTTGTAT,sense,plus,AR
AGAAGGCCAGTTGTATGGAC,CGT,2,1325,67546472,0,AGAAGGCCAGTTGTATGGAC,sense,plus,AR
AAGGCCAGTTGTATGGACCG,TGT,1,1327,67546474,0,AAGGCCAGTTGTATGGACCG,sense,plus,AR
GGCCAGTTGTATGGACCGTG,TGG,0,1329,67546476,0,GGCCAGTTGTATGGACCGTG,sense,plus,AR
GCCAGTTGTATGGACCGTGT,GGT,1,1330,67546477,0,GCCAGTTGTATGGACCGTGT,sense,plus,AR
CAGTTGTATGGACCGTGTGG,TGG,0,1332,67546479,0,CAGTTGTATGGACCGTGTGG,sense,plus,AR
AGTTGTATGGACCGTGTGGT,GGT,1,1333,67546480,0,AGTTGTATGGACCGTGTGGT,sense,plus,AR
TTGTATGGACCGTGTGGTGG,TGG,0,1335,67546482,0,TTGTATGGACCGTGTGGTGG,sense,plus,AR
TGTATGGACCGTGTGGTGGT,GGT,1,1336,67546483,0,TGTATGGACCGTGTGGTGGT,sense,plus,AR
TATGGACCGTGTGGTGGTGG,TGG,0,1338,67546485,0,TATGGACCGTGTGGTGGTGG,sense,plus,AR
ATGGACCGTGTGGTGGTGGT,GGG,1,1339,67546486,0,ATGGACCGTGTGGTGGTGGT,sense,plus,AR
TGGACCGTGTGGTGGTGGTG,GGG,2,1340,67546487,0,TGGACCGTGTGGTGGTGGTG,sense,plus,AR
GGCGGCGAGGCGGGAGCTGT,AGC,0,1413,67546560,0,GGCGGCGAGGCGGGAGCTGT,sense,plus,AR
GCGGGAGCTGTAGCCCCCTA,CGG,0,1422,67546569,0,GCGGGAGCTGTAGCCCCCTA,sense,plus,AR
CGGGAGCTGTAGCCCCCTAC,GGC,1,1423,67546570,0,CGGGAGCTGTAGCCCCCTAC,sense,plus,AR
CGGCTACACTCGGCCCCCTC,AGG,2,1442,67546589,0,CGGCTACACTCGGCCCCCTC,sense,plus,AR
GGCTACACTCGGCCCCCTCA,GGG,0,1443,67546590,0,GGCTACACTCGGCCCCCTCA,sense,plus,AR
GCTACACTCGGCCCCCTCAG,GGG,1,1444,67546591,0,GCTACACTCGGCCCCCTCAG,sense,plus,AR
CTACACTCGGCCCCCTCAGG,GGC,2,1445,67546592,0,CTACACTCGGCCCCCTCAGG,sense,plus,AR
CCCTCAGGGGCTGGCGGGCC,AGG,2,1457,67546604,0,CCCTCAGGGGCTGGCGGGCC,sense,plus,AR
CCTCAGGGGCTGGCGGGCCA,GGA,0,1458,67546605,0,CCTCAGGGGCTGGCGGGCCA,sense,plus,AR
GGCCAGGAAAGCGACTTCAC,CGC,0,1473,67546620,0,GGCCAGGAAAGCGACTTCAC,sense,plus,AR
GAAAGCGACTTCACCGCACC,TGA,0,1479,67546626,0,GAAAGCGACTTCACCGCACC,sense,plus,AR
AGCGACTTCACCGCACCTGA,TGT,0,1482,67546629,0,AGCGACTTCACCGCACCTGA,sense,plus,AR
CGACTTCACCGCACCTGATG,TGT,2,1484,67546631,0,CGACTTCACCGCACCTGATG,sense,plus,AR
ACTTCACCGCACCTGATGTG,TGG,1,1486,67546633,0,ACTTCACCGCACCTGATGTG,sense,plus,AR
CTTCACCGCACCTGATGTGT,GGT,2,1487,67546634,0,CTTCACCGCACCTGATGTGT,sense,plus,AR
GCACCTGATGTGTGGTACCC,TGG,0,1494,67546641,0,GCACCTGATGTGTGGTACCC,sense,plus,AR
CACCTGATGTGTGGTACCCT,GGC,1,1495,67546642,0,CACCTGATGTGTGGTACCCT,sense,plus,AR
CCTGATGTGTGGTACCCTGG,CGG,0,1497,67546644,0,CCTGATGTGTGGTACCCTGG,sense,plus,AR
CTGATGTGTGGTACCCTGGC,GGC,1,1498,67546645,0,CTGATGTGTGGTACCCTGGC,sense,plus,AR
GTGTGGTACCCTGGCGGCAT,GGT,0,1503,67546650,0,GTGTGGTACCCTGGCGGCAT,sense,plus,AR
GTGGTACCCTGGCGGCATGG,TGA,2,1505,67546652,0,GTGGTACCCTGGCGGCATGG,sense,plus,AR
GGTACCCTGGCGGCATGGTG,AGC,1,1507,67546654,0,GGTACCCTGGCGGCATGGTG,sense,plus,AR
TGGCGGCATGGTGAGCAGAG,TGC,2,1514,67546661,0,TGGCGGCATGGTGAGCAGAG,sense,plus,AR
TGAGCAGAGTGCCCTATCCC,AGT,1,1525,67546672,0,TGAGCAGAGTGCCCTATCCC,sense,plus,AR
TGCCCTATCCCAGTCCCACT,TGT,1,1534,67546681,0,TGCCCTATCCCAGTCCCACT,sense,plus,AR
CCCTATCCCAGTCCCACTTG,TGT,0,1536,67546683,0,CCCTATCCCAGTCCCACTTG,sense,plus,AR
AGTCCCACTTGTGTCAAAAG,CGA,0,1545,67546692,0,AGTCCCACTTGTGTCAAAAG,sense,plus,AR
TCAAAAGCGAAATGGGCCCC,TGG,1,1558,67546705,0,TCAAAAGCGAAATGGGCCCC,sense,plus,AR
CAAAAGCGAAATGGGCCCCT,GGA,2,1559,67546706,0,CAAAAGCGAAATGGGCCCCT,sense,plus,AR
AAGCGAAATGGGCCCCTGGA,TGG,2,1562,67546709,0,AAGCGAAATGGGCCCCTGGA,sense,plus,AR
AGCGAAATGGGCCCCTGGAT,GGA,0,1563,67546710,0,AGCGAAATGGGCCCCTGGAT,sense,plus,AR
CCCTGGATGGATAGCTACTC,CGG,0,1575,67546722,0,CCCTGGATGGATAGCTACTC,sense,plus,AR
CCTGGATGGATAGCTACTCC,GGA,1,1576,67546723,0,CCTGGATGGATAGCTACTCC,sense,plus,AR
GATAGCTACTCCGGACCTTA,CGG,0,1584,67546731,0,GATAGCTACTCCGGACCTTA,sense,plus,AR
ATAGCTACTCCGGACCTTAC,GGG,1,1585,67546732,0,ATAGCTACTCCGGACCTTAC,sense,plus,AR
TAGCTACTCCGGACCTTACG,GGG,2,1586,67546733,0,TAGCTACTCCGGACCTTACG,sense,plus,AR
AGCTACTCCGGACCTTACGG,GGA,0,1587,67546734,0,AGCTACTCCGGACCTTACGG,sense,plus,AR
CTCCGGACCTTACGGGGACA,TGC,2,1592,67546739,0,CTCCGGACCTTACGGGGACA,sense,plus,AR
CCGGACCTTACGGGGACATG,CGg,1,1594,67546741,0,CCGGACCTTACGGGGACATG,sense,plus,AR
CGGACCTTACGGGGACATGC,Ggt,2,1595,67546742,0,CGGACCTTACGGGGACATGC,sense,plus,AR
CCTTACGGGGACATGCGgta,agt,0,1599,67546746,0,CCTTACGGGGACATGCGgta,sense,plus,AR
TTGGAGACTGCCAGGGACCA,TGT,0,1617,67643257,1,TTGGAGACTGCCAGGGACCA,sense,plus,AR
GACTGCCAGGGACCATGTTT,TGC,2,1622,67643262,1,GACTGCCAGGGACCATGTTT,sense,plus,AR
AGGGACCATGTTTTGCCCAT,TGA,0,1629,67643269,1,AGGGACCATGTTTTGCCCAT,sense,plus,AR
TGACTATTACTTTCCACCCC,AGA,2,1649,67643289,1,TGACTATTACTTTCCACCCC,sense,plus,AR
CTATTACTTTCCACCCCAGA,AGA,2,1652,67643292,1,CTATTACTTTCCACCCCAGA,sense,plus,AR
ACTTTCCACCCCAGAAGACC,TGC,1,1657,67643297,1,ACTTTCCACCCCAGAAGACC,sense,plus,AR
TCCACCCCAGAAGACCTGCC,TGA,2,1661,67643301,1,TCCACCCCAGAAGACCTGCC,sense,plus,AR
CCCAGAAGACCTGCCTGATC,TGT,1,1666,67643306,1,CCCAGAAGACCTGCCTGATC,sense,plus,AR
CAGAAGACCTGCCTGATCTG,TGG,0,1668,67643308,1,CAGAAGACCTGCCTGATCTG,sense,plus,AR
AGAAGACCTGCCTGATCTGT,GGA,1,1669,67643309,1,AGAAGACCTGCCTGATCTGT,sense,plus,AR
AAGACCTGCCTGATCTGTGG,AGA,0,1671,67643311,1,AAGACCTGCCTGATCTGTGG,sense,plus,AR
TGCCTGATCTGTGGAGATGA,AGC,0,1677,67643317,1,TGCCTGATCTGTGGAGATGA,sense,plus,AR
TCTGTGGAGATGAAGCTTCT,GGG,1,1684,67643324,1,TCTGTGGAGATGAAGCTTCT,sense,plus,AR
CTGTGGAGATGAAGCTTCTG,GGT,2,1685,67643325,1,CTGTGGAGATGAAGCTTCTG,sense,plus,AR
GTGGAGATGAAGCTTCTGGG,TGT,1,1687,67643327,1,GTGGAGATGAAGCTTCTGGG,sense,plus,AR
GTCACTATGGAGCTCTCACA,TGT,1,1708,67643348,1,GTCACTATGGAGCTCTCACA,sense,plus,AR
CACTATGGAGCTCTCACATG,TGG,0,1710,67643350,1,CACTATGGAGCTCTCACATG,sense,plus,AR
ACTATGGAGCTCTCACATGT,GGA,1,1711,67643351,1,ACTATGGAGCTCTCACATGT,sense,plus,AR
ATGGAGCTCTCACATGTGGA,AGC,1,1714,67643354,1,ATGGAGCTCTCACATGTGGA,sense,plus,AR
TCTCACATGTGGAAGCTGCA,AGG,2,1721,67643361,1,TCTCACATGTGGAAGCTGCA,sense,plus,AR
CTCACATGTGGAAGCTGCAA,GGT,0,1722,67643362,1,CTCACATGTGGAAGCTGCAA,sense,plus,AR
GCTGCAAGGTCTTCTTCAAA,AGA,1,1735,67643375,1,GCTGCAAGGTCTTCTTCAAA,sense,plus,AR
TGCAAGGTCTTCTTCAAAAG,AGC,0,1737,67643377,1,TGCAAGGTCTTCTTCAAAAG,sense,plus,AR
TTCTTCAAAAGAGCCGCTGA,AGg,0,1746,67643386,1,TTCTTCAAAAGAGCCGCTGA,sense,plus,AR
TCTTCAAAAGAGCCGCTGAA,Ggt,1,1747,67643387,1,TCTTCAAAAGAGCCGCTGAA,sense,plus,AR
AAAAGAGCCGCTGAAGgtaa,agg,0,1752,67643392,1,AAAAGAGCCGCTGAAGgtaa,sense,plus,AR
AAAGAGCCGCTGAAGgtaaa,ggg,1,1753,67643393,1,AAAGAGCCGCTGAAGgtaaa,sense,plus,AR
AAGAGCCGCTGAAGgtaaag,ggt,2,1754,67643394,1,AAGAGCCGCTGAAGgtaaag,sense,plus,AR
CCGCTGAAGgtaaagggtct,tgc,1,1759,67643399,1,CCGCTGAAGgtaaagggtct,sense,plus,AR
cccagGGAAACAGAAGTACC,TGT,2,1763,67686005,2,cccagGGAAACAGAAGTACC,sense,plus,AR
cagGGAAACAGAAGTACCTG,TGC,1,1765,67686007,2,cagGGAAACAGAAGTACCTG,sense,plus,AR
gGGAAACAGAAGTACCTGTG,CGC,0,1767,67686009,2,gGGAAACAGAAGTACCTGTG,sense,plus,AR
AACAGAAGTACCTGTGCGCC,AGC,1,1771,67686013,2,AACAGAAGTACCTGTGCGCC,sense,plus,AR
AGAAGTACCTGTGCGCCAGC,AGA,1,1774,67686016,2,AGAAGTACCTGTGCGCCAGC,sense,plus,AR
AGCAGAAATGATTGCACTAT,TGA,0,1791,67686033,2,AGCAGAAATGATTGCACTAT,sense,plus,AR
ATTGCACTATTGATAAATTC,CGA,1,1801,67686043,2,ATTGCACTATTGATAAATTC,sense,plus,AR
GCACTATTGATAAATTCCGA,AGG,1,1804,67686046,2,GCACTATTGATAAATTCCGA,sense,plus,AR
CACTATTGATAAATTCCGAA,GGA,2,1805,67686047,2,CACTATTGATAAATTCCGAA,sense,plus,AR
ATAAATTCCGAAGGAAAAAT,TGT,1,1813,67686055,2,ATAAATTCCGAAGGAAAAAT,sense,plus,AR
GAAGGAAAAATTGTCCATCT,TGT,1,1822,67686064,2,GAAGGAAAAATTGTCCATCT,sense,plus,AR
GGAAAAATTGTCCATCTTGT,CGT,1,1825,67686067,2,GGAAAAATTGTCCATCTTGT,sense,plus,AR
ATTGTCCATCTTGTCGTCTT,CGG,1,1831,67686073,2,ATTGTCCATCTTGTCGTCTT,sense,plus,AR
TTGTCCATCTTGTCGTCTTC,GGA,2,1832,67686074,2,TTGTCCATCTTGTCGTCTTC,sense,plus,AR
CTTCGGAAATGTTATGAAGC,AGG,0,1848,67686090,2,CTTCGGAAATGTTATGAAGC,sense,plus,AR
TTCGGAAATGTTATGAAGCA,GGG,1,1849,67686091,2,TTCGGAAATGTTATGAAGCA,sense,plus,AR
TCGGAAATGTTATGAAGCAG,GGA,2,1850,67686092,2,TCGGAAATGTTATGAAGCAG,sense,plus,AR
GAAATGTTATGAAGCAGGGA,TGA,2,1853,67686095,2,GAAATGTTATGAAGCAGGGA,sense,plus,AR
TTATGAAGCAGGGATGACTC,TGG,2,1859,67686101,2,TTATGAAGCAGGGATGACTC,sense,plus,AR
TATGAAGCAGGGATGACTCT,GGG,0,1860,67686102,2,TATGAAGCAGGGATGACTCT,sense,plus,AR
ATGAAGCAGGGATGACTCTG,GGA,1,1861,67686103,2,ATGAAGCAGGGATGACTCTG,sense,plus,AR
GAAGCAGGGATGACTCTGGG,AGg,0,1863,67686105,2,GAAGCAGGGATGACTCTGGG,sense,plus,AR
AAGCAGGGATGACTCTGGGA,Ggt,1,1864,67686106,2,AAGCAGGGATGACTCTGGGA,sense,plus,AR
AGGGATGACTCTGGGAGgta,aga,2,1868,67686110,2,AGGGATGACTCTGGGAGgta,sense,plus,AR
gCCCGGAAGCTGAAGAAACT,TGG,0,1884,67711401,3,gCCCGGAAGCTGAAGAAACT,sense,plus,AR
CCCGGAAGCTGAAGAAACTT,GGT,1,1885,67711402,3,CCCGGAAGCTGAAGAAACTT,sense,plus,AR
GCTGAAGAAACTTGGTAATC,TGA,2,1892,67711409,3,GCTGAAGAAACTTGGTAATC,sense,plus,AR
ACTTGGTAATCTGAAACTAC,AGG,2,1901,67711418,3,ACTTGGTAATCTGAAACTAC,sense,plus,AR
CTTGGTAATCTGAAACTACA,GGA,0,1902,67711419,3,CTTGGTAATCTGAAACTACA,sense,plus,AR
TGGTAATCTGAAACTACAGG,AGG,2,1904,67711421,3,TGGTAATCTGAAACTACAGG,sense,plus,AR
GGTAATCTGAAACTACAGGA,GGA,0,1905,67711422,3,GGTAATCTGAAACTACAGGA,sense,plus,AR
AATCTGAAACTACAGGAGGA,AGG,0,1908,67711425,3,AATCTGAAACTACAGGAGGA,sense,plus,AR
ATCTGAAACTACAGGAGGAA,GGA,1,1909,67711426,3,ATCTGAAACTACAGGAGGAA,sense,plus,AR
CTGAAACTACAGGAGGAAGG,AGA,0,1911,67711428,3,CTGAAACTACAGGAGGAAGG,sense,plus,AR
GAAACTACAGGAGGAAGGAG,AGG,2,1913,67711430,3,GAAACTACAGGAGGAAGGAG,sense,plus,AR
AAACTACAGGAGGAAGGAGA,GGC,0,1914,67711431,3,AAACTACAGGAGGAAGGAGA,sense,plus,AR
AGGAGGAAGGAGAGGCTTCC,AGC,1,1921,67711438,3,AGGAGGAAGGAGAGGCTTCC,sense,plus,AR
GAGAGGCTTCCAGCACCACC,AGC,1,1930,67711447,3,GAGAGGCTTCCAGCACCACC,sense,plus,AR
TCCAGCACCACCAGCCCCAC,TGA,0,1938,67711455,3,TCCAGCACCACCAGCCCCAC,sense,plus,AR
CAGCACCACCAGCCCCACTG,AGG,2,1940,67711457,3,CAGCACCACCAGCCCCACTG,sense,plus,AR
AGCACCACCAGCCCCACTGA,GGA,0,1941,67711458,3,AGCACCACCAGCCCCACTGA,sense,plus,AR
CACCACCAGCCCCACTGAGG,AGA,2,1943,67711460,3,CACCACCAGCCCCACTGAGG,sense,plus,AR
CCCCACTGAGGAGACAACCC,AGA,2,1952,67711469,3,CCCCACTGAGGAGACAACCC,sense,plus,AR
CACTGAGGAGACAACCCAGA,AGC,2,1955,67711472,3,CACTGAGGAGACAACCCAGA,sense,plus,AR
TGAGGAGACAACCCAGAAGC,TGA,2,1958,67711475,3,TGAGGAGACAACCCAGAAGC,sense,plus,AR
GAGACAACCCAGAAGCTGAC,AGT,0,1962,67711479,3,GAGACAACCCAGAAGCTGAC,sense,plus,AR
GACAACCCAGAAGCTGACAG,TGT,2,1964,67711481,3,GACAACCCAGAAGCTGACAG,sense,plus,AR
AAGCTGACAGTGTCACACAT,TGA,0,1974,67711491,3,AAGCTGACAGTGTCACACAT,sense,plus,AR
CTGACAGTGTCACACATTGA,AGG,0,1977,67711494,3,CTGACAGTGTCACACATTGA,sense,plus,AR
TGACAGTGTCACACATTGAA,GGC,1,1978,67711495,3,TGACAGTGTCACACATTGAA,sense,plus,AR
GTGTCACACATTGAAGGCTA,TGA,0,1983,67711500,3,GTGTCACACATTGAAGGCTA,sense,plus,AR
CACACATTGAAGGCTATGAA,TGT,1,1987,67711504,3,CACACATTGAAGGCTATGAA,sense,plus,AR
CATTGAAGGCTATGAATGTC,AGC,2,1991,67711508,3,CATTGAAGGCTATGAATGTC,sense,plus,AR
TGAATGTCAGCCCATCTTTC,TGA,2,2003,67711520,3,TGAATGTCAGCCCATCTTTC,sense,plus,AR
TGTCAGCCCATCTTTCTGAA,TGT,0,2007,67711524,3,TGTCAGCCCATCTTTCTGAA,sense,plus,AR
GCCCATCTTTCTGAATGTCC,TGG,2,2012,67711529,3,GCCCATCTTTCTGAATGTCC,sense,plus,AR
CCCATCTTTCTGAATGTCCT,GGA,0,2013,67711530,3,CCCATCTTTCTGAATGTCCT,sense,plus,AR
CTGAATGTCCTGGAAGCCAT,TGA,0,2022,67711539,3,CTGAATGTCCTGGAAGCCAT,sense,plus,AR
GTCCTGGAAGCCATTGAGCC,AGG,0,2028,67711545,3,GTCCTGGAAGCCATTGAGCC,sense,plus,AR
TCCTGGAAGCCATTGAGCCA,GGT,1,2029,67711546,3,TCCTGGAAGCCATTGAGCCA,sense,plus,AR
CTGGAAGCCATTGAGCCAGG,TGT,0,2031,67711548,3,CTGGAAGCCATTGAGCCAGG,sense,plus,AR
GAAGCCATTGAGCCAGGTGT,AGT,0,2034,67711551,3,GAAGCCATTGAGCCAGGTGT,sense,plus,AR
AGCCATTGAGCCAGGTGTAG,TGT,2,2036,67711553,3,AGCCATTGAGCCAGGTGTAG,sense,plus,AR
CCATTGAGCCAGGTGTAGTG,TGT,1,2038,67711555,3,CCATTGAGCCAGGTGTAGTG,sense,plus,AR
ATTGAGCCAGGTGTAGTGTG,TGC,0,2040,67711557,3,ATTGAGCCAGGTGTAGTGTG,sense,plus,AR
GAGCCAGGTGTAGTGTGTGC,TGG,0,2043,67711560,3,GAGCCAGGTGTAGTGTGTGC,sense,plus,AR
AGCCAGGTGTAGTGTGTGCT,GGA,1,2044,67711561,3,AGCCAGGTGTAGTGTGTGCT,sense,plus,AR
GGTGTAGTGTGTGCTGGACA,CGA,0,2049,67711566,3,GGTGTAGTGTGTGCTGGACA,sense,plus,AR
TGCTGGACACGACAACAACC,AGC,2,2060,67711577,3,TGCTGGACACGACAACAACC,sense,plus,AR
GGACACGACAACAACCAGCC,CGA,0,2064,67711581,3,GGACACGACAACAACCAGCC,sense,plus,AR
AACAACCAGCCCGACTCCTT,TGC,0,2073,67711590,3,AACAACCAGCCCGACTCCTT,sense,plus,AR
AACCAGCCCGACTCCTTTGC,AGC,0,2076,67711593,3,AACCAGCCCGACTCCTTTGC,sense,plus,AR
GCCCGACTCCTTTGCAGCCT,TGC,2,2081,67711598,3,GCCCGACTCCTTTGCAGCCT,sense,plus,AR
CCTTTGCAGCCTTGCTCTCT,AGC,1,2089,67711606,3,CCTTTGCAGCCTTGCTCTCT,sense,plus,AR
GCTCTCTAGCCTCAATGAAC,TGG,2,2102,67711619,3,GCTCTCTAGCCTCAATGAAC,sense,plus,AR
CTCTCTAGCCTCAATGAACT,GGG,0,2103,67711620,3,CTCTCTAGCCTCAATGAACT,sense,plus,AR
TCTCTAGCCTCAATGAACTG,GGA,1,2104,67711621,3,TCTCTAGCCTCAATGAACTG,sense,plus,AR
TCTAGCCTCAATGAACTGGG,AGA,0,2106,67711623,3,TCTAGCCTCAATGAACTGGG,sense,plus,AR
TAGCCTCAATGAACTGGGAG,AGA,2,2108,67711625,3,TAGCCTCAATGAACTGGGAG,sense,plus,AR
GCCTCAATGAACTGGGAGAG,AGA,1,2110,67711627,3,GCCTCAATGAACTGGGAGAG,sense,plus,AR
CAATGAACTGGGAGAGAGAC,AGC,2,2114,67711631,3,CAATGAACTGGGAGAGAGAC,sense,plus,AR
GGAGAGAGACAGCTTGTACA,CGT,0,2124,67711641,3,GGAGAGAGACAGCTTGTACA,sense,plus,AR
AGAGAGACAGCTTGTACACG,TGG,2,2126,67711643,3,AGAGAGACAGCTTGTACACG,sense,plus,AR
GAGAGACAGCTTGTACACGT,GGT,0,2127,67711644,3,GAGAGACAGCTTGTACACGT,sense,plus,AR
AGCTTGTACACGTGGTCAAG,TGG,1,2134,67711651,3,AGCTTGTACACGTGGTCAAG,sense,plus,AR
GCTTGTACACGTGGTCAAGT,GGG,2,2135,67711652,3,GCTTGTACACGTGGTCAAGT,sense,plus,AR
CTTGTACACGTGGTCAAGTG,GGC,0,2136,67711653,3,CTTGTACACGTGGTCAAGTG,sense,plus,AR
GGTCAAGTGGGCCAAGGCCT,TGC,2,2147,67711664,3,GGTCAAGTGGGCCAAGGCCT,sense,plus,AR
GGCCAAGGCCTTGCCTGgta,agg,2,2156,67711673,3,GGCCAAGGCCTTGCCTGgta,sense,plus,AR
GCCAAGGCCTTGCCTGgtaa,gga,0,2157,67711674,3,GCCAAGGCCTTGCCTGgtaa,sense,plus,AR
TTCCGCAACTTACACGTGGA,CGA,0,2175,67717480,4,TTCCGCAACTTACACGTGGA,sense,plus,AR
CAACTTACACGTGGACGACC,AGA,2,2180,67717485,4,CAACTTACACGTGGACGACC,sense,plus,AR
CTTACACGTGGACGACCAGA,TGG,2,2183,67717488,4,CTTACACGTGGACGACCAGA,sense,plus,AR
TTACACGTGGACGACCAGAT,GGC,0,2184,67717489,4,TTACACGTGGACGACCAGAT,sense,plus,AR
CACGTGGACGACCAGATGGC,TGT,0,2187,67717492,4,CACGTGGACGACCAGATGGC,sense,plus,AR
CGACCAGATGGCTGTCATTC,AGT,2,2195,67717500,4,CGACCAGATGGCTGTCATTC,sense,plus,AR
GGCTGTCATTCAGTACTCCT,GGA,2,2204,67717509,4,GGCTGTCATTCAGTACTCCT,sense,plus,AR
TGTCATTCAGTACTCCTGGA,TGG,2,2207,67717512,4,TGTCATTCAGTACTCCTGGA,sense,plus,AR
GTCATTCAGTACTCCTGGAT,GGG,0,2208,67717513,4,GTCATTCAGTACTCCTGGAT,sense,plus,AR
TCATTCAGTACTCCTGGATG,GGG,1,2209,67717514,4,TCATTCAGTACTCCTGGATG,sense,plus,AR
CATTCAGTACTCCTGGATGG,GGC,2,2210,67717515,4,CATTCAGTACTCCTGGATGG,sense,plus,AR
CTCCTGGATGGGGCTCATGG,TGT,2,2219,67717524,4,CTCCTGGATGGGGCTCATGG,sense,plus,AR
TGGATGGGGCTCATGGTGTT,TGC,0,2223,67717528,4,TGGATGGGGCTCATGGTGTT,sense,plus,AR
GGGGCTCATGGTGTTTGCCA,TGG,2,2228,67717533,4,GGGGCTCATGGTGTTTGCCA,sense,plus,AR
GGGCTCATGGTGTTTGCCAT,GGG,0,2229,67717534,4,GGGCTCATGGTGTTTGCCAT,sense,plus,AR
GGCTCATGGTGTTTGCCATG,GGC,1,2230,67717535,4,GGCTCATGGTGTTTGCCATG,sense,plus,AR
CCTTCACCAATGTCAACTCC,AGG,1,2260,67717565,4,CCTTCACCAATGTCAACTCC,sense,plus,AR
CTTCACCAATGTCAACTCCA,GGA,2,2261,67717566,4,CTTCACCAATGTCAACTCCA,sense,plus,AR
CACCAATGTCAACTCCAGGA,TGC,2,2264,67717569,4,CACCAATGTCAACTCCAGGA,sense,plus,AR
AACTCCAGGATGCTCTACTT,CGC,0,2274,67717579,4,AACTCCAGGATGCTCTACTT,sense,plus,AR
AGGATGCTCTACTTCGCCCC,TGA,0,2280,67717585,4,AGGATGCTCTACTTCGCCCC,sense,plus,AR
GCTCTACTTCGCCCCTGATC,TGG,2,2285,67717590,4,GCTCTACTTCGCCCCTGATC,sense,plus,AR
CTCTACTTCGCCCCTGATCT,GGT,0,2286,67717591,4,CTCTACTTCGCCCCTGATCT,sense,plus,AR
GCCCCTGATCTGGTTTTCAA,TGA,0,2295,67717600,4,GCCCCTGATCTGGTTTTCAA,sense,plus,AR
CCCTGATCTGGTTTTCAATG,Agt,2,2297,67717602,4,CCCTGATCTGGTTTTCAATG,sense,plus,AR
TTTCAATGAgtaagtgctcc,tgg,2,2309,67717614,4,TTTCAATGAgtaagtgctcc,sense,plus,AR
TTCAATGAgtaagtgctcct,ggg,0,2310,67717615,4,TTCAATGAgtaagtgctcct,sense,plus,AR
TCAATGAgtaagtgctcctg,ggg,1,2311,67717616,4,TCAATGAgtaagtgctcctg,sense,plus,AR
CAATGAgtaagtgctcctgg,ggc,2,2312,67717617,4,CAATGAgtaagtgctcctgg,sense,plus,AR
gGTACCGCATGCACAAGTCC,CGG,1,2317,67721832,5,gGTACCGCATGCACAAGTCC,sense,plus,AR
GTACCGCATGCACAAGTCCC,GGA,2,2318,67721833,5,GTACCGCATGCACAAGTCCC,sense,plus,AR
CCGCATGCACAAGTCCCGGA,TGT,2,2321,67721836,5,CCGCATGCACAAGTCCCGGA,sense,plus,AR
TGCACAAGTCCCGGATGTAC,AGC,1,2326,67721841,5,TGCACAAGTCCCGGATGTAC,sense,plus,AR
TCCCGGATGTACAGCCAGTG,TGT,0,2334,67721849,5,TCCCGGATGTACAGCCAGTG,sense,plus,AR
GGATGTACAGCCAGTGTGTC,CGA,1,2338,67721853,5,GGATGTACAGCCAGTGTGTC,sense,plus,AR
GTACAGCCAGTGTGTCCGAA,TGA,2,2342,67721857,5,GTACAGCCAGTGTGTCCGAA,sense,plus,AR
ACAGCCAGTGTGTCCGAATG,AGG,1,2344,67721859,5,ACAGCCAGTGTGTCCGAATG,sense,plus,AR
CAGCCAGTGTGTCCGAATGA,GGC,2,2345,67721860,5,CAGCCAGTGTGTCCGAATGA,sense,plus,AR
CGAATGAGGCACCTCTCTCA,AGA,0,2358,67721873,5,CGAATGAGGCACCTCTCTCA,sense,plus,AR
AATGAGGCACCTCTCTCAAG,AGT,2,2360,67721875,5,AATGAGGCACCTCTCTCAAG,sense,plus,AR
AGGCACCTCTCTCAAGAGTT,TGG,0,2364,67721879,5,AGGCACCTCTCTCAAGAGTT,sense,plus,AR
GGCACCTCTCTCAAGAGTTT,GGA,1,2365,67721880,5,GGCACCTCTCTCAAGAGTTT,sense,plus,AR
TGGCTCCAAATCACCCCCCA,GGA,0,2388,67721903,5,TGGCTCCAAATCACCCCCCA,sense,plus,AR
AATCACCCCCCAGGAATTCC,TGT,2,2396,67721911,5,AATCACCCCCCAGGAATTCC,sense,plus,AR
CCCCCAGGAATTCCTGTGCA,TGA,2,2402,67721917,5,CCCCCAGGAATTCCTGTGCA,sense,plus,AR
CAGGAATTCCTGTGCATGAA,AGC,0,2406,67721921,5,CAGGAATTCCTGTGCATGAA,sense,plus,AR
TGAAAGCACTGCTACTCTTC,AGC,1,2422,67721937,5,TGAAAGCACTGCTACTCTTC,sense,plus,AR
CACTGCTACTCTTCAGCATT,Agt,1,2428,67721943,5,CACTGCTACTCTTCAGCATT,sense,plus,AR
GCTACTCTTCAGCATTAgta,agt,2,2432,67721947,5,GCTACTCTTCAGCATTAgta,sense,plus,AR
TTCAGCATTAgtaagtgcct,aga,0,2439,67721954,5,TTCAGCATTAgtaagtgcct,sense,plus,AR
AGCATTAgtaagtgcctaga,agt,0,2442,67721957,5,AGCATTAgtaagtgcctaga,sense,plus,AR
CATTAgtaagtgcctagaag,tgc,2,2444,67721959,5,CATTAgtaagtgcctagaag,sense,plus,AR
CTGAAAAATCAAAAATTCTT,TGA,0,2463,67722841,6,CTGAAAAATCAAAAATTCTT,sense,plus,AR
AAAAATCAAAAATTCTTTGA,TGA,0,2466,67722844,6,AAAAATCAAAAATTCTTTGA,sense,plus,AR
AAAAATTCTTTGATGAACTT,CGA,1,2473,67722851,6,AAAAATTCTTTGATGAACTT,sense,plus,AR
ACTTCGAATGAACTACATCA,AGG,2,2489,67722867,6,ACTTCGAATGAACTACATCA,sense,plus,AR
CTTCGAATGAACTACATCAA,GGA,0,2490,67722868,6,CTTCGAATGAACTACATCAA,sense,plus,AR
ATGAACTACATCAAGGAACT,CGA,0,2496,67722874,6,ATGAACTACATCAAGGAACT,sense,plus,AR
ACTACATCAAGGAACTCGAT,CGT,1,2500,67722878,6,ACTACATCAAGGAACTCGAT,sense,plus,AR
AAGGAACTCGATCGTATCAT,TGC,0,2508,67722886,6,AAGGAACTCGATCGTATCAT,sense,plus,AR
AACTCGATCGTATCATTGCA,TGC,1,2512,67722890,6,AACTCGATCGTATCATTGCA,sense,plus,AR
ATCGTATCATTGCATGCAAA,AGA,1,2518,67722896,6,ATCGTATCATTGCATGCAAA,sense,plus,AR
AAAGAAAAAATCCCACATCC,TGC,1,2536,67722914,6,AAAGAAAAAATCCCACATCC,sense,plus,AR
AAAATCCCACATCCTGCTCA,AGA,1,2542,67722920,6,AAAATCCCACATCCTGCTCA,sense,plus,AR
ATCCCACATCCTGCTCAAGA,CGC,1,2545,67722923,6,ATCCCACATCCTGCTCAAGA,sense,plus,AR
CTGCTCAAGACGCTTCTACC,AGC,2,2555,67722933,6,CTGCTCAAGACGCTTCTACC,sense,plus,AR
CTACCAGCTCACCAAGCTCC,TGG,2,2570,67722948,6,CTACCAGCTCACCAAGCTCC,sense,plus,AR
TACCAGCTCACCAAGCTCCT,GGA,0,2571,67722949,6,TACCAGCTCACCAAGCTCCT,sense,plus,AR
CTCACCAAGCTCCTGGACTC,CGT,0,2577,67722955,6,CTCACCAAGCTCCTGGACTC,sense,plus,AR
CACCAAGCTCCTGGACTCCG,TGC,2,2579,67722957,6,CACCAAGCTCCTGGACTCCG,sense,plus,AR
CTCCTGGACTCCGTGCAGCC,Tgt,0,2586,67722964,6,CTCCTGGACTCCGTGCAGCC,sense,plus,AR
TGGACTCCGTGCAGCCTgta,agc,1,2590,67722968,6,TGGACTCCGTGCAGCCTgta,sense,plus,AR
CCGTGCAGCCTgtaagcaaa,cga,1,2596,67722974,6,CCGTGCAGCCTgtaagcaaa,sense,plus,AR
TGCAGCCTgtaagcaaacga,tgg,1,2599,67722977,6,TGCAGCCTgtaagcaaacga,sense,plus,AR
cctacagATTGCGAGAGAGC,TGC,2,2600,67723679,7,cctacagATTGCGAGAGAGC,sense,plus,AR
gATTGCGAGAGAGCTGCATC,AGT,2,2606,67723685,7,gATTGCGAGAGAGCTGCATC,sense,plus,AR
GAGCTGCATCAGTTCACTTT,TGA,0,2616,67723695,7,GAGCTGCATCAGTTCACTTT,sense,plus,AR
GCATCAGTTCACTTTTGACC,TGC,2,2621,67723700,7,GCATCAGTTCACTTTTGACC,sense,plus,AR
CCTGCTAATCAAGTCACACA,TGG,2,2639,67723718,7,CCTGCTAATCAAGTCACACA,sense,plus,AR
CTGCTAATCAAGTCACACAT,GGT,0,2640,67723719,7,CTGCTAATCAAGTCACACAT,sense,plus,AR
GCTAATCAAGTCACACATGG,TGA,2,2642,67723721,7,GCTAATCAAGTCACACATGG,sense,plus,AR
TAATCAAGTCACACATGGTG,AGC,1,2644,67723723,7,TAATCAAGTCACACATGGTG,sense,plus,AR
ATCAAGTCACACATGGTGAG,CGT,0,2646,67723725,7,ATCAAGTCACACATGGTGAG,sense,plus,AR
CAAGTCACACATGGTGAGCG,TGG,2,2648,67723727,7,CAAGTCACACATGGTGAGCG,sense,plus,AR
AAGTCACACATGGTGAGCGT,GGA,0,2649,67723728,7,AAGTCACACATGGTGAGCGT,sense,plus,AR
CATGGTGAGCGTGGACTTTC,CGG,2,2657,67723736,7,CATGGTGAGCGTGGACTTTC,sense,plus,AR
ATGGTGAGCGTGGACTTTCC,GGA,0,2658,67723737,7,ATGGTGAGCGTGGACTTTCC,sense,plus,AR
CGTGGACTTTCCGGAAATGA,TGG,2,2666,67723745,7,CGTGGACTTTCCGGAAATGA,sense,plus,AR
GTGGACTTTCCGGAAATGAT,GGC,0,2667,67723746,7,GTGGACTTTCCGGAAATGAT,sense,plus,AR
ATGATGGCAGAGATCATCTC,TGT,0,2682,67723761,7,ATGATGGCAGAGATCATCTC,sense,plus,AR
GATGGCAGAGATCATCTCTG,TGC,2,2684,67723763,7,GATGGCAGAGATCATCTCTG,sense,plus,AR
GCAGAGATCATCTCTGTGCA,AGT,0,2688,67723767,7,GCAGAGATCATCTCTGTGCA,sense,plus,AR
AGAGATCATCTCTGTGCAAG,TGC,2,2690,67723769,7,AGAGATCATCTCTGTGCAAG,sense,plus,AR
AGTGCCCAAGATCCTTTCTG,GGA,2,2708,67723787,7,AGTGCCCAAGATCCTTTCTG,sense,plus,AR
CCCAAGATCCTTTCTGGGAA,AGT,0,2712,67723791,7,CCCAAGATCCTTTCTGGGAA,sense,plus,AR
GCCCATCTATTTCCACACCC,AGT,2,2738,67723817,7,GCCCATCTATTTCCACACCC,sense,plus,AR
CCATCTATTTCCACACCCAG,TGA,1,2740,67723819,7,CCATCTATTTCCACACCCAG,sense,plus,AR
TCTATTTCCACACCCAGTGA,agc,1,2743,67723822,7,TCTATTTCCACACCCAGTGA,sense,plus,AR
TTCCACACCCAGTGAagcat,tgg,0,2748,67723827,7,TTCCACACCCAGTGAagcat,sense,plus,AR
TCCACACCCAGTGAagcatt,gga,1,2749,67723828,7,TCCACACCCAGTGAagcatt,sense,plus,AR
CTTCCATccttgagcttggc,tga,0,6,67545153,0,gccaagctcaaggATGGAAG,antisense,plus,AR
TGCACTTCCATccttgagct,tgg,1,10,67545157,0,agctcaaggATGGAAGTGCA,antisense,plus,AR
TAACTGCACTTCCATccttg,agc,2,14,67545161,0,caaggATGGAAGTGCAGTTA,antisense,plus,AR
CCTAACTGCACTTCCATcct,tga,1,16,67545163,0,aggATGGAAGTGCAGTTAGG,antisense,plus,AR
GCCGAGGGTAGACCCTTCCC,AGC,0,39,67545186,0,GGGAAGGGTCTACCCTCGGC,antisense,plus,AR
CTTGGACGGCGGCCGAGGGT,AGA,2,50,67545197,0,ACCCTCGGCCGCCGTCCAAG,antisense,plus,AR
GGTAGGTCTTGGACGGCGGC,CGA,0,57,67545204,0,GCCGCCGTCCAAGACCTACC,antisense,plus,AR
CTCGGTAGGTCTTGGACGGC,GGC,0,60,67545207,0,GCCGTCCAAGACCTACCGAG,antisense,plus,AR
CCTCGGTAGGTCTTGGACGG,CGG,1,61,67545208,0,CCGTCCAAGACCTACCGAGG,antisense,plus,AR
GAAAGCTCCTCGGTAGGTCT,TGG,2,68,67545215,0,AGACCTACCGAGGAGCTTTC,antisense,plus,AR
TTCTGGAAAGCTCCTCGGTA,GGT,1,73,67545220,0,TACCGAGGAGCTTTCCAGAA,antisense,plus,AR
ATTCTGGAAAGCTCCTCGGT,AGG,2,74,67545221,0,ACCGAGGAGCTTTCCAGAAT,antisense,plus,AR
CAGATTCTGGAAAGCTCCTC,GGT,2,77,67545224,0,GAGGAGCTTTCCAGAATCTG,antisense,plus,AR
ACAGATTCTGGAAAGCTCCT,CGG,0,78,67545225,0,AGGAGCTTTCCAGAATCTGT,antisense,plus,AR
CTCTGGAACAGATTCTGGAA,AGC,1,85,67545232,0,TTCCAGAATCTGTTCCAGAG,antisense,plus,AR
GATCACTTCGCGCACGCTCT,GGA,2,101,67545248,0,AGAGCGTGCGCGAAGTGATC,antisense,plus,AR
GGATCACTTCGCGCACGCTC,TGG,0,102,67545249,0,GAGCGTGCGCGAAGTGATCC,antisense,plus,AR
GTTCTGGATCACTTCGCGCA,CGC,2,107,67545254,0,TGCGCGAAGTGATCCAGAAC,antisense,plus,AR
CCGGGAGGTGCTGCGCTCGC,GGC,1,151,67545298,0,GCGAGCGCAGCACCTCCCGG,antisense,plus,AR
GCCGGGAGGTGCTGCGCTCG,CGG,2,152,67545299,0,CGAGCGCAGCACCTCCCGGC,antisense,plus,AR
AGCAAACTGGCGCCGGGAGG,TGC,1,163,67545310,0,CCTCCCGGCGCCAGTTTGCT,antisense,plus,AR
GCAGCAAACTGGCGCCGGGA,GGT,0,165,67545312,0,TCCCGGCGCCAGTTTGCTGC,antisense,plus,AR
AGCAGCAAACTGGCGCCGGG,AGG,1,166,67545313,0,CCCGGCGCCAGTTTGCTGCT,antisense,plus,AR
GCAGCAGCAAACTGGCGCCG,GGA,0,168,67545315,0,CGGCGCCAGTTTGCTGCTGC,antisense,plus,AR
AGCAGCAGCAAACTGGCGCC,GGG,1,169,67545316,0,GGCGCCAGTTTGCTGCTGCT,antisense,plus,AR
CAGCAGCAGCAAACTGGCGC,CGG,2,170,67545317,0,GCGCCAGTTTGCTGCTGCTG,antisense,plus,AR
CTGCAGCAGCAGCAAACTGG,CGC,2,173,67545320,0,CCAGTTTGCTGCTGCTGCAG,antisense,plus,AR
TGCTGCAGCAGCAGCAAACT,GGC,1,175,67545322,0,AGTTTGCTGCTGCTGCAGCA,antisense,plus,AR
CTGCTGCAGCAGCAGCAAAC,TGG,2,176,67545323,0,GTTTGCTGCTGCTGCAGCAG,antisense,plus,AR
GGCTAGTCTCTTGCTGCTGC,TGC,0,249,67545396,0,GCAGCAGCAAGAGACTAGCC,antisense,plus,AR
TGGGGCTAGTCTCTTGCTGC,TGC,0,252,67545399,0,GCAGCAAGAGACTAGCCCCA,antisense,plus,AR
CCTCACCCTGCTGCTGCTGC,TGC,0,279,67545426,0,GCAGCAGCAGCAGGGTGAGG,antisense,plus,AR
CATCCTCACCCTGCTGCTGC,TGC,0,282,67545429,0,GCAGCAGCAGGGTGAGGATG,antisense,plus,AR
AACCATCCTCACCCTGCTGC,TGC,0,285,67545432,0,GCAGCAGGGTGAGGATGGTT,antisense,plus,AR
GAGAACCATCCTCACCCTGC,TGC,0,288,67545435,0,GCAGGGTGAGGATGGTTCTC,antisense,plus,AR
GGGGAGAACCATCCTCACCC,TGC,0,291,67545438,0,GGGTGAGGATGGTTCTCCCC,antisense,plus,AR
CCTCTACGATGGGCTTGGGG,AGA,1,307,67545454,0,CCCCAAGCCCATCGTAGAGG,antisense,plus,AR
GGCCTCTACGATGGGCTTGG,GGA,0,309,67545456,0,CCAAGCCCATCGTAGAGGCC,antisense,plus,AR
GGTAGCCTGTGGGGCCTCTA,CGA,0,321,67545468,0,TAGAGGCCCCACAGGCTACC,antisense,plus,AR
CAGGACCAGGTAGCCTGTGG,GGC,2,329,67545476,0,CCACAGGCTACCTGGTCCTG,antisense,plus,AR
CCAGGACCAGGTAGCCTGTG,GGG,0,330,67545477,0,CACAGGCTACCTGGTCCTGG,antisense,plus,AR
TCCAGGACCAGGTAGCCTGT,GGG,1,331,67545478,0,ACAGGCTACCTGGTCCTGGA,antisense,plus,AR
ATCCAGGACCAGGTAGCCTG,TGG,2,332,67545479,0,CAGGCTACCTGGTCCTGGAT,antisense,plus,AR
TCATCCAGGACCAGGTAGCC,TGT,1,334,67545481,0,GGCTACCTGGTCCTGGATGA,antisense,plus,AR
TTCCTCATCCAGGACCAGGT,AGC,2,338,67545485,0,ACCTGGTCCTGGATGAGGAA,antisense,plus,AR
CCGACTGCGGCTGTGAAGGT,TGC,0,363,67545510,0,ACCTTCACAGCCGCAGTCGG,antisense,plus,AR
GGGCCGACTGCGGCTGTGAA,GGT,0,366,67545513,0,TTCACAGCCGCAGTCGGCCC,antisense,plus,AR
AGGGCCGACTGCGGCTGTGA,AGG,1,367,67545514,0,TCACAGCCGCAGTCGGCCCT,antisense,plus,AR
TCCAGGGCCGACTGCGGCTG,TGA,1,370,67545517,0,CAGCCGCAGTCGGCCCTGGA,antisense,plus,AR
ACTCCAGGGCCGACTGCGGC,TGT,0,372,67545519,0,GCCGCAGTCGGCCCTGGAGT,antisense,plus,AR
GGCACTCCAGGGCCGACTGC,GGC,0,375,67545522,0,GCAGTCGGCCCTGGAGTGCC,antisense,plus,AR
TGGCACTCCAGGGCCGACTG,CGG,1,376,67545523,0,CAGTCGGCCCTGGAGTGCCA,antisense,plus,AR
GGTGGCACTCCAGGGCCGAC,TGC,0,378,67545525,0,GTCGGCCCTGGAGTGCCACC,antisense,plus,AR
GACGCAACCTCTCTCGGGGT,GGC,2,395,67545542,0,ACCCCGAGAGAGGTTGCGTC,antisense,plus,AR
GGACGCAACCTCTCTCGGGG,TGG,0,396,67545543,0,CCCCGAGAGAGGTTGCGTCC,antisense,plus,AR
TGGGACGCAACCTCTCTCGG,GGT,2,398,67545545,0,CCGAGAGAGGTTGCGTCCCA,antisense,plus,AR
CTGGGACGCAACCTCTCTCG,GGG,0,399,67545546,0,CGAGAGAGGTTGCGTCCCAG,antisense,plus,AR
TCTGGGACGCAACCTCTCTC,GGG,1,400,67545547,0,GAGAGAGGTTGCGTCCCAGA,antisense,plus,AR
CTCTGGGACGCAACCTCTCT,CGG,2,401,67545548,0,AGAGAGGTTGCGTCCCAGAG,antisense,plus,AR
GCCACGGCGGCTCCAGGCTC,TGG,1,418,67545565,0,GAGCCTGGAGCCGCCGTGGC,antisense,plus,AR
TGCGGCAGCCCCTTGCTGGC,GGC,1,439,67545586,0,GCCAGCAAGGGGCTGCCGCA,antisense,plus,AR
CTGCGGCAGCCCCTTGCTGG,CGG,2,440,67545587,0,CCAGCAAGGGGCTGCCGCAG,antisense,plus,AR
CCGGAGGTGCTGGCAGCTGC,TGC,0,459,67545606,0,GCAGCTGCCAGCACCTCCGG,antisense,plus,AR
CGTCCGGAGGTGCTGGCAGC,TGC,0,462,67545609,0,GCTGCCAGCACCTCCGGACG,antisense,plus,AR
GAGTCATCCTCGTCCGGAGG,TGC,1,472,67545619,0,CCTCCGGACGAGGATGACTC,antisense,plus,AR
CTGAGTCATCCTCGTCCGGA,GGT,0,474,67545621,0,TCCGGACGAGGATGACTCAG,antisense,plus,AR
GCTGAGTCATCCTCGTCCGG,AGG,1,475,67545622,0,CCGGACGAGGATGACTCAGC,antisense,plus,AR
CAGCTGAGTCATCCTCGTCC,GGA,0,477,67545624,0,GGACGAGGATGACTCAGCTG,antisense,plus,AR
GCAGCTGAGTCATCCTCGTC,CGG,1,478,67545625,0,GACGAGGATGACTCAGCTGC,antisense,plus,AR
TGGGGCAGCTGAGTCATCCT,CGT,2,482,67545629,0,AGGATGACTCAGCTGCCCCA,antisense,plus,AR
GACAACGTGGATGGGGCAGC,TGA,1,493,67545640,0,GCTGCCCCATCCACGTTGTC,antisense,plus,AR
AGGGACAACGTGGATGGGGC,AGC,1,496,67545643,0,GCCCCATCCACGTTGTCCCT,antisense,plus,AR
AGCAGGGACAACGTGGATGG,GGC,1,499,67545646,0,CCATCCACGTTGTCCCTGCT,antisense,plus,AR
CAGCAGGGACAACGTGGATG,GGG,2,500,67545647,0,CATCCACGTTGTCCCTGCTG,antisense,plus,AR
CCAGCAGGGACAACGTGGAT,GGG,0,501,67545648,0,ATCCACGTTGTCCCTGCTGG,antisense,plus,AR
CCCAGCAGGGACAACGTGGA,TGG,1,502,67545649,0,TCCACGTTGTCCCTGCTGGG,antisense,plus,AR
GGGCCCAGCAGGGACAACGT,GGA,1,505,67545652,0,ACGTTGTCCCTGCTGGGCCC,antisense,plus,AR
GGGGCCCAGCAGGGACAACG,TGG,2,506,67545653,0,CGTTGTCCCTGCTGGGCCCC,antisense,plus,AR
GGGAAAGTGGGGCCCAGCAG,GGA,1,514,67545661,0,CTGCTGGGCCCCACTTTCCC,antisense,plus,AR
GGGGAAAGTGGGGCCCAGCA,GGG,2,515,67545662,0,TGCTGGGCCCCACTTTCCCC,antisense,plus,AR
CGGGGAAAGTGGGGCCCAGC,AGG,0,516,67545663,0,GCTGGGCCCCACTTTCCCCG,antisense,plus,AR
GCTTAAGCCGGGGAAAGTGG,GGC,2,524,67545671,0,CCACTTTCCCCGGCTTAAGC,antisense,plus,AR
TGCTTAAGCCGGGGAAAGTG,GGG,0,525,67545672,0,CACTTTCCCCGGCTTAAGCA,antisense,plus,AR
CTGCTTAAGCCGGGGAAAGT,GGG,1,526,67545673,0,ACTTTCCCCGGCTTAAGCAG,antisense,plus,AR
GCTGCTTAAGCCGGGGAAAG,TGG,2,527,67545674,0,CTTTCCCCGGCTTAAGCAGC,antisense,plus,AR
GGAGCAGCTGCTTAAGCCGG,GGA,2,533,67545680,0,CCGGCTTAAGCAGCTGCTCC,antisense,plus,AR
CGGAGCAGCTGCTTAAGCCG,GGG,0,534,67545681,0,CGGCTTAAGCAGCTGCTCCG,antisense,plus,AR
GCGGAGCAGCTGCTTAAGCC,GGG,1,535,67545682,0,GGCTTAAGCAGCTGCTCCGC,antisense,plus,AR
AGCGGAGCAGCTGCTTAAGC,CGG,2,536,67545683,0,GCTTAAGCAGCTGCTCCGCT,antisense,plus,AR
GTCAGCGGAGCAGCTGCTTA,AGC,2,539,67545686,0,TAAGCAGCTGCTCCGCTGAC,antisense,plus,AR
TTTAAGGTCAGCGGAGCAGC,TGC,2,545,67545692,0,GCTGCTCCGCTGACCTTAAA,antisense,plus,AR
GTCTTTAAGGTCAGCGGAGC,AGC,2,548,67545695,0,GCTCCGCTGACCTTAAAGAC,antisense,plus,AR
AGGATGTCTTTAAGGTCAGC,GGA,1,553,67545700,0,GCTGACCTTAAAGACATCCT,antisense,plus,AR
CAGGATGTCTTTAAGGTCAG,CGG,2,554,67545701,0,CTGACCTTAAAGACATCCTG,antisense,plus,AR
CTCAGGATGTCTTTAAGGTC,AGC,1,556,67545703,0,GACCTTAAAGACATCCTGAG,antisense,plus,AR
CTCGCTCAGGATGTCTTTAA,GGT,2,560,67545707,0,TTAAAGACATCCTGAGCGAG,antisense,plus,AR
GAGTTGCATGGTGCTGGCCT,CGC,2,578,67545725,0,AGGCCAGCACCATGCAACTC,antisense,plus,AR
TGAAGGAGTTGCATGGTGCT,GGC,1,583,67545730,0,AGCACCATGCAACTCCTTCA,antisense,plus,AR
CTGAAGGAGTTGCATGGTGC,TGG,2,584,67545731,0,GCACCATGCAACTCCTTCAG,antisense,plus,AR
TTGCTGAAGGAGTTGCATGG,TGC,2,587,67545734,0,CCATGCAACTCCTTCAGCAA,antisense,plus,AR
CGGATACTGCTTCCTGCTGC,TGT,0,609,67545756,0,GCAGCAGGAAGCAGTATCCG,antisense,plus,AR
CTTCGGATACTGCTTCCTGC,TGC,0,612,67545759,0,GCAGGAAGCAGTATCCGAAG,antisense,plus,AR
GAGGAAGTGGGAGCCCCCGA,GGC,1,661,67545808,0,TCGGGGGCTCCCACTTCCTC,antisense,plus,AR
GGAGGAAGTGGGAGCCCCCG,AGG,2,662,67545809,0,CGGGGGCTCCCACTTCCTCC,antisense,plus,AR
TTGGAGGAAGTGGGAGCCCC,CGA,1,664,67545811,0,GGGGCTCCCACTTCCTCCAA,antisense,plus,AR
GTAATTGTCCTTGGAGGAAG,TGG,2,674,67545821,0,CTTCCTCCAAGGACAATTAC,antisense,plus,AR
AAGTAATTGTCCTTGGAGGA,AGT,1,676,67545823,0,TCCTCCAAGGACAATTACTT,antisense,plus,AR
CCTAAGTAATTGTCCTTGGA,GGA,1,679,67545826,0,TCCAAGGACAATTACTTAGG,antisense,plus,AR
CCCTAAGTAATTGTCCTTGG,AGG,2,680,67545827,0,CCAAGGACAATTACTTAGGG,antisense,plus,AR
CCCCCTAAGTAATTGTCCTT,GGA,1,682,67545829,0,AAGGACAATTACTTAGGGGG,antisense,plus,AR
GCCCCCTAAGTAATTGTCCT,TGG,2,683,67545830,0,AGGACAATTACTTAGGGGGC,antisense,plus,AR
CGAAGTGCCCCCTAAGTAAT,TGT,2,689,67545836,0,ATTACTTAGGGGGCACTTCG,antisense,plus,AR
GTTGTCAGAAATGGTCGAAG,TGC,2,704,67545851,0,CTTCGACCATTTCTGACAAC,antisense,plus,AR
CACAACTCCTTGGCGTTGTC,AGA,1,718,67545865,0,GACAACGCCAAGGAGTTGTG,antisense,plus,AR
CTTACACAACTCCTTGGCGT,TGT,2,722,67545869,0,ACGCCAAGGAGTTGTGTAAG,antisense,plus,AR
TGCCTTACACAACTCCTTGG,CGT,2,725,67545872,0,CCAAGGAGTTGTGTAAGGCA,antisense,plus,AR
AGGCCCATGGACACCGACAC,TGC,1,745,67545892,0,GTGTCGGTGTCCATGGGCCT,antisense,plus,AR
ACACCCAGGCCCATGGACAC,CGA,1,751,67545898,0,GTGTCCATGGGCCTGGGTGT,antisense,plus,AR
GCCTCCACACCCAGGCCCAT,GGA,1,757,67545904,0,ATGGGCCTGGGTGTGGAGGC,antisense,plus,AR
CGCCTCCACACCCAGGCCCA,TGG,2,758,67545905,0,TGGGCCTGGGTGTGGAGGCG,antisense,plus,AR
CTCCAACGCCTCCACACCCA,GGC,2,764,67545911,0,TGGGTGTGGAGGCGTTGGAG,antisense,plus,AR
GCTCCAACGCCTCCACACCC,AGG,0,765,67545912,0,GGGTGTGGAGGCGTTGGAGC,antisense,plus,AR
CCTGGACTCAGATGCTCCAA,CGC,1,778,67545925,0,TTGGAGCATCTGAGTCCAGG,antisense,plus,AR
CCCCCCGAAGCTGTTCCCCT,GGA,0,795,67545942,0,AGGGGAACAGCTTCGGGGGG,antisense,plus,AR
ACATGCAATCCCCCCGAAGC,TGT,0,804,67545951,0,GCTTCGGGGGGATTGCATGT,antisense,plus,AR
CGTACATGCAATCCCCCCGA,AGC,0,807,67545954,0,TCGGGGGGATTGCATGTACG,antisense,plus,AR
GGGCGTACATGCAATCCCCC,CGA,0,810,67545957,0,GGGGGATTGCATGTACGCCC,antisense,plus,AR
TCCCAAAAGTGGGGCGTACA,TGC,2,821,67545968,0,TGTACGCCCCACTTTTGGGA,antisense,plus,AR
TGGAACTCCCAAAAGTGGGG,CGT,2,827,67545974,0,CCCCACTTTTGGGAGTTCCA,antisense,plus,AR
GGTGGAACTCCCAAAAGTGG,GGC,1,829,67545976,0,CCACTTTTGGGAGTTCCACC,antisense,plus,AR
GGGTGGAACTCCCAAAAGTG,GGG,2,830,67545977,0,CACTTTTGGGAGTTCCACCC,antisense,plus,AR
CGGGTGGAACTCCCAAAAGT,GGG,0,831,67545978,0,ACTTTTGGGAGTTCCACCCG,antisense,plus,AR
GAGTGGGACGCACAGCGGGT,GGA,0,846,67545993,0,ACCCGCTGTGCGTCCCACTC,antisense,plus,AR
AAGGAGTGGGACGCACAGCG,GGT,0,849,67545996,0,CGCTGTGCGTCCCACTCCTT,antisense,plus,AR
CAAGGAGTGGGACGCACAGC,GGG,1,850,67545997,0,GCTGTGCGTCCCACTCCTTG,antisense,plus,AR
ACAAGGAGTGGGACGCACAG,CGG,2,851,67545998,0,CTGTGCGTCCCACTCCTTGT,antisense,plus,AR
GCACAAGGAGTGGGACGCAC,AGC,1,853,67546000,0,GTGCGTCCCACTCCTTGTGC,antisense,plus,AR
ATGGGGCACAAGGAGTGGGA,CGC,0,858,67546005,0,TCCCACTCCTTGTGCCCCAT,antisense,plus,AR
CCAATGGGGCACAAGGAGTG,GGA,0,861,67546008,0,CACTCCTTGTGCCCCATTGG,antisense,plus,AR
GCCAATGGGGCACAAGGAGT,GGG,1,862,67546009,0,ACTCCTTGTGCCCCATTGGC,antisense,plus,AR
GGCCAATGGGGCACAAGGAG,TGG,2,863,67546010,0,CTCCTTGTGCCCCATTGGCC,antisense,plus,AR
TCGGCCAATGGGGCACAAGG,AGT,1,865,67546012,0,CCTTGTGCCCCATTGGCCGA,antisense,plus,AR
CCTTTGCATTCGGCCAATGG,GGC,1,874,67546021,0,CCATTGGCCGAATGCAAAGG,antisense,plus,AR
AGCAGAGAACCTTTGCATTC,GGC,1,883,67546030,0,GAATGCAAAGGTTCTCTGCT,antisense,plus,AR
TAGCAGAGAACCTTTGCATT,CGG,2,884,67546031,0,AATGCAAAGGTTCTCTGCTA,antisense,plus,AR
GTCGTCTAGCAGAGAACCTT,TGC,2,890,67546037,0,AAGGTTCTCTGCTAGACGAC,antisense,plus,AR
TTCAGTGCTCTTGCCTGCGC,TGT,2,911,67546058,0,GCGCAGGCAAGAGCACTGAA,antisense,plus,AR
ATCTTCAGTGCTCTTGCCTG,CGC,2,914,67546061,0,CAGGCAAGAGCACTGAAGAT,antisense,plus,AR
AGCAGTATCTTCAGTGCTCT,TGC,2,920,67546067,0,AGAGCACTGAAGATACTGCT,antisense,plus,AR
ATACTCAGCAGTATCTTCAG,TGC,2,926,67546073,0,CTGAAGATACTGCTGAGTAT,antisense,plus,AR
GAATACTCAGCAGTATCTTC,AGT,1,928,67546075,0,GAAGATACTGCTGAGTATTC,antisense,plus,AR
TTGAAAGGGGAATACTCAGC,AGT,1,937,67546084,0,GCTGAGTATTCCCCTTTCAA,antisense,plus,AR
CCCTTGAAAGGGGAATACTC,AGC,1,940,67546087,0,GAGTATTCCCCTTTCAAGGG,antisense,plus,AR
GTGTAACCTCCCTTGAAAGG,GGA,1,949,67546096,0,CCTTTCAAGGGAGGTTACAC,antisense,plus,AR
GGTGTAACCTCCCTTGAAAG,GGG,2,950,67546097,0,CTTTCAAGGGAGGTTACACC,antisense,plus,AR
TGGTGTAACCTCCCTTGAAA,GGG,0,951,67546098,0,TTTCAAGGGAGGTTACACCA,antisense,plus,AR
TTGGTGTAACCTCCCTTGAA,AGG,1,952,67546099,0,TTCAAGGGAGGTTACACCAA,antisense,plus,AR
AGCCTAGGCTCTCGCCTTCT,AGC,0,978,67546125,0,AGAAGGCGAGAGCCTAGGCT,antisense,plus,AR
GCCAGAGCAGCCTAGGCTCT,CGC,2,986,67546133,0,AGAGCCTAGGCTGCTCTGGC,antisense,plus,AR
TGCTGCAGCGCTGCCAGAGC,AGC,2,998,67546145,0,GCTCTGGCAGCGCTGCAGCA,antisense,plus,AR
CCCGGAGCTCCCTGCTGCAG,CGC,2,1010,67546157,0,CTGCAGCAGGGAGCTCCGGG,antisense,plus,AR
GTCCCGGAGCTCCCTGCTGC,AGC,1,1012,67546159,0,GCAGCAGGGAGCTCCGGGAC,antisense,plus,AR
TCAAGTGTCCCGGAGCTCCC,TGC,1,1018,67546165,0,GGGAGCTCCGGGACACTTGA,antisense,plus,AR
CGGCAGTTCAAGTGTCCCGG,AGC,2,1025,67546172,0,CCGGGACACTTGAACTGCCG,antisense,plus,AR
GACGGCAGTTCAAGTGTCCC,GGA,1,1027,67546174,0,GGGACACTTGAACTGCCGTC,antisense,plus,AR
AGACGGCAGTTCAAGTGTCC,CGG,2,1028,67546175,0,GGACACTTGAACTGCCGTCT,antisense,plus,AR
AGGGTAGACGGCAGTTCAAG,TGT,1,1033,67546180,0,CTTGAACTGCCGTCTACCCT,antisense,plus,AR
ACAGGGTAGACGGCAGTTCA,AGT,0,1035,67546182,0,TGAACTGCCGTCTACCCTGT,antisense,plus,AR
AGAGAGACAGGGTAGACGGC,AGT,0,1041,67546188,0,GCCGTCTACCCTGTCTCTCT,antisense,plus,AR
TGTAGAGAGACAGGGTAGAC,GGC,0,1044,67546191,0,GTCTACCCTGTCTCTCTACA,antisense,plus,AR
TTGTAGAGAGACAGGGTAGA,CGG,1,1045,67546192,0,TCTACCCTGTCTCTCTACAA,antisense,plus,AR
GACTTGTAGAGAGACAGGGT,AGA,1,1048,67546195,0,ACCCTGTCTCTCTACAAGTC,antisense,plus,AR
CCGGACTTGTAGAGAGACAG,GGT,1,1051,67546198,0,CTGTCTCTCTACAAGTCCGG,antisense,plus,AR
TCCGGACTTGTAGAGAGACA,GGG,2,1052,67546199,0,TGTCTCTCTACAAGTCCGGA,antisense,plus,AR
CTCCGGACTTGTAGAGAGAC,AGG,0,1053,67546200,0,GTCTCTCTACAAGTCCGGAG,antisense,plus,AR
GTCCAGTGCTCCGGACTTGT,AGA,2,1061,67546208,0,ACAAGTCCGGAGCACTGGAC,antisense,plus,AR
CTCGTCCAGTGCTCCGGACT,TGT,2,1064,67546211,0,AGTCCGGAGCACTGGACGAG,antisense,plus,AR
TACGCAGCTGCCTCGTCCAG,TGC,1,1075,67546222,0,CTGGACGAGGCAGCTGCGTA,antisense,plus,AR
GGTACGCAGCTGCCTCGTCC,AGT,0,1077,67546224,0,GGACGAGGCAGCTGCGTACC,antisense,plus,AR
TCGCGACTCTGGTACGCAGC,TGC,1,1087,67546234,0,GCTGCGTACCAGAGTCGCGA,antisense,plus,AR
TAGTAGTCGCGACTCTGGTA,CGC,1,1093,67546240,0,TACCAGAGTCGCGACTACTA,antisense,plus,AR
GTTGTAGTAGTCGCGACTCT,GGT,2,1097,67546244,0,AGAGTCGCGACTACTACAAC,antisense,plus,AR
AGTTGTAGTAGTCGCGACTC,TGG,0,1098,67546245,0,GAGTCGCGACTACTACAACT,antisense,plus,AR
GTGGAAAGTTGTAGTAGTCG,CGA,0,1104,67546251,0,CGACTACTACAACTTTCCAC,antisense,plus,AR
CAGTGGAAAGTTGTAGTAGT,CGC,2,1106,67546253,0,ACTACTACAACTTTCCACTG,antisense,plus,AR
AGCCAGTGGAAAGTTGTAGT,AGT,2,1109,67546256,0,ACTACAACTTTCCACTGGCT,antisense,plus,AR
CAGAGCCAGTGGAAAGTTGT,AGT,2,1112,67546259,0,ACAACTTTCCACTGGCTCTG,antisense,plus,AR
GGCCAGAGCCAGTGGAAAGT,TGT,2,1115,67546262,0,ACTTTCCACTGGCTCTGGCC,antisense,plus,AR
TCCGGCCAGAGCCAGTGGAA,AGT,2,1118,67546265,0,TTCCACTGGCTCTGGCCGGA,antisense,plus,AR
GGCGGAGGGGGCGGCGGTCC,GGC,1,1135,67546282,0,GGACCGCCGCCCCCTCCGCC,antisense,plus,AR
CGGCGGAGGGGGCGGCGGTC,CGG,2,1136,67546283,0,GACCGCCGCCCCCTCCGCCG,antisense,plus,AR
GGGGAGGCGGCGGAGGGGGC,GGC,0,1143,67546290,0,GCCCCCTCCGCCGCCTCCCC,antisense,plus,AR
TGGGGAGGCGGCGGAGGGGG,CGG,1,1144,67546291,0,CCCCCTCCGCCGCCTCCCCA,antisense,plus,AR
GATGGGGAGGCGGCGGAGGG,GGC,0,1146,67546293,0,CCCTCCGCCGCCTCCCCATC,antisense,plus,AR
GGGATGGGGAGGCGGCGGAG,GGG,2,1148,67546295,0,CTCCGCCGCCTCCCCATCCC,antisense,plus,AR
GGGGATGGGGAGGCGGCGGA,GGG,0,1149,67546296,0,TCCGCCGCCTCCCCATCCCC,antisense,plus,AR
TGGGGATGGGGAGGCGGCGG,AGG,1,1150,67546297,0,CCGCCGCCTCCCCATCCCCA,antisense,plus,AR
CGTGGGGATGGGGAGGCGGC,GGA,0,1152,67546299,0,GCCGCCTCCCCATCCCCACG,antisense,plus,AR
TGCGAGCGTGGGGATGGGGA,GGC,0,1158,67546305,0,TCCCCATCCCCACGCTCGCA,antisense,plus,AR
ATGCGAGCGTGGGGATGGGG,AGG,1,1159,67546306,0,CCCCATCCCCACGCTCGCAT,antisense,plus,AR
TGATGCGAGCGTGGGGATGG,GGA,0,1161,67546308,0,CCATCCCCACGCTCGCATCA,antisense,plus,AR
TTGATGCGAGCGTGGGGATG,GGG,1,1162,67546309,0,CATCCCCACGCTCGCATCAA,antisense,plus,AR
CTTGATGCGAGCGTGGGGAT,GGG,2,1163,67546310,0,ATCCCCACGCTCGCATCAAG,antisense,plus,AR
GCTTGATGCGAGCGTGGGGA,TGG,0,1164,67546311,0,TCCCCACGCTCGCATCAAGC,antisense,plus,AR
TCCAGCTTGATGCGAGCGTG,GGG,1,1168,67546315,0,CACGCTCGCATCAAGCTGGA,antisense,plus,AR
CTCCAGCTTGATGCGAGCGT,GGG,2,1169,67546316,0,ACGCTCGCATCAAGCTGGAG,antisense,plus,AR
TCTCCAGCTTGATGCGAGCG,TGG,0,1170,67546317,0,CGCTCGCATCAAGCTGGAGA,antisense,plus,AR
GTTCTCCAGCTTGATGCGAG,CGT,2,1172,67546319,0,CTCGCATCAAGCTGGAGAAC,antisense,plus,AR
GTCCAGCGGGTTCTCCAGCT,TGA,2,1181,67546328,0,AGCTGGAGAACCCGCTGGAC,antisense,plus,AR
CGTAGTCCAGCGGGTTCTCC,AGC,0,1185,67546332,0,GGAGAACCCGCTGGACTACG,antisense,plus,AR
CCCAGGCGCTGCCGTAGTCC,AGC,0,1197,67546344,0,GGACTACGGCAGCGCCTGGG,antisense,plus,AR
CGCAGCCGCCCAGGCGCTGC,CGT,2,1205,67546352,0,GCAGCGCCTGGGCGGCTGCG,antisense,plus,AR
CGCCGCAGCCGCCCAGGCGC,TGC,2,1208,67546355,0,GCGCCTGGGCGGCTGCGGCG,antisense,plus,AR
CGGCACTGCGCCGCCGCAGC,CGC,1,1219,67546366,0,GCTGCGGCGGCGCAGTGCCG,antisense,plus,AR
TAGCGGCACTGCGCCGCCGC,AGC,1,1222,67546369,0,GCGGCGGCGCAGTGCCGCTA,antisense,plus,AR
CCATAGCGGCACTGCGCCGC,CGC,1,1225,67546372,0,GCGGCGCAGTGCCGCTATGG,antisense,plus,AR
TCCCCATAGCGGCACTGCGC,CGC,1,1228,67546375,0,GCGCAGTGCCGCTATGGGGA,antisense,plus,AR
GCTCGCCAGGTCCCCATAGC,GGC,2,1238,67546385,0,GCTATGGGGACCTGGCGAGC,antisense,plus,AR
CGCGCCATGCAGGCTCGCCA,GGT,2,1250,67546397,0,TGGCGAGCCTGCATGGCGCG,antisense,plus,AR
CCGCGCCATGCAGGCTCGCC,AGG,0,1251,67546398,0,GGCGAGCCTGCATGGCGCGG,antisense,plus,AR
CGCTGCACCCGCGCCATGCA,GGC,2,1259,67546406,0,TGCATGGCGCGGGTGCAGCG,antisense,plus,AR
CCGCTGCACCCGCGCCATGC,AGG,0,1260,67546407,0,GCATGGCGCGGGTGCAGCGG,antisense,plus,AR
GACCCAGAACCGGGTCCCGC,TGC,1,1276,67546423,0,GCGGGACCCGGTTCTGGGTC,antisense,plus,AR
GGTGACCCAGAACCGGGTCC,CGC,1,1279,67546426,0,GGACCCGGTTCTGGGTCACC,antisense,plus,AR
CTGAGGGTGACCCAGAACCG,GGT,0,1284,67546431,0,CGGTTCTGGGTCACCCTCAG,antisense,plus,AR
GCTGAGGGTGACCCAGAACC,GGG,1,1285,67546432,0,GGTTCTGGGTCACCCTCAGC,antisense,plus,AR
GGCTGAGGGTGACCCAGAAC,CGG,2,1286,67546433,0,GTTCTGGGTCACCCTCAGCC,antisense,plus,AR
GAGGAAGCGGCGGCTGAGGG,TGA,1,1297,67546444,0,CCCTCAGCCGCCGCTTCCTC,antisense,plus,AR
ATGAGGAAGCGGCGGCTGAG,GGT,0,1299,67546446,0,CTCAGCCGCCGCTTCCTCAT,antisense,plus,AR
GATGAGGAAGCGGCGGCTGA,GGG,1,1300,67546447,0,TCAGCCGCCGCTTCCTCATC,antisense,plus,AR
GGATGAGGAAGCGGCGGCTG,AGG,2,1301,67546448,0,CAGCCGCCGCTTCCTCATCC,antisense,plus,AR
CAGGATGAGGAAGCGGCGGC,TGA,1,1303,67546450,0,GCCGCCGCTTCCTCATCCTG,antisense,plus,AR
TGCCAGGATGAGGAAGCGGC,GGC,1,1306,67546453,0,GCCGCTTCCTCATCCTGGCA,antisense,plus,AR
GTGCCAGGATGAGGAAGCGG,CGG,2,1307,67546454,0,CCGCTTCCTCATCCTGGCAC,antisense,plus,AR
GTGTGCCAGGATGAGGAAGC,GGC,1,1309,67546456,0,GCTTCCTCATCCTGGCACAC,antisense,plus,AR
AAGAGAGTGTGCCAGGATGA,GGA,1,1315,67546462,0,TCATCCTGGCACACTCTCTT,antisense,plus,AR
GAAGAGAGTGTGCCAGGATG,AGG,2,1316,67546463,0,CATCCTGGCACACTCTCTTC,antisense,plus,AR
GTGAAGAGAGTGTGCCAGGA,TGA,1,1318,67546465,0,TCCTGGCACACTCTCTTCAC,antisense,plus,AR
GCTGTGAAGAGAGTGTGCCA,GGA,1,1321,67546468,0,TGGCACACTCTCTTCACAGC,antisense,plus,AR
GGCTGTGAAGAGAGTGTGCC,AGG,2,1322,67546469,0,GGCACACTCTCTTCACAGCC,antisense,plus,AR
TACAACTGGCCTTCTTCGGC,TGT,1,1339,67546486,0,GCCGAAGAAGGCCAGTTGTA,antisense,plus,AR
CCATACAACTGGCCTTCTTC,GGC,1,1342,67546489,0,GAAGAAGGCCAGTTGTATGG,antisense,plus,AR
TCCATACAACTGGCCTTCTT,CGG,2,1343,67546490,0,AAGAAGGCCAGTTGTATGGA,antisense,plus,AR
ACCACACGGTCCATACAACT,GGC,2,1352,67546499,0,AGTTGTATGGACCGTGTGGT,antisense,plus,AR
CACCACACGGTCCATACAAC,TGG,0,1353,67546500,0,GTTGTATGGACCGTGTGGTG,antisense,plus,AR
CACCCCCACCACCACCACAC,GGT,0,1365,67546512,0,GTGTGGTGGTGGTGGGGGTG,antisense,plus,AR
TACAGCTCCCGCCTCGCCGC,CGC,2,1433,67546580,0,GCGGCGAGGCGGGAGCTGTA,antisense,plus,AR
GGCTACAGCTCCCGCCTCGC,CGC,2,1436,67546583,0,GCGAGGCGGGAGCTGTAGCC,antisense,plus,AR
GGGGGCTACAGCTCCCGCCT,CGC,2,1439,67546586,0,AGGCGGGAGCTGTAGCCCCC,antisense,plus,AR
CCGTAGGGGGCTACAGCTCC,CGC,1,1444,67546591,0,GGAGCTGTAGCCCCCTACGG,antisense,plus,AR
GTGTAGCCGTAGGGGGCTAC,AGC,1,1450,67546597,0,GTAGCCCCCTACGGCTACAC,antisense,plus,AR
GGCCGAGTGTAGCCGTAGGG,GGC,1,1456,67546603,0,CCCTACGGCTACACTCGGCC,antisense,plus,AR
GGGCCGAGTGTAGCCGTAGG,GGG,2,1457,67546604,0,CCTACGGCTACACTCGGCCC,antisense,plus,AR
GGGGCCGAGTGTAGCCGTAG,GGG,0,1458,67546605,0,CTACGGCTACACTCGGCCCC,antisense,plus,AR
CTGAGGGGGCCGAGTGTAGC,CGT,2,1463,67546610,0,GCTACACTCGGCCCCCTCAG,antisense,plus,AR
CCCCTGAGGGGGCCGAGTGT,AGC,2,1466,67546613,0,ACACTCGGCCCCCTCAGGGG,antisense,plus,AR
GCCAGCCCCTGAGGGGGCCG,AGT,1,1471,67546618,0,CGGCCCCCTCAGGGGCTGGC,antisense,plus,AR
CCGCCAGCCCCTGAGGGGGC,CGA,0,1473,67546620,0,GCCCCCTCAGGGGCTGGCGG,antisense,plus,AR
GTGAAGTCGCTTTCCTGGCC,CGC,1,1492,67546639,0,GGCCAGGAAAGCGACTTCAC,antisense,plus,AR
TGCGGTGAAGTCGCTTTCCT,GGC,2,1496,67546643,0,AGGAAAGCGACTTCACCGCA,antisense,plus,AR
CACATCAGGTGCGGTGAAGT,CGC,2,1505,67546652,0,ACTTCACCGCACCTGATGTG,antisense,plus,AR
CCACACATCAGGTGCGGTGA,AGT,2,1508,67546655,0,TCACCGCACCTGATGTGTGG,antisense,plus,AR
GTACCACACATCAGGTGCGG,TGA,2,1511,67546658,0,CCGCACCTGATGTGTGGTAC,antisense,plus,AR
GGGTACCACACATCAGGTGC,GGT,1,1513,67546660,0,GCACCTGATGTGTGGTACCC,antisense,plus,AR
AGGGTACCACACATCAGGTG,CGG,2,1514,67546661,0,CACCTGATGTGTGGTACCCT,antisense,plus,AR
CCAGGGTACCACACATCAGG,TGC,1,1516,67546663,0,CCTGATGTGTGGTACCCTGG,antisense,plus,AR
CGCCAGGGTACCACACATCA,GGT,0,1518,67546665,0,TGATGTGTGGTACCCTGGCG,antisense,plus,AR
CCGCCAGGGTACCACACATC,AGG,1,1519,67546666,0,GATGTGTGGTACCCTGGCGG,antisense,plus,AR
TCTGCTCACCATGCCGCCAG,GGT,2,1532,67546679,0,CTGGCGGCATGGTGAGCAGA,antisense,plus,AR
GGGCACTCTGCTCACCATGC,CGC,2,1538,67546685,0,GCATGGTGAGCAGAGTGCCC,antisense,plus,AR
ATAGGGCACTCTGCTCACCA,TGC,2,1541,67546688,0,TGGTGAGCAGAGTGCCCTAT,antisense,plus,AR
GGGACTGGGATAGGGCACTC,TGC,2,1550,67546697,0,GAGTGCCCTATCCCAGTCCC,antisense,plus,AR
CACAAGTGGGACTGGGATAG,GGC,0,1557,67546704,0,CTATCCCAGTCCCACTTGTG,antisense,plus,AR
ACACAAGTGGGACTGGGATA,GGG,1,1558,67546705,0,TATCCCAGTCCCACTTGTGT,antisense,plus,AR
GACACAAGTGGGACTGGGAT,AGG,2,1559,67546706,0,ATCCCAGTCCCACTTGTGTC,antisense,plus,AR
TTTTGACACAAGTGGGACTG,GGA,0,1563,67546710,0,CAGTCCCACTTGTGTCAAAA,antisense,plus,AR
CTTTTGACACAAGTGGGACT,GGG,1,1564,67546711,0,AGTCCCACTTGTGTCAAAAG,antisense,plus,AR
GCTTTTGACACAAGTGGGAC,TGG,2,1565,67546712,0,GTCCCACTTGTGTCAAAAGC,antisense,plus,AR
CCCATTTCGCTTTTGACACA,AGT,1,1573,67546720,0,TGTGTCAAAAGCGAAATGGG,antisense,plus,AR
ATCCATCCAGGGGCCCATTT,CGC,2,1586,67546733,0,AAATGGGCCCCTGGATGGAT,antisense,plus,AR
GGAGTAGCTATCCATCCAGG,GGC,2,1595,67546742,0,CCTGGATGGATAGCTACTCC,antisense,plus,AR
CGGAGTAGCTATCCATCCAG,GGG,0,1596,67546743,0,CTGGATGGATAGCTACTCCG,antisense,plus,AR
CCGGAGTAGCTATCCATCCA,GGG,1,1597,67546744,0,TGGATGGATAGCTACTCCGG,antisense,plus,AR
TCCGGAGTAGCTATCCATCC,AGG,2,1598,67546745,0,GGATGGATAGCTACTCCGGA,antisense,plus,AR
CGCATGTCCCCGTAAGGTCC,GGA,1,1615,67546762,0,GGACCTTACGGGGACATGCG,antisense,plus,AR
cCGCATGTCCCCGTAAGGTC,CGG,2,1616,67546763,0,GACCTTACGGGGACATGCGg,antisense,plus,AR
TGGCAGTCTCCAAActggaa,aga,0,1629,67643269,1,ttccagTTTGGAGACTGCCA,antisense,plus,AR
GGCAAAACATGGTCCCTGGC,AGT,1,1645,67643285,1,GCCAGGGACCATGTTTTGCC,antisense,plus,AR
ATGGGCAAAACATGGTCCCT,GGC,1,1648,67643288,1,AGGGACCATGTTTTGCCCAT,antisense,plus,AR
AATGGGCAAAACATGGTCCC,TGG,2,1649,67643289,1,GGGACCATGTTTTGCCCATT,antisense,plus,AR
ATAGTCAATGGGCAAAACAT,GGT,2,1655,67643295,1,ATGTTTTGCCCATTGACTAT,antisense,plus,AR
AATAGTCAATGGGCAAAACA,TGG,0,1656,67643296,1,TGTTTTGCCCATTGACTATT,antisense,plus,AR
GTGGAAAGTAATAGTCAATG,GGC,0,1665,67643305,1,CATTGACTATTACTTTCCAC,antisense,plus,AR
GGTGGAAAGTAATAGTCAAT,GGG,1,1666,67643306,1,ATTGACTATTACTTTCCACC,antisense,plus,AR
GGGTGGAAAGTAATAGTCAA,TGG,2,1667,67643307,1,TTGACTATTACTTTCCACCC,antisense,plus,AR
TCAGGCAGGTCTTCTGGGGT,GGA,0,1683,67643323,1,ACCCCAGAAGACCTGCCTGA,antisense,plus,AR
ATCAGGCAGGTCTTCTGGGG,TGG,1,1684,67643324,1,CCCCAGAAGACCTGCCTGAT,antisense,plus,AR
AGATCAGGCAGGTCTTCTGG,GGT,0,1686,67643326,1,CCAGAAGACCTGCCTGATCT,antisense,plus,AR
CAGATCAGGCAGGTCTTCTG,GGG,1,1687,67643327,1,CAGAAGACCTGCCTGATCTG,antisense,plus,AR
ACAGATCAGGCAGGTCTTCT,GGG,2,1688,67643328,1,AGAAGACCTGCCTGATCTGT,antisense,plus,AR
CACAGATCAGGCAGGTCTTC,TGG,0,1689,67643329,1,GAAGACCTGCCTGATCTGTG,antisense,plus,AR
TTCATCTCCACAGATCAGGC,AGG,2,1697,67643337,1,GCCTGATCTGTGGAGATGAA,antisense,plus,AR
AGCTTCATCTCCACAGATCA,GGC,2,1700,67643340,1,TGATCTGTGGAGATGAAGCT,antisense,plus,AR
AAGCTTCATCTCCACAGATC,AGG,0,1701,67643341,1,GATCTGTGGAGATGAAGCTT,antisense,plus,AR
CCCAGAAGCTTCATCTCCAC,AGA,2,1706,67643346,1,GTGGAGATGAAGCTTCTGGG,antisense,plus,AR
GCTCCATAGTGACACCCAGA,AGC,1,1720,67643360,1,TCTGGGTGTCACTATGGAGC,antisense,plus,AR
CACATGTGAGAGCTCCATAG,TGA,0,1731,67643371,1,CTATGGAGCTCTCACATGTG,antisense,plus,AR
TCCACATGTGAGAGCTCCAT,AGT,2,1733,67643373,1,ATGGAGCTCTCACATGTGGA,antisense,plus,AR
TTGCAGCTTCCACATGTGAG,AGC,1,1741,67643381,1,CTCACATGTGGAAGCTGCAA,antisense,plus,AR
CCTTGCAGCTTCCACATGTG,AGA,0,1743,67643383,1,CACATGTGGAAGCTGCAAGG,antisense,plus,AR
AAGACCTTGCAGCTTCCACA,TGT,1,1747,67643387,1,TGTGGAAGCTGCAAGGTCTT,antisense,plus,AR
TCTTTTGAAGAAGACCTTGC,AGC,2,1757,67643397,1,GCAAGGTCTTCTTCAAAAGA,antisense,plus,AR
TTCAGCGGCTCTTTTGAAGA,AGA,2,1766,67643406,1,TCTTCAAAAGAGCCGCTGAA,antisense,plus,AR
acCTTCAGCGGCTCTTTTGA,AGA,2,1769,67643409,1,TCAAAAGAGCCGCTGAAGgt,antisense,plus,AR
GGTACTTCTGTTTCCctggg,aga,0,1782,67686024,2,cccagGGAAACAGAAGTACC,antisense,plus,AR
CAGGTACTTCTGTTTCCctg,gga,2,1784,67686026,2,cagGGAAACAGAAGTACCTG,antisense,plus,AR
ACAGGTACTTCTGTTTCCct,ggg,0,1785,67686027,2,agGGAAACAGAAGTACCTGT,antisense,plus,AR
CACAGGTACTTCTGTTTCCc,tgg,1,1786,67686028,2,gGGAAACAGAAGTACCTGTG,antisense,plus,AR
ATCATTTCTGCTGGCGCACA,GGT,2,1802,67686044,2,TGTGCGCCAGCAGAAATGAT,antisense,plus,AR
AATCATTTCTGCTGGCGCAC,AGG,0,1803,67686045,2,GTGCGCCAGCAGAAATGATT,antisense,plus,AR
AGTGCAATCATTTCTGCTGG,CGC,2,1808,67686050,2,CCAGCAGAAATGATTGCACT,antisense,plus,AR
ATAGTGCAATCATTTCTGCT,GGC,1,1810,67686052,2,AGCAGAAATGATTGCACTAT,antisense,plus,AR
AATAGTGCAATCATTTCTGC,TGG,2,1811,67686053,2,GCAGAAATGATTGCACTATT,antisense,plus,AR
ATCAATAGTGCAATCATTTC,TGC,2,1814,67686056,2,GAAATGATTGCACTATTGAT,antisense,plus,AR
CCTTCGGAATTTATCAATAG,TGC,2,1826,67686068,2,CTATTGATAAATTCCGAAGG,antisense,plus,AR
AGATGGACAATTTTTCCTTC,GGA,2,1841,67686083,2,GAAGGAAAAATTGTCCATCT,antisense,plus,AR
AAGATGGACAATTTTTCCTT,CGG,0,1842,67686084,2,AAGGAAAAATTGTCCATCTT,antisense,plus,AR
ATTTCCGAAGACGACAAGAT,GGA,0,1857,67686099,2,ATCTTGTCGTCTTCGGAAAT,antisense,plus,AR
TAACATTTCCGAAGACGACA,AGA,1,1861,67686103,2,TGTCGTCTTCGGAAATGTTA,antisense,plus,AR
CTTCATAACATTTCCGAAGA,CGA,0,1866,67686108,2,TCTTCGGAAATGTTATGAAG,antisense,plus,AR
CTGCTTCATAACATTTCCGA,AGA,0,1869,67686111,2,TCGGAAATGTTATGAAGCAG,antisense,plus,AR
CTTCAGCTTCCGGGctattg,gga,2,1898,67711415,3,caatagCCCGGAAGCTGAAG,antisense,plus,AR
TCTTCAGCTTCCGGGctatt,ggg,0,1899,67711416,3,aatagCCCGGAAGCTGAAGA,antisense,plus,AR
TTCTTCAGCTTCCGGGctat,tgg,1,1900,67711417,3,atagCCCGGAAGCTGAAGAA,antisense,plus,AR
CCAAGTTTCTTCAGCTTCCG,GGc,1,1906,67711423,3,CGGAAGCTGAAGAAACTTGG,antisense,plus,AR
ACCAAGTTTCTTCAGCTTCC,GGG,2,1907,67711424,3,GGAAGCTGAAGAAACTTGGT,antisense,plus,AR
TACCAAGTTTCTTCAGCTTC,CGG,0,1908,67711425,3,GAAGCTGAAGAAACTTGGTA,antisense,plus,AR
TCAGATTACCAAGTTTCTTC,AGC,0,1914,67711431,3,GAAGAAACTTGGTAATCTGA,antisense,plus,AR
CCTGTAGTTTCAGATTACCA,AGT,0,1923,67711440,3,TGGTAATCTGAAACTACAGG,antisense,plus,AR
TGGAAGCCTCTCCTTCCTCC,TGT,0,1941,67711458,3,GGAGGAAGGAGAGGCTTCCA,antisense,plus,AR
CTCAGTGGGGCTGGTGGTGC,TGG,2,1961,67711478,3,GCACCACCAGCCCCACTGAG,antisense,plus,AR
CTCCTCAGTGGGGCTGGTGG,TGC,2,1964,67711481,3,CCACCAGCCCCACTGAGGAG,antisense,plus,AR
GACACTGTCAGCTTCTGGGT,TGT,1,1987,67711504,3,ACCCAGAAGCTGACAGTGTC,antisense,plus,AR
TGTGACACTGTCAGCTTCTG,GGT,1,1990,67711507,3,CAGAAGCTGACAGTGTCACA,antisense,plus,AR
GTGTGACACTGTCAGCTTCT,GGG,2,1991,67711508,3,AGAAGCTGACAGTGTCACAC,antisense,plus,AR
TGTGTGACACTGTCAGCTTC,TGG,0,1992,67711509,3,GAAGCTGACAGTGTCACACA,antisense,plus,AR
CTTCAATGTGTGACACTGTC,AGC,0,1998,67711515,3,GACAGTGTCACACATTGAAG,antisense,plus,AR
CATTCATAGCCTTCAATGTG,TGA,1,2008,67711525,3,CACATTGAAGGCTATGAATG,antisense,plus,AR
GACATTCATAGCCTTCAATG,TGT,0,2010,67711527,3,CATTGAAGGCTATGAATGTC,antisense,plus,AR
CTGACATTCATAGCCTTCAA,TGT,2,2012,67711529,3,TTGAAGGCTATGAATGTCAG,antisense,plus,AR
AAAGATGGGCTGACATTCAT,AGC,2,2021,67711538,3,ATGAATGTCAGCCCATCTTT,antisense,plus,AR
GGACATTCAGAAAGATGGGC,TGA,0,2031,67711548,3,GCCCATCTTTCTGAATGTCC,antisense,plus,AR
CCAGGACATTCAGAAAGATG,GGC,0,2034,67711551,3,CATCTTTCTGAATGTCCTGG,antisense,plus,AR
TCCAGGACATTCAGAAAGAT,GGG,1,2035,67711552,3,ATCTTTCTGAATGTCCTGGA,antisense,plus,AR
TTCCAGGACATTCAGAAAGA,TGG,2,2036,67711553,3,TCTTTCTGAATGTCCTGGAA,antisense,plus,AR
GGCTTCCAGGACATTCAGAA,AGA,2,2039,67711556,3,TTCTGAATGTCCTGGAAGCC,antisense,plus,AR
CACACTACACCTGGCTCAAT,GGC,1,2059,67711576,3,ATTGAGCCAGGTGTAGTGTG,antisense,plus,AR
ACACACTACACCTGGCTCAA,TGG,2,2060,67711577,3,TTGAGCCAGGTGTAGTGTGT,antisense,plus,AR
GTCCAGCACACACTACACCT,GGC,0,2067,67711584,3,AGGTGTAGTGTGTGCTGGAC,antisense,plus,AR
TGTCCAGCACACACTACACC,TGG,1,2068,67711585,3,GGTGTAGTGTGTGCTGGACA,antisense,plus,AR
AAAGGAGTCGGGCTGGTTGT,TGT,2,2093,67711610,3,ACAACCAGCCCGACTCCTTT,antisense,plus,AR
TGCAAAGGAGTCGGGCTGGT,TGT,2,2096,67711613,3,ACCAGCCCGACTCCTTTGCA,antisense,plus,AR
GGCTGCAAAGGAGTCGGGCT,GGT,2,2099,67711616,3,AGCCCGACTCCTTTGCAGCC,antisense,plus,AR
AGGCTGCAAAGGAGTCGGGC,TGG,0,2100,67711617,3,GCCCGACTCCTTTGCAGCCT,antisense,plus,AR
GCAAGGCTGCAAAGGAGTCG,GGC,0,2103,67711620,3,CGACTCCTTTGCAGCCTTGC,antisense,plus,AR
AGCAAGGCTGCAAAGGAGTC,GGG,1,2104,67711621,3,GACTCCTTTGCAGCCTTGCT,antisense,plus,AR
GAGCAAGGCTGCAAAGGAGT,CGG,2,2105,67711622,3,ACTCCTTTGCAGCCTTGCTC,antisense,plus,AR
AGAGAGCAAGGCTGCAAAGG,AGT,2,2108,67711625,3,CCTTTGCAGCCTTGCTCTCT,antisense,plus,AR
CTAGAGAGCAAGGCTGCAAA,GGA,1,2110,67711627,3,TTTGCAGCCTTGCTCTCTAG,antisense,plus,AR
GCTAGAGAGCAAGGCTGCAA,AGG,2,2111,67711628,3,TTGCAGCCTTGCTCTCTAGC,antisense,plus,AR
TTGAGGCTAGAGAGCAAGGC,TGC,1,2116,67711633,3,GCCTTGCTCTCTAGCCTCAA,antisense,plus,AR
TCATTGAGGCTAGAGAGCAA,GGC,1,2119,67711636,3,TTGCTCTCTAGCCTCAATGA,antisense,plus,AR
TTCATTGAGGCTAGAGAGCA,AGG,2,2120,67711637,3,TGCTCTCTAGCCTCAATGAA,antisense,plus,AR
CCAGTTCATTGAGGCTAGAG,AGC,0,2124,67711641,3,CTCTAGCCTCAATGAACTGG,antisense,plus,AR
TCCCAGTTCATTGAGGCTAG,AGA,2,2126,67711643,3,CTAGCCTCAATGAACTGGGA,antisense,plus,AR
TCTCCCAGTTCATTGAGGCT,AGA,1,2128,67711645,3,AGCCTCAATGAACTGGGAGA,antisense,plus,AR
GTACAAGCTGTCTCTCTCCC,AGT,0,2142,67711659,3,GGGAGAGAGACAGCTTGTAC,antisense,plus,AR
ACTTGACCACGTGTACAAGC,TGT,0,2154,67711671,3,GCTTGTACACGTGGTCAAGT,antisense,plus,AR
CCCACTTGACCACGTGTACA,AGC,0,2157,67711674,3,TGTACACGTGGTCAAGTGGG,antisense,plus,AR
AGGCAAGGCCTTGGCCCACT,TGA,2,2171,67711688,3,AGTGGGCCAAGGCCTTGCCT,antisense,plus,AR
CGGAAGCctggagaagaaga,ggc,1,2179,67717484,4,tcttcttctccagGCTTCCG,antisense,plus,AR
GCGGAAGCctggagaagaag,agg,2,2180,67717485,4,cttcttctccagGCTTCCGC,antisense,plus,AR
TTGCGGAAGCctggagaaga,aga,1,2182,67717487,4,tcttctccagGCTTCCGCAA,antisense,plus,AR
TGTAAGTTGCGGAAGCctgg,aga,1,2188,67717493,4,ccagGCTTCCGCAACTTACA,antisense,plus,AR
CGTGTAAGTTGCGGAAGCct,gga,0,2190,67717495,4,agGCTTCCGCAACTTACACG,antisense,plus,AR
ACGTGTAAGTTGCGGAAGCc,tgg,1,2191,67717496,4,gGCTTCCGCAACTTACACGT,antisense,plus,AR
GTCCACGTGTAAGTTGCGGA,AGC,2,2195,67717500,4,TCCGCAACTTACACGTGGAC,antisense,plus,AR
GTCGTCCACGTGTAAGTTGC,GGA,2,2198,67717503,4,GCAACTTACACGTGGACGAC,antisense,plus,AR
CAGCCATCTGGTCGTCCACG,TGT,0,2208,67717513,4,CGTGGACGACCAGATGGCTG,antisense,plus,AR
GACAGCCATCTGGTCGTCCA,CGT,2,2210,67717515,4,TGGACGACCAGATGGCTGTC,antisense,plus,AR
CTGAATGACAGCCATCTGGT,CGT,2,2216,67717521,4,ACCAGATGGCTGTCATTCAG,antisense,plus,AR
GTACTGAATGACAGCCATCT,GGT,2,2219,67717524,4,AGATGGCTGTCATTCAGTAC,antisense,plus,AR
AGTACTGAATGACAGCCATC,TGG,0,2220,67717525,4,GATGGCTGTCATTCAGTACT,antisense,plus,AR
ATCCAGGAGTACTGAATGAC,AGC,1,2227,67717532,4,GTCATTCAGTACTCCTGGAT,antisense,plus,AR
CCCCATCCAGGAGTACTGAA,TGA,2,2231,67717536,4,TTCAGTACTCCTGGATGGGG,antisense,plus,AR
CACCATGAGCCCCATCCAGG,AGT,2,2240,67717545,4,CCTGGATGGGGCTCATGGTG,antisense,plus,AR
AACACCATGAGCCCCATCCA,GGA,1,2242,67717547,4,TGGATGGGGCTCATGGTGTT,antisense,plus,AR
AAACACCATGAGCCCCATCC,AGG,2,2243,67717548,4,GGATGGGGCTCATGGTGTTT,antisense,plus,AR
AGCCCATGGCAAACACCATG,AGC,0,2253,67717558,4,CATGGTGTTTGCCATGGGCT,antisense,plus,AR
CCAGCCCATGGCAAACACCA,TGA,2,2255,67717560,4,TGGTGTTTGCCATGGGCTGG,antisense,plus,AR
GTGAAGGATCGCCAGCCCAT,GGC,1,2266,67717571,4,ATGGGCTGGCGATCCTTCAC,antisense,plus,AR
GGTGAAGGATCGCCAGCCCA,TGG,2,2267,67717572,4,TGGGCTGGCGATCCTTCACC,antisense,plus,AR
GACATTGGTGAAGGATCGCC,AGC,2,2273,67717578,4,GGCGATCCTTCACCAATGTC,antisense,plus,AR
AGTTGACATTGGTGAAGGAT,CGC,0,2277,67717582,4,ATCCTTCACCAATGTCAACT,antisense,plus,AR
CTGGAGTTGACATTGGTGAA,GGA,1,2281,67717586,4,TTCACCAATGTCAACTCCAG,antisense,plus,AR
CCTGGAGTTGACATTGGTGA,AGG,2,2282,67717587,4,TCACCAATGTCAACTCCAGG,antisense,plus,AR
AGCATCCTGGAGTTGACATT,GGT,1,2287,67717592,4,AATGTCAACTCCAGGATGCT,antisense,plus,AR
GAGCATCCTGGAGTTGACAT,TGG,2,2288,67717593,4,ATGTCAACTCCAGGATGCTC,antisense,plus,AR
GAAGTAGAGCATCCTGGAGT,TGA,2,2294,67717599,4,ACTCCAGGATGCTCTACTTC,antisense,plus,AR
GGCGAAGTAGAGCATCCTGG,AGT,2,2297,67717602,4,CCAGGATGCTCTACTTCGCC,antisense,plus,AR
GGGGCGAAGTAGAGCATCCT,GGA,1,2299,67717604,4,AGGATGCTCTACTTCGCCCC,antisense,plus,AR
AGGGGCGAAGTAGAGCATCC,TGG,2,2300,67717605,4,GGATGCTCTACTTCGCCCCT,antisense,plus,AR
CCAGATCAGGGGCGAAGTAG,AGC,0,2307,67717612,4,CTACTTCGCCCCTGATCTGG,antisense,plus,AR
AACCAGATCAGGGGCGAAGT,AGA,2,2309,67717614,4,ACTTCGCCCCTGATCTGGTT,antisense,plus,AR
GAAAACCAGATCAGGGGCGA,AGT,2,2312,67717617,4,TCGCCCCTGATCTGGTTTTC,antisense,plus,AR
ATTGAAAACCAGATCAGGGG,CGA,2,2315,67717620,4,CCCCTGATCTGGTTTTCAAT,antisense,plus,AR
TCATTGAAAACCAGATCAGG,GGC,1,2317,67717622,4,CCTGATCTGGTTTTCAATGA,antisense,plus,AR
cTCATTGAAAACCAGATCAG,GGG,2,2318,67717623,4,CTGATCTGGTTTTCAATGAg,antisense,plus,AR
acTCATTGAAAACCAGATCA,GGG,0,2319,67717624,4,TGATCTGGTTTTCAATGAgt,antisense,plus,AR
tacTCATTGAAAACCAGATC,AGG,1,2320,67717625,4,GATCTGGTTTTCAATGAgta,antisense,plus,AR
GTGCATGCGGTACctgggaa,gga,2,2330,67721845,5,ttcccagGTACCGCATGCAC,antisense,plus,AR
TGTGCATGCGGTACctggga,agg,0,2331,67721846,5,tcccagGTACCGCATGCACA,antisense,plus,AR
GTACATCCGGGACTTGTGCA,TGC,2,2345,67721860,5,TGCACAAGTCCCGGATGTAC,antisense,plus,AR
GGCTGTACATCCGGGACTTG,TGC,0,2349,67721864,5,CAAGTCCCGGATGTACAGCC,antisense,plus,AR
ACACACTGGCTGTACATCCG,GGA,1,2356,67721871,5,CGGATGTACAGCCAGTGTGT,antisense,plus,AR
GACACACTGGCTGTACATCC,GGG,2,2357,67721872,5,GGATGTACAGCCAGTGTGTC,antisense,plus,AR
GGACACACTGGCTGTACATC,CGG,0,2358,67721873,5,GATGTACAGCCAGTGTGTCC,antisense,plus,AR
CCTCATTCGGACACACTGGC,TGT,2,2366,67721881,5,GCCAGTGTGTCCGAATGAGG,antisense,plus,AR
GTGCCTCATTCGGACACACT,GGC,2,2369,67721884,5,AGTGTGTCCGAATGAGGCAC,antisense,plus,AR
TTGAGAGAGGTGCCTCATTC,GGA,2,2378,67721893,5,GAATGAGGCACCTCTCTCAA,antisense,plus,AR
CTTGAGAGAGGTGCCTCATT,CGG,0,2379,67721894,5,AATGAGGCACCTCTCTCAAG,antisense,plus,AR
ATCCAAACTCTTGAGAGAGG,TGC,0,2388,67721903,5,CCTCTCTCAAGAGTTTGGAT,antisense,plus,AR
CCATCCAAACTCTTGAGAGA,GGT,2,2390,67721905,5,TCTCTCAAGAGTTTGGATGG,antisense,plus,AR
GCCATCCAAACTCTTGAGAG,AGG,0,2391,67721906,5,CTCTCAAGAGTTTGGATGGC,antisense,plus,AR
GAGCCATCCAAACTCTTGAG,AGA,2,2393,67721908,5,CTCAAGAGTTTGGATGGCTC,antisense,plus,AR
TGGAGCCATCCAAACTCTTG,AGA,1,2395,67721910,5,CAAGAGTTTGGATGGCTCCA,antisense,plus,AR
TTTGGAGCCATCCAAACTCT,TGA,0,2397,67721912,5,AGAGTTTGGATGGCTCCAAA,antisense,plus,AR
GGAATTCCTGGGGGGTGATT,TGG,0,2415,67721930,5,AATCACCCCCCAGGAATTCC,antisense,plus,AR
GCACAGGAATTCCTGGGGGG,TGA,2,2420,67721935,5,CCCCCCAGGAATTCCTGTGC,antisense,plus,AR
ATGCACAGGAATTCCTGGGG,GGT,1,2422,67721937,5,CCCCAGGAATTCCTGTGCAT,antisense,plus,AR
CATGCACAGGAATTCCTGGG,GGG,2,2423,67721938,5,CCCAGGAATTCCTGTGCATG,antisense,plus,AR
TCATGCACAGGAATTCCTGG,GGG,0,2424,67721939,5,CCAGGAATTCCTGTGCATGA,antisense,plus,AR
TTCATGCACAGGAATTCCTG,GGG,1,2425,67721940,5,CAGGAATTCCTGTGCATGAA,antisense,plus,AR
TTTCATGCACAGGAATTCCT,GGG,2,2426,67721941,5,AGGAATTCCTGTGCATGAAA,antisense,plus,AR
CTTTCATGCACAGGAATTCC,TGG,0,2427,67721942,5,GGAATTCCTGTGCATGAAAG,antisense,plus,AR
TAGCAGTGCTTTCATGCACA,GGA,2,2435,67721950,5,TGTGCATGAAAGCACTGCTA,antisense,plus,AR
GTAGCAGTGCTTTCATGCAC,AGG,0,2436,67721951,5,GTGCATGAAAGCACTGCTAC,antisense,plus,AR
GAAGAGTAGCAGTGCTTTCA,TGC,2,2441,67721956,5,TGAAAGCACTGCTACTCTTC,antisense,plus,AR
cTAATGCTGAAGAGTAGCAG,TGC,1,2449,67721964,5,CTGCTACTCTTCAGCATTAg,antisense,plus,AR
tacTAATGCTGAAGAGTAGC,AGT,0,2451,67721966,5,GCTACTCTTCAGCATTAgta,antisense,plus,AR
acttacTAATGCTGAAGAGT,AGC,0,2454,67721969,5,ACTCTTCAGCATTAgtaagt,antisense,plus,AR
CTGGAActgatgtgggatga,aga,0,2454,67722832,6,tcatcccacatcagTTCCAG,antisense,plus,AR
CCACTGGAActgatgtggga,tga,0,2457,67722835,6,tcccacatcagTTCCAGTGG,antisense,plus,AR
CATCCACTGGAActgatgtg,gga,0,2460,67722838,6,cacatcagTTCCAGTGGATG,antisense,plus,AR
CCATCCACTGGAActgatgt,ggg,1,2461,67722839,6,acatcagTTCCAGTGGATGG,antisense,plus,AR
CCCATCCACTGGAActgatg,tgg,2,2462,67722840,6,catcagTTCCAGTGGATGGG,antisense,plus,AR
AGCCCATCCACTGGAActga,tgt,1,2464,67722842,6,tcagTTCCAGTGGATGGGCT,antisense,plus,AR
TTCAGCCCATCCACTGGAAc,tga,1,2467,67722845,6,gTTCCAGTGGATGGGCTGAA,antisense,plus,AR
CAAAGAATTTTTGATTTTTC,AGC,0,2484,67722862,6,GAAAAATCAAAAATTCTTTG,antisense,plus,AR
GAAGTTCATCAAAGAATTTT,TGA,0,2493,67722871,6,AAAATTCTTTGATGAACTTC,antisense,plus,AR
GTTCATTCGAAGTTCATCAA,AGA,2,2501,67722879,6,TTGATGAACTTCGAATGAAC,antisense,plus,AR
CCTTGATGTAGTTCATTCGA,AGT,0,2511,67722889,6,TCGAATGAACTACATCAAGG,antisense,plus,AR
ACGATCGAGTTCCTTGATGT,AGT,2,2522,67722900,6,ACATCAAGGAACTCGATCGT,antisense,plus,AR
GATACGATCGAGTTCCTTGA,TGT,2,2525,67722903,6,TCAAGGAACTCGATCGTATC,antisense,plus,AR
AATGATACGATCGAGTTCCT,TGA,2,2528,67722906,6,AGGAACTCGATCGTATCATT,antisense,plus,AR
TGCATGCAATGATACGATCG,AGT,0,2535,67722913,6,CGATCGTATCATTGCATGCA,antisense,plus,AR
TTTGCATGCAATGATACGAT,CGA,2,2537,67722915,6,ATCGTATCATTGCATGCAAA,antisense,plus,AR
GTGGGATTTTTTCTTTTGCA,TGC,1,2551,67722929,6,TGCAAAAGAAAAAATCCCAC,antisense,plus,AR
TAGAAGCGTCTTGAGCAGGA,TGT,1,2572,67722950,6,TCCTGCTCAAGACGCTTCTA,antisense,plus,AR
TGGTAGAAGCGTCTTGAGCA,GGA,1,2575,67722953,6,TGCTCAAGACGCTTCTACCA,antisense,plus,AR
CTGGTAGAAGCGTCTTGAGC,AGG,2,2576,67722954,6,GCTCAAGACGCTTCTACCAG,antisense,plus,AR
GTGAGCTGGTAGAAGCGTCT,TGA,1,2581,67722959,6,AGACGCTTCTACCAGCTCAC,antisense,plus,AR
CAGGAGCTTGGTGAGCTGGT,AGA,2,2591,67722969,6,ACCAGCTCACCAAGCTCCTG,antisense,plus,AR
GTCCAGGAGCTTGGTGAGCT,GGT,2,2594,67722972,6,AGCTCACCAAGCTCCTGGAC,antisense,plus,AR
AGTCCAGGAGCTTGGTGAGC,TGG,0,2595,67722973,6,GCTCACCAAGCTCCTGGACT,antisense,plus,AR
CGGAGTCCAGGAGCTTGGTG,AGC,0,2598,67722976,6,CACCAAGCTCCTGGACTCCG,antisense,plus,AR
CACGGAGTCCAGGAGCTTGG,TGA,2,2600,67722978,6,CCAAGCTCCTGGACTCCGTG,antisense,plus,AR
TGCACGGAGTCCAGGAGCTT,GGT,1,2602,67722980,6,AAGCTCCTGGACTCCGTGCA,antisense,plus,AR
CTGCACGGAGTCCAGGAGCT,TGG,2,2603,67722981,6,AGCTCCTGGACTCCGTGCAG,antisense,plus,AR
tacAGGCTGCACGGAGTCCA,GGA,2,2609,67722987,6,TGGACTCCGTGCAGCCTgta,antisense,plus,AR
ttacAGGCTGCACGGAGTCC,AGG,0,2610,67722988,6,GGACTCCGTGCAGCCTgtaa,antisense,plus,AR
GCAATctgtagggaacaata,aga,1,2611,67723690,7,tattgttccctacagATTGC,antisense,plus,AR
GATGCAGCTCTCTCGCAATc,tgt,0,2625,67723704,7,gATTGCGAGAGAGCTGCATC,antisense,plus,AR
GTGAACTGATGCAGCTCTCT,CGC,1,2632,67723711,7,AGAGAGCTGCATCAGTTCAC,antisense,plus,AR
GGTCAAAAGTGAACTGATGC,AGC,0,2640,67723719,7,GCATCAGTTCACTTTTGACC,antisense,plus,AR
GCAGGTCAAAAGTGAACTGA,TGC,0,2643,67723722,7,TCAGTTCACTTTTGACCTGC,antisense,plus,AR
TTAGCAGGTCAAAAGTGAAC,TGA,0,2646,67723725,7,GTTCACTTTTGACCTGCTAA,antisense,plus,AR
CTTGATTAGCAGGTCAAAAG,TGA,2,2651,67723730,7,CTTTTGACCTGCTAATCAAG,antisense,plus,AR
GACTTGATTAGCAGGTCAAA,AGT,1,2653,67723732,7,TTTGACCTGCTAATCAAGTC,antisense,plus,AR
TCACCATGTGTGACTTGATT,AGC,0,2664,67723743,7,AATCAAGTCACACATGGTGA,antisense,plus,AR
CACGCTCACCATGTGTGACT,TGA,2,2669,67723748,7,AGTCACACATGGTGAGCGTG,antisense,plus,AR
AAGTCCACGCTCACCATGTG,TGA,1,2674,67723753,7,CACATGGTGAGCGTGGACTT,antisense,plus,AR
GAAAGTCCACGCTCACCATG,TGT,0,2676,67723755,7,CATGGTGAGCGTGGACTTTC,antisense,plus,AR
CGGAAAGTCCACGCTCACCA,TGT,2,2678,67723757,7,TGGTGAGCGTGGACTTTCCG,antisense,plus,AR
CATCATTTCCGGAAAGTCCA,CGC,2,2687,67723766,7,TGGACTTTCCGGAAATGATG,antisense,plus,AR
CTCTGCCATCATTTCCGGAA,AGT,2,2693,67723772,7,TTCCGGAAATGATGGCAGAG,antisense,plus,AR
ATGATCTCTGCCATCATTTC,CGG,1,2698,67723777,7,GAAATGATGGCAGAGATCAT,antisense,plus,AR
ACTTGCACAGAGATGATCTC,TGC,1,2710,67723789,7,GAGATCATCTCTGTGCAAGT,antisense,plus,AR
CTTGGGCACTTGCACAGAGA,TGA,2,2717,67723796,7,TCTCTGTGCAAGTGCCCAAG,antisense,plus,AR
AGGATCTTGGGCACTTGCAC,AGA,1,2722,67723801,7,GTGCAAGTGCCCAAGATCCT,antisense,plus,AR
CAGAAAGGATCTTGGGCACT,TGC,0,2727,67723806,7,AGTGCCCAAGATCCTTTCTG,antisense,plus,AR
CTTTCCCAGAAAGGATCTTG,GGC,0,2733,67723812,7,CAAGATCCTTTCTGGGAAAG,antisense,plus,AR
GGGCTTGACTTTCCCAGAAA,GGA,2,2741,67723820,7,TTTCTGGGAAAGTCAAGCCC,antisense,plus,AR
TAGATGGGCTTGACTTTCCC,AGA,1,2746,67723825,7,GGGAAAGTCAAGCCCATCTA,antisense,plus,AR
GGTGTGGAAATAGATGGGCT,TGA,2,2756,67723835,7,AGCCCATCTATTTCCACACC,antisense,plus,AR
gctTCACTGGGTGTGGAAAT,AGA,2,2765,67723844,7,ATTTCCACACCCAGTGAagc,antisense,plus,AR
