,0,1,2,3,4,5,6,7,8
0,tcaaggATGGAAGTGCAGTTAGG,0,-6,0,ME,VE,['M>V'],[1],fwd
1,caaggATGGAAGTGCAGTTAGGG,1,-5,0,ME,VE,['M>V'],[1],fwd
2,aaggATGGAAGTGCAGTTAGGGC,2,-4,0,ME,VE,['M>V'],[1],fwd
3,gATGGAAGTGCAGTTAGGGCTGG,2,-1,0,MEV,MGV,['E>G'],[2],fwd
4,ATGGAAGTGCAGTTAGGGCTGGG,0,0,0,EVQ,GVQ,['E>G'],[2],fwd
5,TGGAAGTGCAGTTAGGGCTGGGA,1,1,0,EVQ,GVQ,['E>G'],[2],fwd
6,AAGTGCAGTTAGGGCTGGGAAGG,1,4,0,VQL,VRL,['Q>R'],[4],fwd
7,AGTGCAGTTAGGGCTGGGAAGGG,2,5,0,VQL,VRL,['Q>R'],[4],fwd
8,GTGCAGTTAGGGCTGGGAAGGGT,0,6,0,QLG,RLG,['Q>R'],[4],fwd
9,GGCTGGGAAGGGTCTACCCTCGG,1,16,0,LGR,LGR,['No Change'],[],fwd
10,GCTGGGAAGGGTCTACCCTCGGC,2,17,0,LGR,LGG,['R>G'],[9],fwd
11,GGGAAGGGTCTACCCTCGGCCGC,2,20,0,GRV,GGV,['R>G'],[9],fwd
12,CCGTCCAAGACCTACCGAGGAGC,0,42,0,SKT,SGT,['K>G'],[17],fwd
13,GACCTACCGAGGAGCTTTCCAGA,2,50,0,TYR,TCR,['Y>C'],[19],fwd
14,CCGAGGAGCTTTCCAGAATCTGT,2,56,0,RGA,RGA,['No Change'],[],fwd
15,CTTTCCAGAATCTGTTCCAGAGC,1,64,0,FQN,FRN,['Q>R'],[24],fwd
16,TTCCAGAATCTGTTCCAGAGCGT,0,66,0,QNL,RGL,"['Q>R', 'N>G']","[24, 25]",fwd
17,CCAGAATCTGTTCCAGAGCGTGC,2,68,0,QNL,QGL,['N>G'],[25],fwd
18,AGAATCTGTTCCAGAGCGTGCGC,1,70,0,NLF,SLF,['N>S'],[25],fwd
19,CTGTTCCAGAGCGTGCGCGAAGT,0,75,0,FQS,FRS,['Q>R'],[28],fwd
20,GTTCCAGAGCGTGCGCGAAGTGA,2,77,0,FQS,FRG,"['Q>R', 'S>G']","[28, 29]",fwd
21,GCGCGAAGTGATCCAGAACCCGG,2,89,0,REV,RGV,['E>G'],[32],fwd
22,CGCGAAGTGATCCAGAACCCGGG,0,90,0,EVI,GVI,['E>G'],[32],fwd
23,GCGAAGTGATCCAGAACCCGGGC,1,91,0,EVI,GVI,['E>G'],[32],fwd
24,TGATCCAGAACCCGGGCCCCAGG,1,97,0,IQN,IRN,['Q>R'],[35],fwd
25,GATCCAGAACCCGGGCCCCAGGC,2,98,0,IQN,IRD,"['Q>R', 'N>D']","[35, 36]",fwd
26,GGCCCCAGGCACCCAGAGGCCGC,0,111,0,PRH,PGH,['R>G'],[40],fwd
27,CCCCAGGCACCCAGAGGCCGCGA,2,113,0,PRH,PGH,['R>G'],[40],fwd
28,CCAGGCACCCAGAGGCCGCGAGC,1,115,0,RHP,RRP,['H>R'],[41],fwd
29,AGGCACCCAGAGGCCGCGAGCGC,0,117,0,HPE,RPE,['H>R'],[41],fwd
30,CACCCAGAGGCCGCGAGCGCAGC,0,120,0,PEA,PGA,['E>G'],[43],fwd
31,GCCGCGAGCGCAGCACCTCCCGG,0,129,0,ASA,AGA,['S>G'],[46],fwd
32,CCGCGAGCGCAGCACCTCCCGGC,1,130,0,ASA,AGA,['S>G'],[46],fwd
33,GCGAGCGCAGCACCTCCCGGCGC,0,132,0,SAA,GAA,['S>G'],[46],fwd
34,GCGCAGCACCTCCCGGCGCCAGT,1,136,0,AAP,AAP,['No Change'],[],fwd
35,AGCACCTCCCGGCGCCAGTTTGC,2,140,0,APP,APP,['No Change'],[],fwd
36,CGGCGCCAGTTTGCTGCTGCTGC,2,149,0,GAS,GAG,['S>G'],[53],fwd
37,CGCCAGTTTGCTGCTGCTGCAGC,2,152,0,ASL,AGL,['S>G'],[53],fwd
38,GCTGCAGCAGCAGCAGCAGCAGC,2,167,0,LQQ,LRQ,['Q>R'],[58],fwd
39,GCAGCAGCAGCAGCAGCAGCAGC,2,170,0,QQQ,QRQ,['Q>R'],[59],fwd
40,GCAGCAGCAGCAGCAGCAGCAGC,2,173,0,QQQ,QRQ,['Q>R'],[60],fwd
41,GCAGCAGCAGCAGCAGCAGCAGC,2,176,0,QQQ,QRQ,['Q>R'],[61],fwd
42,GCAGCAGCAGCAGCAGCAGCAGC,2,179,0,QQQ,QRQ,['Q>R'],[62],fwd
43,GCAGCAGCAGCAGCAGCAGCAGC,2,182,0,QQQ,QRQ,['Q>R'],[63],fwd
44,GCAGCAGCAGCAGCAGCAGCAGC,2,185,0,QQQ,QRQ,['Q>R'],[64],fwd
45,GCAGCAGCAGCAGCAGCAGCAGC,2,188,0,QQQ,QRQ,['Q>R'],[65],fwd
46,GCAGCAGCAGCAGCAGCAGCAGC,2,191,0,QQQ,QRQ,['Q>R'],[66],fwd
47,GCAGCAGCAGCAGCAGCAGCAGC,2,194,0,QQQ,QRQ,['Q>R'],[67],fwd
48,GCAGCAGCAGCAGCAGCAGCAGC,2,197,0,QQQ,QRQ,['Q>R'],[68],fwd
49,GCAGCAGCAGCAGCAGCAGCAGC,2,200,0,QQQ,QRQ,['Q>R'],[69],fwd
50,GCAGCAGCAGCAGCAGCAGCAGC,2,203,0,QQQ,QRQ,['Q>R'],[70],fwd
51,GCAGCAGCAGCAGCAGCAGCAGC,2,206,0,QQQ,QRQ,['Q>R'],[71],fwd
52,GCAGCAGCAGCAGCAGCAGCAGC,2,209,0,QQQ,QRQ,['Q>R'],[72],fwd
53,GCAGCAGCAGCAGCAGCAGCAGC,2,212,0,QQQ,QRQ,['Q>R'],[73],fwd
54,GCAGCAGCAGCAGCAGCAGCAGC,2,215,0,QQQ,QRQ,['Q>R'],[74],fwd
55,CAGCAGCAGCAGCAGCAGCAAGA,0,219,0,QQQ,RRQ,"['Q>R', 'Q>R']","[75, 76]",fwd
56,GCAGCAGCAGCAGCAGCAAGAGA,2,221,0,QQQ,QRQ,['Q>R'],[76],fwd
57,AGCAGCAGCAGCAAGAGACTAGC,1,226,0,QQQ,RRQ,"['Q>R', 'Q>R']","[77, 78]",fwd
58,AGCAGCAAGAGACTAGCCCCAGG,1,232,0,QQE,RRE,"['Q>R', 'Q>R']","[79, 80]",fwd
59,GCAGCAAGAGACTAGCCCCAGGC,2,233,0,QQE,QRE,['Q>R'],[80],fwd
60,GCAAGAGACTAGCCCCAGGCAGC,2,236,0,QET,QGA,"['E>G', 'T>A']","[81, 82]",fwd
61,AGAGACTAGCCCCAGGCAGCAGC,2,239,0,ETS,EAG,"['T>A', 'S>G']","[82, 83]",fwd
62,GACTAGCCCCAGGCAGCAGCAGC,2,242,0,TSP,TGP,['S>G'],[83],fwd
63,TAGCCCCAGGCAGCAGCAGCAGC,2,245,0,SPR,SPG,['R>G'],[85],fwd
64,CCCCAGGCAGCAGCAGCAGCAGC,2,248,0,PRQ,PGQ,['R>G'],[85],fwd
65,CAGGCAGCAGCAGCAGCAGCAGG,2,251,0,RQQ,RRQ,['Q>R'],[86],fwd
66,AGGCAGCAGCAGCAGCAGCAGGG,0,252,0,QQQ,RRQ,"['Q>R', 'Q>R']","[86, 87]",fwd
67,GGCAGCAGCAGCAGCAGCAGGGT,1,253,0,QQQ,RRQ,"['Q>R', 'Q>R']","[86, 87]",fwd
68,CAGCAGCAGCAGCAGCAGGGTGA,0,255,0,QQQ,RRQ,"['Q>R', 'Q>R']","[87, 88]",fwd
69,GCAGCAGCAGCAGCAGGGTGAGG,2,257,0,QQQ,QRQ,['Q>R'],[88],fwd
70,CAGCAGCAGCAGCAGGGTGAGGA,0,258,0,QQQ,RRQ,"['Q>R', 'Q>R']","[88, 89]",fwd
71,CAGCAGCAGCAGGGTGAGGATGG,0,261,0,QQQ,RRQ,"['Q>R', 'Q>R']","[89, 90]",fwd
72,AGCAGCAGCAGGGTGAGGATGGT,1,262,0,QQQ,RRQ,"['Q>R', 'Q>R']","[89, 90]",fwd
73,GGTGAGGATGGTTCTCCCCAAGC,0,273,0,EDG,GGG,"['E>G', 'D>G']","[93, 94]",fwd
74,TCTCCCCAAGCCCATCGTAGAGG,0,285,0,PQA,PRA,['Q>R'],[98],fwd
75,CTCCCCAAGCCCATCGTAGAGGC,1,286,0,PQA,PRA,['Q>R'],[98],fwd
76,GCCCATCGTAGAGGCCCCACAGG,0,294,0,HRR,RRR,['H>R'],[100],fwd
77,CCCATCGTAGAGGCCCCACAGGC,1,295,0,HRR,RRR,['H>R'],[100],fwd
78,TAGAGGCCCCACAGGCTACCTGG,2,302,0,RGP,RGP,['No Change'],[],fwd
79,CCCCACAGGCTACCTGGTCCTGG,2,308,0,PTG,PAG,['T>A'],[105],fwd
80,CCCACAGGCTACCTGGTCCTGGA,0,309,0,TGY,AGY,['T>A'],[105],fwd
81,ACAGGCTACCTGGTCCTGGATGA,0,312,0,GYL,GCL,['Y>C'],[107],fwd
82,AGGCTACCTGGTCCTGGATGAGG,2,314,0,GYL,GCL,['Y>C'],[107],fwd
83,GGCTACCTGGTCCTGGATGAGGA,0,315,0,YLV,CLV,['Y>C'],[107],fwd
84,TGAGGAACAGCAACCTTCACAGC,2,332,0,EEQ,EGQ,['E>G'],[113],fwd
85,GGAACAGCAACCTTCACAGCCGC,2,335,0,EQQ,ERQ,['Q>R'],[114],fwd
86,ACAGCAACCTTCACAGCCGCAGT,2,338,0,QQP,QRP,['Q>R'],[115],fwd
87,GCAACCTTCACAGCCGCAGTCGG,2,341,0,QPS,QPS,['No Change'],[],fwd
88,TTCACAGCCGCAGTCGGCCCTGG,2,347,0,SQP,SRP,['Q>R'],[118],fwd
89,TCACAGCCGCAGTCGGCCCTGGA,0,348,0,QPQ,RPQ,['Q>R'],[118],fwd
90,AGCCGCAGTCGGCCCTGGAGTGC,1,352,0,PQS,PRS,['Q>R'],[120],fwd
91,CCCTGGAGTGCCACCCCGAGAGA,1,364,0,LEC,LGC,['E>G'],[124],fwd
92,CTGGAGTGCCACCCCGAGAGAGG,0,366,0,ECH,GCH,['E>G'],[124],fwd
93,TGGAGTGCCACCCCGAGAGAGGT,1,367,0,ECH,GCH,['E>G'],[124],fwd
94,AGTGCCACCCCGAGAGAGGTTGC,1,370,0,CHP,CRP,['H>R'],[126],fwd
95,TGCCACCCCGAGAGAGGTTGCGT,0,372,0,HPE,RPE,['H>R'],[126],fwd
96,CCCGAGAGAGGTTGCGTCCCAGA,0,378,0,ERG,GGG,"['E>G', 'R>G']","[128, 129]",fwd
97,CGAGAGAGGTTGCGTCCCAGAGC,2,380,0,ERG,EGG,['R>G'],[129],fwd
98,GTCCCAGAGCCTGGAGCCGCCGT,0,393,0,PEP,PGP,['E>G'],[134],fwd
99,CCCAGAGCCTGGAGCCGCCGTGG,2,395,0,PEP,PGP,['E>G'],[134],fwd
100,CCAGAGCCTGGAGCCGCCGTGGC,0,396,0,EPG,GPG,['E>G'],[134],fwd
101,CTGGAGCCGCCGTGGCCGCCAGC,1,403,0,GAA,GAA,['No Change'],[],fwd
102,GGCCGCCAGCAAGGGGCTGCCGC,2,416,0,AAS,AAG,['S>G'],[142],fwd
103,CGCCAGCAAGGGGCTGCCGCAGC,2,419,0,ASK,AGE,"['S>G', 'K>E']","[142, 143]",fwd
104,CAGCAAGGGGCTGCCGCAGCAGC,2,422,0,SKG,SGG,['K>G'],[143],fwd
105,GCAGCAGCTGCCAGCACCTCCGG,2,437,0,QQL,QRL,['Q>R'],[148],fwd
106,CAGCAGCTGCCAGCACCTCCGGA,0,438,0,QLP,RLP,['Q>R'],[148],fwd
107,GCTGCCAGCACCTCCGGACGAGG,2,443,0,LPA,LPA,['No Change'],[],fwd
108,CTGCCAGCACCTCCGGACGAGGA,0,444,0,PAP,PAP,['No Change'],[],fwd
109,CCAGCACCTCCGGACGAGGATGA,0,447,0,APP,APP,['No Change'],[],fwd
110,CCTCCGGACGAGGATGACTCAGC,0,453,0,PDE,PGE,['D>G'],[154],fwd
111,CCGGACGAGGATGACTCAGCTGC,0,456,0,DED,GGD,"['D>G', 'E>G']","[154, 155]",fwd
112,TGACTCAGCTGCCCCATCCACGT,2,467,0,DSA,DSA,['No Change'],[],fwd
113,CTCAGCTGCCCCATCCACGTTGT,2,470,0,SAA,SAA,['No Change'],[],fwd
114,TGCCCCATCCACGTTGTCCCTGC,2,476,0,APS,APS,['No Change'],[],fwd
115,CCCATCCACGTTGTCCCTGCTGG,2,479,0,PST,PSA,['T>A'],[163],fwd
116,CCATCCACGTTGTCCCTGCTGGG,0,480,0,STL,SAL,['T>A'],[163],fwd
117,CATCCACGTTGTCCCTGCTGGGC,1,481,0,STL,SAL,['T>A'],[163],fwd
118,GCCCCACTTTCCCCGGCTTAAGC,1,502,0,PTF,PAF,['T>A'],[170],fwd
119,GGCTTAAGCAGCTGCTCCGCTGA,0,516,0,LSS,LGS,['S>G'],[175],fwd
120,CGCTGACCTTAAAGACATCCTGA,2,533,0,ADL,AGL,['D>G'],[180],fwd
121,CTGACCTTAAAGACATCCTGAGC,1,535,0,DLK,GLK,['D>G'],[180],fwd
122,GACCTTAAAGACATCCTGAGCGA,0,537,0,LKD,LGD,['K>G'],[182],fwd
123,CCTTAAAGACATCCTGAGCGAGG,2,539,0,LKD,LGD,['K>G'],[182],fwd
124,CTTAAAGACATCCTGAGCGAGGC,0,540,0,KDI,GGI,"['K>G', 'D>G']","[182, 183]",fwd
125,AAGACATCCTGAGCGAGGCCAGC,1,544,0,DIL,GVL,"['D>G', 'I>V']","[183, 184]",fwd
126,CCTGAGCGAGGCCAGCACCATGC,2,551,0,LSE,LGE,['S>G'],[186],fwd
127,CAGCACCATGCAACTCCTTCAGC,2,563,0,STM,SAV,"['T>A', 'M>V']","[190, 191]",fwd
128,CATGCAACTCCTTCAGCAACAGC,2,569,0,MQL,MRL,['Q>R'],[192],fwd
129,GCAACTCCTTCAGCAACAGCAGC,2,572,0,QLL,QLL,['No Change'],[],fwd
130,CTCCTTCAGCAACAGCAGCAGGA,0,576,0,LQQ,LRQ,['Q>R'],[195],fwd
131,CTTCAGCAACAGCAGCAGGAAGC,0,579,0,QQQ,RRQ,"['Q>R', 'Q>R']","[195, 196]",fwd
132,CAGCAACAGCAGCAGGAAGCAGT,0,582,0,QQQ,RRQ,"['Q>R', 'Q>R']","[196, 197]",fwd
133,CAGCAGCAGGAAGCAGTATCCGA,0,588,0,QQE,RRE,"['Q>R', 'Q>R']","[198, 199]",fwd
134,CAGCAGGAAGCAGTATCCGAAGG,0,591,0,QEA,RGA,"['Q>R', 'E>G']","[199, 200]",fwd
135,AGCAGGAAGCAGTATCCGAAGGC,1,592,0,QEA,RGA,"['Q>R', 'E>G']","[199, 200]",fwd
136,AGGAAGCAGTATCCGAAGGCAGC,1,595,0,EAV,GAV,['E>G'],[200],fwd
137,AAGCAGTATCCGAAGGCAGCAGC,1,598,0,AVS,AVS,['No Change'],[],fwd
138,CAGTATCCGAAGGCAGCAGCAGC,1,601,0,VSE,VSE,['No Change'],[],fwd
139,GTATCCGAAGGCAGCAGCAGCGG,0,603,0,SEG,SGG,['E>G'],[204],fwd
140,TATCCGAAGGCAGCAGCAGCGGG,1,604,0,SEG,SGG,['E>G'],[204],fwd
141,ATCCGAAGGCAGCAGCAGCGGGA,2,605,0,SEG,SGG,['E>G'],[204],fwd
142,CCGAAGGCAGCAGCAGCGGGAGA,1,607,0,EGS,GGS,['E>G'],[204],fwd
143,GAAGGCAGCAGCAGCGGGAGAGC,0,609,0,GSS,GGS,['S>G'],[206],fwd
144,AGGCAGCAGCAGCGGGAGAGCGA,2,611,0,GSS,GGG,"['S>G', 'S>G']","[206, 207]",fwd
145,GCAGCAGCAGCGGGAGAGCGAGG,1,613,0,SSS,SGS,['S>G'],[207],fwd
146,CAGCAGCAGCGGGAGAGCGAGGG,2,614,0,SSS,SGG,"['S>G', 'S>G']","[207, 208]",fwd
147,AGCAGCAGCGGGAGAGCGAGGGA,0,615,0,SSG,GGG,"['S>G', 'S>G']","[207, 208]",fwd
148,CAGCAGCGGGAGAGCGAGGGAGG,2,617,0,SSG,SGG,['S>G'],[208],fwd
149,AGCAGCGGGAGAGCGAGGGAGGC,0,618,0,SGR,GGR,['S>G'],[208],fwd
150,CGGGAGAGCGAGGGAGGCCTCGG,2,623,0,GRA,GGA,['R>G'],[210],fwd
151,GGGAGAGCGAGGGAGGCCTCGGG,0,624,0,RAR,GAR,['R>G'],[210],fwd
152,GGAGAGCGAGGGAGGCCTCGGGG,1,625,0,RAR,RAR,['No Change'],[],fwd
153,GAGAGCGAGGGAGGCCTCGGGGG,2,626,0,RAR,RAG,['R>G'],[212],fwd
154,AGAGCGAGGGAGGCCTCGGGGGC,0,627,0,ARE,AGE,['R>G'],[212],fwd
155,TCCTCCAAGGACAATTACTTAGG,0,657,0,SKD,SGD,['K>G'],[222],fwd
156,CCTCCAAGGACAATTACTTAGGG,1,658,0,SKD,SGD,['K>G'],[222],fwd
157,CTCCAAGGACAATTACTTAGGGG,2,659,0,SKD,SGD,['K>G'],[222],fwd
158,TCCAAGGACAATTACTTAGGGGG,0,660,0,KDN,GGN,"['K>G', 'D>G']","[222, 223]",fwd
159,CCAAGGACAATTACTTAGGGGGC,1,661,0,KDN,RGN,"['K>R', 'D>G']","[222, 223]",fwd
160,CAATTACTTAGGGGGCACTTCGA,2,668,0,NYL,NCL,['Y>C'],[225],fwd
161,GGGGGCACTTCGACCATTTCTGA,0,678,0,GTS,GAS,['T>A'],[229],fwd
162,ACTTCGACCATTTCTGACAACGC,0,684,0,STI,SAI,['T>A'],[231],fwd
163,GACCATTTCTGACAACGCCAAGG,2,689,0,TIS,TVS,['I>V'],[232],fwd
164,ACCATTTCTGACAACGCCAAGGA,0,690,0,ISD,VSD,['I>V'],[232],fwd
165,TTCTGACAACGCCAAGGAGTTGT,2,695,0,SDN,SGD,"['D>G', 'N>D']","[234, 235]",fwd
166,CTGACAACGCCAAGGAGTTGTGT,1,697,0,DNA,GGA,"['D>G', 'N>G']","[234, 235]",fwd
167,CAACGCCAAGGAGTTGTGTAAGG,2,701,0,NAK,NAE,['K>E'],[237],fwd
168,AACGCCAAGGAGTTGTGTAAGGC,0,702,0,AKE,AGE,['K>G'],[237],fwd
169,GCCAAGGAGTTGTGTAAGGCAGT,0,705,0,KEL,GGL,"['K>G', 'E>G']","[237, 238]",fwd
170,CAAGGAGTTGTGTAAGGCAGTGT,2,707,0,KEL,KGL,['E>G'],[238],fwd
171,GTTGTGTAAGGCAGTGTCGGTGT,2,713,0,LCK,LCE,['K>E'],[241],fwd
172,TAAGGCAGTGTCGGTGTCCATGG,2,719,0,KAV,KAV,['No Change'],[],fwd
173,AAGGCAGTGTCGGTGTCCATGGG,0,720,0,AVS,AVS,['No Change'],[],fwd
174,AGGCAGTGTCGGTGTCCATGGGC,1,721,0,AVS,AVS,['No Change'],[],fwd
175,GGTGTCCATGGGCCTGGGTGTGG,2,731,0,VSM,VSV,['M>V'],[247],fwd
176,GTGTCCATGGGCCTGGGTGTGGA,0,732,0,SMG,SVG,['M>V'],[247],fwd
177,GTCCATGGGCCTGGGTGTGGAGG,2,734,0,SMG,SVG,['M>V'],[247],fwd
178,TCCATGGGCCTGGGTGTGGAGGC,0,735,0,MGL,VGL,['M>V'],[247],fwd
179,TGTGGAGGCGTTGGAGCATCTGA,2,749,0,VEA,VGA,['E>G'],[252],fwd
180,TGGAGGCGTTGGAGCATCTGAGT,1,751,0,EAL,GAL,['E>G'],[252],fwd
181,GCGTTGGAGCATCTGAGTCCAGG,0,756,0,LEH,LGH,['E>G'],[255],fwd
182,CGTTGGAGCATCTGAGTCCAGGG,1,757,0,LEH,LGH,['E>G'],[255],fwd
183,GTTGGAGCATCTGAGTCCAGGGG,2,758,0,LEH,LGH,['E>G'],[255],fwd
184,TTGGAGCATCTGAGTCCAGGGGA,0,759,0,EHL,GRL,"['E>G', 'H>R']","[255, 256]",fwd
185,GCATCTGAGTCCAGGGGAACAGC,2,764,0,HLS,HLG,['S>G'],[258],fwd
186,TGAGTCCAGGGGAACAGCTTCGG,1,769,0,SPG,SPG,['No Change'],[],fwd
187,GAGTCCAGGGGAACAGCTTCGGG,2,770,0,SPG,SPG,['No Change'],[],fwd
188,AGTCCAGGGGAACAGCTTCGGGG,0,771,0,PGE,PGE,['No Change'],[],fwd
189,GTCCAGGGGAACAGCTTCGGGGG,1,772,0,PGE,PGE,['No Change'],[],fwd
190,TCCAGGGGAACAGCTTCGGGGGG,2,773,0,PGE,PGE,['No Change'],[],fwd
191,CCAGGGGAACAGCTTCGGGGGGA,0,774,0,GEQ,GGQ,['E>G'],[261],fwd
192,GGGAACAGCTTCGGGGGGATTGC,1,778,0,EQL,GRL,"['E>G', 'Q>R']","[261, 262]",fwd
193,TTGCATGTACGCCCCACTTTTGG,2,797,0,CMY,CVY,['M>V'],[268],fwd
194,TGCATGTACGCCCCACTTTTGGG,0,798,0,MYA,VCA,"['M>V', 'Y>C']","[268, 269]",fwd
195,GCATGTACGCCCCACTTTTGGGA,1,799,0,MYA,MCA,['Y>C'],[269],fwd
196,ATGTACGCCCCACTTTTGGGAGT,0,801,0,YAP,CAP,['Y>C'],[269],fwd
197,TTTGGGAGTTCCACCCGCTGTGC,2,815,0,LGV,LGV,['No Change'],[],fwd
198,TGGGAGTTCCACCCGCTGTGCGT,1,817,0,GVP,GVP,['No Change'],[],fwd
199,TCCCACTCCTTGTGCCCCATTGG,2,839,0,PTP,PAP,['T>A'],[282],fwd
200,CCCACTCCTTGTGCCCCATTGGC,0,840,0,TPC,APC,['T>A'],[282],fwd
201,GCCCCATTGGCCGAATGCAAAGG,0,852,0,PLA,PLA,['No Change'],[],fwd
202,CCCCATTGGCCGAATGCAAAGGT,1,853,0,PLA,PLA,['No Change'],[],fwd
203,GGCCGAATGCAAAGGTTCTCTGC,2,860,0,AEC,AGC,['E>G'],[289],fwd
204,GAATGCAAAGGTTCTCTGCTAGA,0,864,0,CKG,CGG,['K>G'],[291],fwd
205,TGCAAAGGTTCTCTGCTAGACGA,0,867,0,KGS,GGS,['K>G'],[291],fwd
206,CTCTGCTAGACGACAGCGCAGGC,1,877,0,LLD,LLD,['No Change'],[],fwd
207,GCTAGACGACAGCGCAGGCAAGA,2,881,0,LDD,LGD,['D>G'],[296],fwd
208,TAGACGACAGCGCAGGCAAGAGC,1,883,0,DDS,GGS,"['D>G', 'D>G']","[296, 297]",fwd
209,GACAGCGCAGGCAAGAGCACTGA,0,888,0,SAG,GAG,['S>G'],[298],fwd
210,AGCGCAGGCAAGAGCACTGAAGA,0,891,0,AGK,AGK,['No Change'],[],fwd
211,GGCAAGAGCACTGAAGATACTGC,0,897,0,KST,GGT,"['K>G', 'S>G']","[301, 302]",fwd
212,AAGAGCACTGAAGATACTGCTGA,0,900,0,STE,GAE,"['S>G', 'T>A']","[302, 303]",fwd
213,GAGCACTGAAGATACTGCTGAGT,2,902,0,STE,SAE,['T>A'],[303],fwd
214,TGCTGAGTATTCCCCTTTCAAGG,2,917,0,AEY,AGY,['E>G'],[308],fwd
215,GCTGAGTATTCCCCTTTCAAGGG,0,918,0,EYS,GCS,"['E>G', 'Y>C']","[308, 309]",fwd
216,CTGAGTATTCCCCTTTCAAGGGA,1,919,0,EYS,GCS,"['E>G', 'Y>C']","[308, 309]",fwd
217,GAGTATTCCCCTTTCAAGGGAGG,0,921,0,YSP,CSP,['Y>C'],[309],fwd
218,AGTATTCCCCTTTCAAGGGAGGT,1,922,0,YSP,CSP,['Y>C'],[309],fwd
219,TTCAAGGGAGGTTACACCAAAGG,0,933,0,KGG,GGG,['K>G'],[313],fwd
220,TCAAGGGAGGTTACACCAAAGGG,1,934,0,KGG,RGG,['K>R'],[313],fwd
221,CAAGGGAGGTTACACCAAAGGGC,2,935,0,KGG,KGG,['No Change'],[],fwd
222,GGAGGTTACACCAAAGGGCTAGA,0,939,0,GYT,GCT,['Y>C'],[316],fwd
223,GGTTACACCAAAGGGCTAGAAGG,0,942,0,YTK,CAK,"['Y>C', 'T>A']","[316, 317]",fwd
224,GTTACACCAAAGGGCTAGAAGGC,1,943,0,YTK,CAK,"['Y>C', 'T>A']","[316, 317]",fwd
225,TACACCAAAGGGCTAGAAGGCGA,0,945,0,TKG,AGG,"['T>A', 'K>G']","[317, 318]",fwd
226,CACCAAAGGGCTAGAAGGCGAGA,2,947,0,TKG,TGG,['K>G'],[318],fwd
227,CCAAAGGGCTAGAAGGCGAGAGC,1,949,0,KGL,RGL,['K>R'],[318],fwd
228,GGGCTAGAAGGCGAGAGCCTAGG,0,954,0,LEG,LGG,['E>G'],[321],fwd
229,GGCTAGAAGGCGAGAGCCTAGGC,1,955,0,LEG,LGG,['E>G'],[321],fwd
230,TAGAAGGCGAGAGCCTAGGCTGC,1,958,0,EGE,GGE,['E>G'],[321],fwd
231,GGCGAGAGCCTAGGCTGCTCTGG,0,963,0,ESL,GGL,"['E>G', 'S>G']","[323, 324]",fwd
232,GCGAGAGCCTAGGCTGCTCTGGC,1,964,0,ESL,GGL,"['E>G', 'S>G']","[323, 324]",fwd
233,AGAGCCTAGGCTGCTCTGGCAGC,1,967,0,SLG,SLG,['No Change'],[],fwd
234,AGCCTAGGCTGCTCTGGCAGCGC,0,969,0,LGC,LGC,['No Change'],[],fwd
235,CTCTGGCAGCGCTGCAGCAGGGA,2,980,0,SGS,SGG,['S>G'],[330],fwd
236,CTGGCAGCGCTGCAGCAGGGAGC,1,982,0,GSA,GGA,['S>G'],[330],fwd
237,GCGCTGCAGCAGGGAGCTCCGGG,1,988,0,AAA,AAA,['No Change'],[],fwd
238,CGCTGCAGCAGGGAGCTCCGGGA,2,989,0,AAA,AAA,['No Change'],[],fwd
239,GCAGGGAGCTCCGGGACACTTGA,0,996,0,GSS,GGS,['S>G'],[335],fwd
240,CTCCGGGACACTTGAACTGCCGT,2,1004,0,SGT,SGA,['T>A'],[338],fwd
241,ACTTGAACTGCCGTCTACCCTGT,2,1013,0,LEL,LGL,['E>G'],[340],fwd
242,GTCTACCCTGTCTCTCTACAAGT,2,1025,0,STL,SAL,['T>A'],[344],fwd
243,TCTCTACAAGTCCGGAGCACTGG,2,1037,0,LYK,LCE,"['Y>C', 'K>E']","[348, 349]",fwd
244,CTCTACAAGTCCGGAGCACTGGA,0,1038,0,YKS,CGS,"['Y>C', 'K>G']","[348, 349]",fwd
245,TACAAGTCCGGAGCACTGGACGA,0,1041,0,KSG,GSG,['K>G'],[349],fwd
246,TCCGGAGCACTGGACGAGGCAGC,0,1047,0,GAL,GAL,['No Change'],[],fwd
247,GGAGCACTGGACGAGGCAGCTGC,0,1050,0,ALD,ALD,['No Change'],[],fwd
248,AGCACTGGACGAGGCAGCTGCGT,2,1052,0,ALD,ALD,['No Change'],[],fwd
249,GGACGAGGCAGCTGCGTACCAGA,2,1058,0,DEA,DGA,['E>G'],[355],fwd
250,ACGAGGCAGCTGCGTACCAGAGT,1,1060,0,EAA,GAA,['E>G'],[355],fwd
251,AGGCAGCTGCGTACCAGAGTCGC,1,1063,0,AAA,AAA,['No Change'],[],fwd
252,CGACTACTACAACTTTCCACTGG,2,1085,0,DYY,DCY,['Y>C'],[364],fwd
253,GACTACTACAACTTTCCACTGGC,0,1086,0,YYN,CCN,"['Y>C', 'Y>C']","[364, 365]",fwd
254,CTACAACTTTCCACTGGCTCTGG,2,1091,0,YNF,YGF,['N>G'],[366],fwd
255,TACAACTTTCCACTGGCTCTGGC,0,1092,0,NFP,GFP,['N>G'],[366],fwd
256,ACTTTCCACTGGCTCTGGCCGGA,1,1096,0,FPL,FPL,['No Change'],[],fwd
257,TCCACTGGCTCTGGCCGGACCGC,2,1100,0,PLA,PLA,['No Change'],[],fwd
258,GGCCGGACCGCCGCCCCCTCCGC,2,1112,0,AGP,AGP,['No Change'],[],fwd
259,CGGACCGCCGCCCCCTCCGCCGC,2,1115,0,GPP,GPP,['No Change'],[],fwd
260,TCCCCACGCTCGCATCAAGCTGG,2,1145,0,PHA,PRA,['H>R'],[384],fwd
261,CCCCACGCTCGCATCAAGCTGGA,0,1146,0,HAR,RAR,['H>R'],[384],fwd
262,TCGCATCAAGCTGGAGAACCCGC,2,1154,0,RIK,RVE,"['I>V', 'K>E']","[387, 388]",fwd
263,CATCAAGCTGGAGAACCCGCTGG,2,1157,0,IKL,IGL,['K>G'],[388],fwd
264,ATCAAGCTGGAGAACCCGCTGGA,0,1158,0,KLE,GLE,['K>G'],[388],fwd
265,CTGGAGAACCCGCTGGACTACGG,0,1164,0,ENP,GGP,"['E>G', 'N>G']","[390, 391]",fwd
266,TGGAGAACCCGCTGGACTACGGC,1,1165,0,ENP,GGP,"['E>G', 'N>G']","[390, 391]",fwd
267,AGAACCCGCTGGACTACGGCAGC,1,1168,0,NPL,SPL,['N>S'],[391],fwd
268,CGCTGGACTACGGCAGCGCCTGG,1,1174,0,LDY,LGY,['D>G'],[394],fwd
269,GCTGGACTACGGCAGCGCCTGGG,2,1175,0,LDY,LGY,['D>G'],[394],fwd
270,CTGGACTACGGCAGCGCCTGGGC,0,1176,0,DYG,GCG,"['D>G', 'Y>C']","[394, 395]",fwd
271,GGACTACGGCAGCGCCTGGGCGG,2,1178,0,DYG,DCG,['Y>C'],[395],fwd
272,GACTACGGCAGCGCCTGGGCGGC,0,1179,0,YGS,CGS,['Y>C'],[395],fwd
273,TACGGCAGCGCCTGGGCGGCTGC,0,1182,0,GSA,GGA,['S>G'],[397],fwd
274,CGGCAGCGCCTGGGCGGCTGCGG,2,1184,0,GSA,GGA,['S>G'],[397],fwd
275,GGCAGCGCCTGGGCGGCTGCGGC,0,1185,0,SAW,GAW,['S>G'],[397],fwd
276,GCGGCGCAGTGCCGCTATGGGGA,0,1206,0,AQC,ARC,['Q>R'],[405],fwd
277,GCCGCTATGGGGACCTGGCGAGC,1,1216,0,RYG,RCG,['Y>C'],[408],fwd
278,GGGGACCTGGCGAGCCTGCATGG,0,1224,0,DLA,GLA,['D>G'],[410],fwd
279,GGGACCTGGCGAGCCTGCATGGC,1,1225,0,DLA,GLA,['D>G'],[410],fwd
280,CCTGGCGAGCCTGCATGGCGCGG,2,1229,0,LAS,LAG,['S>G'],[413],fwd
281,CTGGCGAGCCTGCATGGCGCGGG,0,1230,0,ASL,AGL,['S>G'],[413],fwd
282,TGGCGAGCCTGCATGGCGCGGGT,1,1231,0,ASL,AGL,['S>G'],[413],fwd
283,GCGAGCCTGCATGGCGCGGGTGC,0,1233,0,SLH,GLH,['S>G'],[413],fwd
284,AGCCTGCATGGCGCGGGTGCAGC,0,1236,0,LHG,LRG,['H>R'],[415],fwd
285,CCTGCATGGCGCGGGTGCAGCGG,2,1238,0,LHG,LRG,['H>R'],[415],fwd
286,CTGCATGGCGCGGGTGCAGCGGG,0,1239,0,HGA,RGA,['H>R'],[415],fwd
287,TGCATGGCGCGGGTGCAGCGGGA,1,1240,0,HGA,RGA,['H>R'],[415],fwd
288,GGTGCAGCGGGACCCGGTTCTGG,0,1251,0,AAG,AAG,['No Change'],[],fwd
289,GTGCAGCGGGACCCGGTTCTGGG,1,1252,0,AAG,AAG,['No Change'],[],fwd
290,TGCAGCGGGACCCGGTTCTGGGT,2,1253,0,AAG,AAG,['No Change'],[],fwd
291,TCCTGGCACACTCTCTTCACAGC,0,1299,0,WHT,WRT,['H>R'],[436],fwd
292,TGGCACACTCTCTTCACAGCCGA,0,1302,0,HTL,RAL,"['H>R', 'T>A']","[436, 437]",fwd
293,CACACTCTCTTCACAGCCGAAGA,0,1305,0,TLF,ALF,['T>A'],[437],fwd
294,CTTCACAGCCGAAGAAGGCCAGT,2,1313,0,FTA,FAA,['T>A'],[440],fwd
295,CACAGCCGAAGAAGGCCAGTTGT,2,1316,0,TAE,TAE,['No Change'],[],fwd
296,GCCGAAGAAGGCCAGTTGTATGG,0,1320,0,EEG,GGG,"['E>G', 'E>G']","[442, 443]",fwd
297,CCGAAGAAGGCCAGTTGTATGGA,1,1321,0,EEG,GGG,"['E>G', 'E>G']","[442, 443]",fwd
298,AGAAGGCCAGTTGTATGGACCGT,2,1325,0,EGQ,EGQ,['No Change'],[],fwd
299,AAGGCCAGTTGTATGGACCGTGT,1,1327,0,GQL,GRL,['Q>R'],[445],fwd
300,GGCCAGTTGTATGGACCGTGTGG,0,1329,0,QLY,RLY,['Q>R'],[445],fwd
301,GCCAGTTGTATGGACCGTGTGGT,1,1330,0,QLY,RLY,['Q>R'],[445],fwd
302,CAGTTGTATGGACCGTGTGGTGG,0,1332,0,LYG,LCG,['Y>C'],[447],fwd
303,AGTTGTATGGACCGTGTGGTGGT,1,1333,0,LYG,LCG,['Y>C'],[447],fwd
304,TTGTATGGACCGTGTGGTGGTGG,0,1335,0,YGP,CGP,['Y>C'],[447],fwd
305,TGTATGGACCGTGTGGTGGTGGT,1,1336,0,YGP,CGP,['Y>C'],[447],fwd
306,TATGGACCGTGTGGTGGTGGTGG,0,1338,0,GPC,GPC,['No Change'],[],fwd
307,ATGGACCGTGTGGTGGTGGTGGG,1,1339,0,GPC,GPC,['No Change'],[],fwd
308,TGGACCGTGTGGTGGTGGTGGGG,2,1340,0,GPC,GPC,['No Change'],[],fwd
309,GGCGGCGAGGCGGGAGCTGTAGC,0,1413,0,GEA,GGA,['E>G'],[474],fwd
310,GCGGGAGCTGTAGCCCCCTACGG,0,1422,0,GAV,GAV,['No Change'],[],fwd
311,CGGGAGCTGTAGCCCCCTACGGC,1,1423,0,GAV,GAV,['No Change'],[],fwd
312,CGGCTACACTCGGCCCCCTCAGG,2,1442,0,GYT,GCA,"['Y>C', 'T>A']","[483, 484]",fwd
313,GGCTACACTCGGCCCCCTCAGGG,0,1443,0,YTR,CAR,"['Y>C', 'T>A']","[483, 484]",fwd
314,GCTACACTCGGCCCCCTCAGGGG,1,1444,0,YTR,CAR,"['Y>C', 'T>A']","[483, 484]",fwd
315,CTACACTCGGCCCCCTCAGGGGC,2,1445,0,YTR,YAR,['T>A'],[484],fwd
316,CCCTCAGGGGCTGGCGGGCCAGG,2,1457,0,PQG,PRG,['Q>R'],[488],fwd
317,CCTCAGGGGCTGGCGGGCCAGGA,0,1458,0,QGL,RGL,['Q>R'],[488],fwd
318,GGCCAGGAAAGCGACTTCACCGC,0,1473,0,QES,RGS,"['Q>R', 'E>G']","[493, 494]",fwd
319,GAAAGCGACTTCACCGCACCTGA,0,1479,0,SDF,GGF,"['S>G', 'D>G']","[495, 496]",fwd
320,AGCGACTTCACCGCACCTGATGT,0,1482,0,DFT,GFT,['D>G'],[496],fwd
321,CGACTTCACCGCACCTGATGTGT,2,1484,0,DFT,DFA,['T>A'],[498],fwd
322,ACTTCACCGCACCTGATGTGTGG,1,1486,0,FTA,FAA,['T>A'],[498],fwd
323,CTTCACCGCACCTGATGTGTGGT,2,1487,0,FTA,FAA,['T>A'],[498],fwd
324,GCACCTGATGTGTGGTACCCTGG,0,1494,0,PDV,PGV,['D>G'],[501],fwd
325,CACCTGATGTGTGGTACCCTGGC,1,1495,0,PDV,PGV,['D>G'],[501],fwd
326,CCTGATGTGTGGTACCCTGGCGG,0,1497,0,DVW,GVW,['D>G'],[501],fwd
327,CTGATGTGTGGTACCCTGGCGGC,1,1498,0,DVW,GVW,['D>G'],[501],fwd
328,GTGTGGTACCCTGGCGGCATGGT,0,1503,0,WYP,WCP,['Y>C'],[504],fwd
329,GTGGTACCCTGGCGGCATGGTGA,2,1505,0,WYP,WCP,['Y>C'],[504],fwd
330,GGTACCCTGGCGGCATGGTGAGC,1,1507,0,YPG,CPG,['Y>C'],[504],fwd
331,TGGCGGCATGGTGAGCAGAGTGC,2,1514,0,GGM,GGV,['M>V'],[508],fwd
332,TGAGCAGAGTGCCCTATCCCAGT,1,1525,0,SRV,SGV,['R>G'],[511],fwd
333,TGCCCTATCCCAGTCCCACTTGT,1,1534,0,PYP,PCP,['Y>C'],[514],fwd
334,CCCTATCCCAGTCCCACTTGTGT,0,1536,0,YPS,CPS,['Y>C'],[514],fwd
335,AGTCCCACTTGTGTCAAAAGCGA,0,1545,0,PTC,PAC,['T>A'],[518],fwd
336,TCAAAAGCGAAATGGGCCCCTGG,1,1558,0,KSE,RGE,"['K>R', 'S>G']","[521, 522]",fwd
337,CAAAAGCGAAATGGGCCCCTGGA,2,1559,0,KSE,KGE,['S>G'],[522],fwd
338,AAGCGAAATGGGCCCCTGGATGG,2,1562,0,SEM,SGV,"['E>G', 'M>V']","[523, 524]",fwd
339,AGCGAAATGGGCCCCTGGATGGA,0,1563,0,EMG,GVG,"['E>G', 'M>V']","[523, 524]",fwd
340,CCCTGGATGGATAGCTACTCCGG,0,1575,0,WMD,WVD,['M>V'],[528],fwd
341,CCTGGATGGATAGCTACTCCGGA,1,1576,0,WMD,WVD,['M>V'],[528],fwd
342,GATAGCTACTCCGGACCTTACGG,0,1584,0,SYS,GCS,"['S>G', 'Y>C']","[530, 531]",fwd
343,ATAGCTACTCCGGACCTTACGGG,1,1585,0,SYS,SCS,['Y>C'],[531],fwd
344,TAGCTACTCCGGACCTTACGGGG,2,1586,0,SYS,SCS,['Y>C'],[531],fwd
345,AGCTACTCCGGACCTTACGGGGA,0,1587,0,YSG,CSG,['Y>C'],[531],fwd
346,CTCCGGACCTTACGGGGACATGC,2,1592,0,SGP,SGP,['No Change'],[],fwd
347,CCGGACCTTACGGGGACATGCGg,1,1594,0,GPY,GPY,['No Change'],[],fwd
348,CGGACCTTACGGGGACATGCGgt,2,1595,0,GPY,GPY,['No Change'],[],fwd
349,CCTTACGGGGACATGCGgtaagt,0,1599,0,YGD,CGD,['Y>C'],[535],fwd
350,TTGGAGACTGCCAGGGACCATGT,0,1617,1,ETA,GAA,"['E>G', 'T>A']","[541, 542]",fwd
351,GACTGCCAGGGACCATGTTTTGC,2,1622,1,TAR,TAG,['R>G'],[544],fwd
352,AGGGACCATGTTTTGCCCATTGA,0,1629,1,DHV,GRV,"['D>G', 'H>R']","[545, 546]",fwd
353,TGACTATTACTTTCCACCCCAGA,2,1649,1,DYY,DCY,['Y>C'],[552],fwd
354,CTATTACTTTCCACCCCAGAAGA,2,1652,1,YYF,YCF,['Y>C'],[553],fwd
355,ACTTTCCACCCCAGAAGACCTGC,1,1657,1,FPP,FPP,['No Change'],[],fwd
356,TCCACCCCAGAAGACCTGCCTGA,2,1661,1,PPQ,PPQ,['No Change'],[],fwd
357,CCCAGAAGACCTGCCTGATCTGT,1,1666,1,QKT,RGT,"['Q>R', 'K>G']","[557, 558]",fwd
358,CAGAAGACCTGCCTGATCTGTGG,0,1668,1,KTC,GAC,"['K>G', 'T>A']","[558, 559]",fwd
359,AGAAGACCTGCCTGATCTGTGGA,1,1669,1,KTC,RAC,"['K>R', 'T>A']","[558, 559]",fwd
360,AAGACCTGCCTGATCTGTGGAGA,0,1671,1,TCL,ACL,['T>A'],[559],fwd
361,TGCCTGATCTGTGGAGATGAAGC,0,1677,1,LIC,LVC,['I>V'],[562],fwd
362,TCTGTGGAGATGAAGCTTCTGGG,1,1684,1,CGD,CGD,['No Change'],[],fwd
363,CTGTGGAGATGAAGCTTCTGGGT,2,1685,1,CGD,CGD,['No Change'],[],fwd
364,GTGGAGATGAAGCTTCTGGGTGT,1,1687,1,GDE,GGE,['D>G'],[565],fwd
365,GTCACTATGGAGCTCTCACATGT,1,1708,1,HYG,RCG,"['H>R', 'Y>C']","[571, 572]",fwd
366,CACTATGGAGCTCTCACATGTGG,0,1710,1,YGA,CGA,['Y>C'],[572],fwd
367,ACTATGGAGCTCTCACATGTGGA,1,1711,1,YGA,CGA,['Y>C'],[572],fwd
368,ATGGAGCTCTCACATGTGGAAGC,1,1714,1,GAL,GAL,['No Change'],[],fwd
369,TCTCACATGTGGAAGCTGCAAGG,2,1721,1,LTC,LAC,['T>A'],[576],fwd
370,CTCACATGTGGAAGCTGCAAGGT,0,1722,1,TCG,ACG,['T>A'],[576],fwd
371,GCTGCAAGGTCTTCTTCAAAAGA,1,1735,1,CKV,CGV,['K>G'],[581],fwd
372,TGCAAGGTCTTCTTCAAAAGAGC,0,1737,1,KVF,GVF,['K>G'],[581],fwd
373,TTCTTCAAAAGAGCCGCTGAAGg,0,1746,1,FKR,FGR,['K>G'],[585],fwd
374,TCTTCAAAAGAGCCGCTGAAGgt,1,1747,1,FKR,FGR,['K>G'],[585],fwd
375,AAAAGAGCCGCTGAAGgtaaagg,0,1752,1,RAA,GAA,['R>G'],[586],fwd
376,AAAGAGCCGCTGAAGgtaaaggg,1,1753,1,RAA,RAA,['No Change'],[],fwd
377,AAGAGCCGCTGAAGgtaaagggt,2,1754,1,RAA,RAA,['No Change'],[],fwd
378,CCGCTGAAGgtaaagggtcttgc,1,1759,1,AE,AG,['E>G'],[589],fwd
379,cccagGGAAACAGAAGTACCTGT,2,1763,2,K,E,['K>E'],[591],fwd
380,cagGGAAACAGAAGTACCTGTGC,1,1765,2,KQ,GQ,['K>G'],[591],fwd
381,gGGAAACAGAAGTACCTGTGCGC,0,1767,2,KQK,GRK,"['K>G', 'Q>R']","[591, 592]",fwd
382,AACAGAAGTACCTGTGCGCCAGC,1,1771,2,QKY,RGY,"['Q>R', 'K>G']","[592, 593]",fwd
383,AGAAGTACCTGTGCGCCAGCAGA,1,1774,2,KYL,RCL,"['K>R', 'Y>C']","[593, 594]",fwd
384,AGCAGAAATGATTGCACTATTGA,0,1791,2,RND,GGD,"['R>G', 'N>G']","[599, 600]",fwd
385,ATTGCACTATTGATAAATTCCGA,1,1801,2,CTI,CAI,['T>A'],[603],fwd
386,GCACTATTGATAAATTCCGAAGG,1,1804,2,TID,TVD,['I>V'],[604],fwd
387,CACTATTGATAAATTCCGAAGGA,2,1805,2,TID,TVD,['I>V'],[604],fwd
388,ATAAATTCCGAAGGAAAAATTGT,1,1813,2,KFR,RFR,['K>R'],[606],fwd
389,GAAGGAAAAATTGTCCATCTTGT,1,1822,2,RKN,RGN,['K>G'],[610],fwd
390,GGAAAAATTGTCCATCTTGTCGT,1,1825,2,KNC,RGC,"['K>R', 'N>G']","[610, 611]",fwd
391,ATTGTCCATCTTGTCGTCTTCGG,1,1831,2,CPS,CPS,['No Change'],[],fwd
392,TTGTCCATCTTGTCGTCTTCGGA,2,1832,2,CPS,CPS,['No Change'],[],fwd
393,CTTCGGAAATGTTATGAAGCAGG,0,1848,2,RKC,RGC,['K>G'],[619],fwd
394,TTCGGAAATGTTATGAAGCAGGG,1,1849,2,RKC,RGC,['K>G'],[619],fwd
395,TCGGAAATGTTATGAAGCAGGGA,2,1850,2,RKC,RGC,['K>G'],[619],fwd
396,GAAATGTTATGAAGCAGGGATGA,2,1853,2,KCY,KCY,['No Change'],[],fwd
397,TTATGAAGCAGGGATGACTCTGG,2,1859,2,YEA,YGA,['E>G'],[622],fwd
398,TATGAAGCAGGGATGACTCTGGG,0,1860,2,EAG,GAG,['E>G'],[622],fwd
399,ATGAAGCAGGGATGACTCTGGGA,1,1861,2,EAG,GAG,['E>G'],[622],fwd
400,GAAGCAGGGATGACTCTGGGAGg,0,1863,2,AGM,AGM,['No Change'],[],fwd
401,AAGCAGGGATGACTCTGGGAGgt,1,1864,2,AGM,AGM,['No Change'],[],fwd
402,AGGGATGACTCTGGGAGgtaaga,2,1868,2,GMT,GVA,"['M>V', 'T>A']","[625, 626]",fwd
403,gCCCGGAAGCTGAAGAAACTTGG,0,1884,3,RKL,RGL,['K>G'],[631],fwd
404,CCCGGAAGCTGAAGAAACTTGGT,1,1885,3,RKL,RGL,['K>G'],[631],fwd
405,GCTGAAGAAACTTGGTAATCTGA,2,1892,3,LKK,LGE,"['K>G', 'K>E']","[633, 634]",fwd
406,ACTTGGTAATCTGAAACTACAGG,2,1901,3,LGN,LGD,['N>D'],[637],fwd
407,CTTGGTAATCTGAAACTACAGGA,0,1902,3,GNL,GGL,['N>G'],[637],fwd
408,TGGTAATCTGAAACTACAGGAGG,2,1904,3,GNL,GGL,['N>G'],[637],fwd
409,GGTAATCTGAAACTACAGGAGGA,0,1905,3,NLK,GLK,['N>G'],[637],fwd
410,AATCTGAAACTACAGGAGGAAGG,0,1908,3,LKL,LGL,['K>G'],[639],fwd
411,ATCTGAAACTACAGGAGGAAGGA,1,1909,3,LKL,LGL,['K>G'],[639],fwd
412,CTGAAACTACAGGAGGAAGGAGA,0,1911,3,KLQ,GLQ,['K>G'],[639],fwd
413,GAAACTACAGGAGGAAGGAGAGG,2,1913,3,KLQ,KLQ,['No Change'],[],fwd
414,AAACTACAGGAGGAAGGAGAGGC,0,1914,3,LQE,LRE,['Q>R'],[641],fwd
415,AGGAGGAAGGAGAGGCTTCCAGC,1,1921,3,EEG,GGG,"['E>G', 'E>G']","[642, 643]",fwd
416,GAGAGGCTTCCAGCACCACCAGC,1,1930,3,EAS,GAS,['E>G'],[645],fwd
417,TCCAGCACCACCAGCCCCACTGA,0,1938,3,STT,GAT,"['S>G', 'T>A']","[648, 649]",fwd
418,CAGCACCACCAGCCCCACTGAGG,2,1940,3,STT,SAA,"['T>A', 'T>A']","[649, 650]",fwd
419,AGCACCACCAGCCCCACTGAGGA,0,1941,3,TTS,AAS,"['T>A', 'T>A']","[649, 650]",fwd
420,CACCACCAGCCCCACTGAGGAGA,2,1943,3,TTS,TAG,"['T>A', 'S>G']","[650, 651]",fwd
421,CCCCACTGAGGAGACAACCCAGA,2,1952,3,PTE,PAE,['T>A'],[653],fwd
422,CACTGAGGAGACAACCCAGAAGC,2,1955,3,TEE,TGE,['E>G'],[654],fwd
423,TGAGGAGACAACCCAGAAGCTGA,2,1958,3,EET,EGA,"['E>G', 'T>A']","[655, 656]",fwd
424,GAGACAACCCAGAAGCTGACAGT,0,1962,3,TTQ,AAQ,"['T>A', 'T>A']","[656, 657]",fwd
425,GACAACCCAGAAGCTGACAGTGT,2,1964,3,TTQ,TAQ,['T>A'],[657],fwd
426,AAGCTGACAGTGTCACACATTGA,0,1974,3,LTV,LAV,['T>A'],[661],fwd
427,CTGACAGTGTCACACATTGAAGG,0,1977,3,TVS,AVS,['T>A'],[661],fwd
428,TGACAGTGTCACACATTGAAGGC,1,1978,3,TVS,TVS,['No Change'],[],fwd
429,GTGTCACACATTGAAGGCTATGA,0,1983,3,SHI,SRI,['H>R'],[664],fwd
430,CACACATTGAAGGCTATGAATGT,1,1987,3,HIE,RVE,"['H>R', 'I>V']","[664, 665]",fwd
431,CATTGAAGGCTATGAATGTCAGC,2,1991,3,IEG,IGG,['E>G'],[666],fwd
432,TGAATGTCAGCCCATCTTTCTGA,2,2003,3,ECQ,ECQ,['No Change'],[],fwd
433,TGTCAGCCCATCTTTCTGAATGT,0,2007,3,QPI,RPI,['Q>R'],[671],fwd
434,GCCCATCTTTCTGAATGTCCTGG,2,2012,3,PIF,PVF,['I>V'],[673],fwd
435,CCCATCTTTCTGAATGTCCTGGA,0,2013,3,IFL,VFL,['I>V'],[673],fwd
436,CTGAATGTCCTGGAAGCCATTGA,0,2022,3,NVL,GVL,['N>G'],[676],fwd
437,GTCCTGGAAGCCATTGAGCCAGG,0,2028,3,LEA,LGA,['E>G'],[679],fwd
438,TCCTGGAAGCCATTGAGCCAGGT,1,2029,3,LEA,LGA,['E>G'],[679],fwd
439,CTGGAAGCCATTGAGCCAGGTGT,0,2031,3,EAI,GAI,['E>G'],[679],fwd
440,GAAGCCATTGAGCCAGGTGTAGT,0,2034,3,AIE,AVE,['I>V'],[681],fwd
441,AGCCATTGAGCCAGGTGTAGTGT,2,2036,3,AIE,AVE,['I>V'],[681],fwd
442,CCATTGAGCCAGGTGTAGTGTGT,1,2038,3,IEP,IGP,['E>G'],[682],fwd
443,ATTGAGCCAGGTGTAGTGTGTGC,0,2040,3,EPG,GPG,['E>G'],[682],fwd
444,GAGCCAGGTGTAGTGTGTGCTGG,0,2043,3,PGV,PGV,['No Change'],[],fwd
445,AGCCAGGTGTAGTGTGTGCTGGA,1,2044,3,PGV,PGV,['No Change'],[],fwd
446,GGTGTAGTGTGTGCTGGACACGA,0,2049,3,VVC,VVC,['No Change'],[],fwd
447,TGCTGGACACGACAACAACCAGC,2,2060,3,AGH,AGH,['No Change'],[],fwd
448,GGACACGACAACAACCAGCCCGA,0,2064,3,HDN,RGN,"['H>R', 'D>G']","[690, 691]",fwd
449,AACAACCAGCCCGACTCCTTTGC,0,2073,3,NQP,GRP,"['N>G', 'Q>R']","[693, 694]",fwd
450,AACCAGCCCGACTCCTTTGCAGC,0,2076,3,QPD,RPD,['Q>R'],[694],fwd
451,GCCCGACTCCTTTGCAGCCTTGC,2,2081,3,PDS,PGS,['D>G'],[696],fwd
452,CCTTTGCAGCCTTGCTCTCTAGC,1,2089,3,FAA,FAA,['No Change'],[],fwd
453,GCTCTCTAGCCTCAATGAACTGG,2,2102,3,LSS,LSG,['S>G'],[704],fwd
454,CTCTCTAGCCTCAATGAACTGGG,0,2103,3,SSL,SGL,['S>G'],[704],fwd
455,TCTCTAGCCTCAATGAACTGGGA,1,2104,3,SSL,SGL,['S>G'],[704],fwd
456,TCTAGCCTCAATGAACTGGGAGA,0,2106,3,SLN,GLN,['S>G'],[704],fwd
457,TAGCCTCAATGAACTGGGAGAGA,2,2108,3,SLN,SLD,['N>D'],[706],fwd
458,GCCTCAATGAACTGGGAGAGAGA,1,2110,3,LNE,LGE,['N>G'],[706],fwd
459,CAATGAACTGGGAGAGAGACAGC,2,2114,3,NEL,NGL,['E>G'],[707],fwd
460,GGAGAGAGACAGCTTGTACACGT,0,2124,3,ERQ,GGQ,"['E>G', 'R>G']","[710, 711]",fwd
461,AGAGAGACAGCTTGTACACGTGG,2,2126,3,ERQ,EGQ,['R>G'],[711],fwd
462,GAGAGACAGCTTGTACACGTGGT,0,2127,3,RQL,GRL,"['R>G', 'Q>R']","[711, 712]",fwd
463,AGCTTGTACACGTGGTCAAGTGG,1,2134,3,LVH,LVH,['No Change'],[],fwd
464,GCTTGTACACGTGGTCAAGTGGG,2,2135,3,LVH,LVH,['No Change'],[],fwd
465,CTTGTACACGTGGTCAAGTGGGC,0,2136,3,VHV,VRV,['H>R'],[715],fwd
466,GGTCAAGTGGGCCAAGGCCTTGC,2,2147,3,VKW,VGW,['K>G'],[718],fwd
467,GGCCAAGGCCTTGCCTGgtaagg,2,2156,3,AKA,AGA,['K>G'],[721],fwd
468,GCCAAGGCCTTGCCTGgtaagga,0,2157,3,KAL,GAL,['K>G'],[721],fwd
469,TTCCGCAACTTACACGTGGACGA,0,2175,4,RNL,RGL,['N>G'],[728],fwd
470,CAACTTACACGTGGACGACCAGA,2,2180,4,NLH,NLH,['No Change'],[],fwd
471,CTTACACGTGGACGACCAGATGG,2,2183,4,LHV,LRV,['H>R'],[730],fwd
472,TTACACGTGGACGACCAGATGGC,0,2184,4,HVD,RVD,['H>R'],[730],fwd
473,CACGTGGACGACCAGATGGCTGT,0,2187,4,VDD,VGD,['D>G'],[732],fwd
474,CGACCAGATGGCTGTCATTCAGT,2,2195,4,DQM,DRV,"['Q>R', 'M>V']","[734, 735]",fwd
475,GGCTGTCATTCAGTACTCCTGGA,2,2204,4,AVI,AVV,['I>V'],[738],fwd
476,TGTCATTCAGTACTCCTGGATGG,2,2207,4,VIQ,VVQ,['I>V'],[738],fwd
477,GTCATTCAGTACTCCTGGATGGG,0,2208,4,IQY,VRY,"['I>V', 'Q>R']","[738, 739]",fwd
478,TCATTCAGTACTCCTGGATGGGG,1,2209,4,IQY,IRY,['Q>R'],[739],fwd
479,CATTCAGTACTCCTGGATGGGGC,2,2210,4,IQY,IRY,['Q>R'],[739],fwd
480,CTCCTGGATGGGGCTCATGGTGT,2,2219,4,SWM,SWV,['M>V'],[743],fwd
481,TGGATGGGGCTCATGGTGTTTGC,0,2223,4,MGL,VGL,['M>V'],[743],fwd
482,GGGGCTCATGGTGTTTGCCATGG,2,2228,4,GLM,GLV,['M>V'],[746],fwd
483,GGGCTCATGGTGTTTGCCATGGG,0,2229,4,LMV,LVV,['M>V'],[746],fwd
484,GGCTCATGGTGTTTGCCATGGGC,1,2230,4,LMV,LVV,['M>V'],[746],fwd
485,CCTTCACCAATGTCAACTCCAGG,1,2260,4,FTN,FAN,['T>A'],[756],fwd
486,CTTCACCAATGTCAACTCCAGGA,2,2261,4,FTN,FAD,"['T>A', 'N>D']","[756, 757]",fwd
487,CACCAATGTCAACTCCAGGATGC,2,2264,4,TNV,TGV,['N>G'],[757],fwd
488,AACTCCAGGATGCTCTACTTCGC,0,2274,4,SRM,SGM,['R>G'],[761],fwd
489,AGGATGCTCTACTTCGCCCCTGA,0,2280,4,MLY,VLY,['M>V'],[762],fwd
490,GCTCTACTTCGCCCCTGATCTGG,2,2285,4,LYF,LCF,['Y>C'],[764],fwd
491,CTCTACTTCGCCCCTGATCTGGT,0,2286,4,YFA,CFA,['Y>C'],[764],fwd
492,GCCCCTGATCTGGTTTTCAATGA,0,2295,4,PDL,PGL,['D>G'],[768],fwd
493,CCCTGATCTGGTTTTCAATGAgt,2,2297,4,PDL,PGL,['D>G'],[768],fwd
494,TTTCAATGAgtaagtgctcctgg,2,2309,4,FN,FG,['N>G'],[772],fwd
495,TTCAATGAgtaagtgctcctggg,0,2310,4,N,G,['N>G'],[772],fwd
496,TCAATGAgtaagtgctcctgggg,1,2311,4,N,S,['N>S'],[772],fwd
497,CAATGAgtaagtgctcctggggc,2,2312,4,N,N,['No Change'],[],fwd
498,gGTACCGCATGCACAAGTCCCGG,1,2317,5,YRM,CRM,['Y>C'],[774],fwd
499,GTACCGCATGCACAAGTCCCGGA,2,2318,5,YRM,YRV,['M>V'],[776],fwd
500,CCGCATGCACAAGTCCCGGATGT,2,2321,5,RMH,RVH,['M>V'],[776],fwd
501,TGCACAAGTCCCGGATGTACAGC,1,2326,5,HKS,RGS,"['H>R', 'K>G']","[777, 778]",fwd
502,TCCCGGATGTACAGCCAGTGTGT,0,2334,5,RMY,RVY,['M>V'],[781],fwd
503,GGATGTACAGCCAGTGTGTCCGA,1,2338,5,MYS,MCS,['Y>C'],[782],fwd
504,GTACAGCCAGTGTGTCCGAATGA,2,2342,5,YSQ,YGQ,['S>G'],[783],fwd
505,ACAGCCAGTGTGTCCGAATGAGG,1,2344,5,SQC,SRC,['Q>R'],[784],fwd
506,CAGCCAGTGTGTCCGAATGAGGC,2,2345,5,SQC,SRC,['Q>R'],[784],fwd
507,CGAATGAGGCACCTCTCTCAAGA,0,2358,5,MRH,VGH,"['M>V', 'R>G']","[788, 789]",fwd
508,AATGAGGCACCTCTCTCAAGAGT,2,2360,5,MRH,MGH,['R>G'],[789],fwd
509,AGGCACCTCTCTCAAGAGTTTGG,0,2364,5,HLS,RLS,['H>R'],[790],fwd
510,GGCACCTCTCTCAAGAGTTTGGA,1,2365,5,HLS,RLS,['H>R'],[790],fwd
511,TGGCTCCAAATCACCCCCCAGGA,0,2388,5,LQI,LRI,['Q>R'],[799],fwd
512,AATCACCCCCCAGGAATTCCTGT,2,2396,5,ITP,IAP,['T>A'],[801],fwd
513,CCCCCAGGAATTCCTGTGCATGA,2,2402,5,PQE,PRE,['Q>R'],[803],fwd
514,CAGGAATTCCTGTGCATGAAAGC,0,2406,5,EFL,GFL,['E>G'],[804],fwd
515,TGAAAGCACTGCTACTCTTCAGC,1,2422,5,KAL,RAL,['K>R'],[809],fwd
516,CACTGCTACTCTTCAGCATTAgt,1,2428,5,LLL,LLL,['No Change'],[],fwd
517,GCTACTCTTCAGCATTAgtaagt,2,2432,5,LLF,LLF,['No Change'],[],fwd
518,TTCAGCATTAgtaagtgcctaga,0,2439,5,SI,GV,"['S>G', 'I>V']","[815, 816]",fwd
519,AGCATTAgtaagtgcctagaagt,0,2442,5,I,V,['I>V'],[816],fwd
520,CATTAgtaagtgcctagaagtgc,2,2444,5,I,I,['No Change'],[],fwd
521,CTGAAAAATCAAAAATTCTTTGA,0,2463,6,KNQ,GGQ,"['K>G', 'N>G']","[823, 824]",fwd
522,AAAAATCAAAAATTCTTTGATGA,0,2466,6,NQK,GRK,"['N>G', 'Q>R']","[824, 825]",fwd
523,AAAAATTCTTTGATGAACTTCGA,1,2473,6,KFF,RFF,['K>R'],[826],fwd
524,ACTTCGAATGAACTACATCAAGG,2,2489,6,LRM,LRV,['M>V'],[833],fwd
525,CTTCGAATGAACTACATCAAGGA,0,2490,6,RMN,RVN,['M>V'],[833],fwd
526,ATGAACTACATCAAGGAACTCGA,0,2496,6,NYI,GCI,"['N>G', 'Y>C']","[834, 835]",fwd
527,ACTACATCAAGGAACTCGATCGT,1,2500,6,YIK,CVK,"['Y>C', 'I>V']","[835, 836]",fwd
528,AAGGAACTCGATCGTATCATTGC,0,2508,6,ELD,GLD,['E>G'],[838],fwd
529,AACTCGATCGTATCATTGCATGC,1,2512,6,LDR,LGR,['D>G'],[840],fwd
530,ATCGTATCATTGCATGCAAAAGA,1,2518,6,RII,RVI,['I>V'],[842],fwd
531,AAAGAAAAAATCCCACATCCTGC,1,2536,6,RKN,RGN,['K>G'],[848],fwd
532,AAAATCCCACATCCTGCTCAAGA,1,2542,6,NPT,SPT,['N>S'],[849],fwd
533,ATCCCACATCCTGCTCAAGACGC,1,2545,6,PTS,PAS,['T>A'],[851],fwd
534,CTGCTCAAGACGCTTCTACCAGC,2,2555,6,CSR,CSG,['R>G'],[855],fwd
535,CTACCAGCTCACCAAGCTCCTGG,2,2570,6,YQL,YRL,['Q>R'],[859],fwd
536,TACCAGCTCACCAAGCTCCTGGA,0,2571,6,QLT,RLT,['Q>R'],[859],fwd
537,CTCACCAAGCTCCTGGACTCCGT,0,2577,6,TKL,AGL,"['T>A', 'K>G']","[861, 862]",fwd
538,CACCAAGCTCCTGGACTCCGTGC,2,2579,6,TKL,TGL,['K>G'],[862],fwd
539,CTCCTGGACTCCGTGCAGCCTgt,0,2586,6,LDS,LGS,['D>G'],[865],fwd
540,TGGACTCCGTGCAGCCTgtaagc,1,2590,6,DSV,GSV,['D>G'],[865],fwd
541,CCGTGCAGCCTgtaagcaaacga,1,2596,6,VQP,VRP,['Q>R'],[868],fwd
542,TGCAGCCTgtaagcaaacgatgg,1,2599,6,QP,RP,['Q>R'],[868],fwd
543,cctacagATTGCGAGAGAGCTGC,2,2600,7,I,V,['I>V'],[870],fwd
544,gATTGCGAGAGAGCTGCATCAGT,2,2606,7,IAR,IAG,['R>G'],[872],fwd
545,GAGCTGCATCAGTTCACTTTTGA,0,2616,7,LHQ,LRQ,['H>R'],[875],fwd
546,GCATCAGTTCACTTTTGACCTGC,2,2621,7,HQF,HRF,['Q>R'],[876],fwd
547,CCTGCTAATCAAGTCACACATGG,2,2639,7,LLI,LLV,['I>V'],[883],fwd
548,CTGCTAATCAAGTCACACATGGT,0,2640,7,LIK,LVK,['I>V'],[883],fwd
549,GCTAATCAAGTCACACATGGTGA,2,2642,7,LIK,LVE,"['I>V', 'K>E']","[883, 884]",fwd
550,TAATCAAGTCACACATGGTGAGC,1,2644,7,IKS,IGS,['K>G'],[884],fwd
551,ATCAAGTCACACATGGTGAGCGT,0,2646,7,KSH,GSH,['K>G'],[884],fwd
552,CAAGTCACACATGGTGAGCGTGG,2,2648,7,KSH,KSH,['No Change'],[],fwd
553,AAGTCACACATGGTGAGCGTGGA,0,2649,7,SHM,SRM,['H>R'],[886],fwd
554,CATGGTGAGCGTGGACTTTCCGG,2,2657,7,MVS,MVG,['S>G'],[889],fwd
555,ATGGTGAGCGTGGACTTTCCGGA,0,2658,7,VSV,VGV,['S>G'],[889],fwd
556,CGTGGACTTTCCGGAAATGATGG,2,2666,7,VDF,VGF,['D>G'],[891],fwd
557,GTGGACTTTCCGGAAATGATGGC,0,2667,7,DFP,GFP,['D>G'],[891],fwd
558,ATGATGGCAGAGATCATCTCTGT,0,2682,7,MAE,VAE,['M>V'],[896],fwd
559,GATGGCAGAGATCATCTCTGTGC,2,2684,7,MAE,MAE,['No Change'],[],fwd
560,GCAGAGATCATCTCTGTGCAAGT,0,2688,7,EII,GVI,"['E>G', 'I>V']","[898, 899]",fwd
561,AGAGATCATCTCTGTGCAAGTGC,2,2690,7,EII,EVV,"['I>V', 'I>V']","[899, 900]",fwd
562,AGTGCCCAAGATCCTTTCTGGGA,2,2708,7,VPK,VPE,['K>E'],[906],fwd
563,CCCAAGATCCTTTCTGGGAAAGT,0,2712,7,KIL,GVL,"['K>G', 'I>V']","[906, 907]",fwd
564,GCCCATCTATTTCCACACCCAGT,2,2738,7,PIY,PVY,['I>V'],[915],fwd
565,CCATCTATTTCCACACCCAGTGA,1,2740,7,IYF,ICF,['Y>C'],[916],fwd
566,TCTATTTCCACACCCAGTGAagc,1,2743,7,YFH,CFH,['Y>C'],[916],fwd
567,TTCCACACCCAGTGAagcattgg,0,2748,7,HTQ,RAQ,"['H>R', 'T>A']","[918, 919]",fwd
568,TCCACACCCAGTGAagcattgga,1,2749,7,HTQ,RAQ,"['H>R', 'T>A']","[918, 919]",fwd
569,CTTCCATccttgagcttggctga,0,6,0,ME,TE,['M>T'],[0],rev
570,TGCACTTCCATccttgagcttgg,1,10,0,MEV,MEA,['V>A'],[2],rev
571,TAACTGCACTTCCATccttgagc,2,14,0,EVQ,EAQ,['V>A'],[2],rev
572,CCTAACTGCACTTCCATccttga,1,16,0,VQL,VQP,['L>P'],[4],rev
573,GCCGAGGGTAGACCCTTCCCAGC,0,39,0,YPR,YPR,['No Change'],[],rev
574,CTTGGACGGCGGCCGAGGGTAGA,2,50,0,PPS,PPP,['S>P'],[15],rev
575,GGTAGGTCTTGGACGGCGGCCGA,0,57,0,KTY,KTH,['Y>H'],[18],rev
576,CTCGGTAGGTCTTGGACGGCGGC,0,60,0,TYR,THR,['Y>H'],[18],rev
577,CCTCGGTAGGTCTTGGACGGCGG,1,61,0,TYR,THR,['Y>H'],[18],rev
578,GAAAGCTCCTCGGTAGGTCTTGG,2,68,0,RGA,RGA,['No Change'],[],rev
579,TTCTGGAAAGCTCCTCGGTAGGT,1,73,0,AFQ,APQ,['F>P'],[22],rev
580,ATTCTGGAAAGCTCCTCGGTAGG,2,74,0,AFQ,ASQ,['F>S'],[22],rev
581,CAGATTCTGGAAAGCTCCTCGGT,2,77,0,FQN,FQN,['No Change'],[],rev
582,ACAGATTCTGGAAAGCTCCTCGG,0,78,0,QNL,QNL,['No Change'],[],rev
583,CTCTGGAACAGATTCTGGAAAGC,1,85,0,LFQ,LPQ,['F>P'],[26],rev
584,GATCACTTCGCGCACGCTCTGGA,2,101,0,REV,REA,['V>A'],[32],rev
585,GGATCACTTCGCGCACGCTCTGG,0,102,0,EVI,EAI,['V>A'],[32],rev
586,GTTCTGGATCACTTCGCGCACGC,2,107,0,VIQ,VTQ,['I>T'],[33],rev
587,CCGGGAGGTGCTGCGCTCGCGGC,1,151,0,APP,APP,['No Change'],[],rev
588,GCCGGGAGGTGCTGCGCTCGCGG,2,152,0,APP,APP,['No Change'],[],rev
589,AGCAAACTGGCGCCGGGAGGTGC,1,163,0,ASL,ASP,['L>P'],[53],rev
590,GCAGCAAACTGGCGCCGGGAGGT,0,165,0,SLL,SPL,['L>P'],[53],rev
591,AGCAGCAAACTGGCGCCGGGAGG,1,166,0,SLL,SPP,"['L>P', 'L>P']","[53, 54]",rev
592,GCAGCAGCAAACTGGCGCCGGGA,0,168,0,LLL,LPL,['L>P'],[54],rev
593,AGCAGCAGCAAACTGGCGCCGGG,1,169,0,LLL,LPP,"['L>P', 'L>P']","[54, 55]",rev
594,CAGCAGCAGCAAACTGGCGCCGG,2,170,0,LLL,LPP,"['L>P', 'L>P']","[54, 55]",rev
595,CTGCAGCAGCAGCAAACTGGCGC,2,173,0,LLL,LPP,"['L>P', 'L>P']","[55, 56]",rev
596,TGCTGCAGCAGCAGCAAACTGGC,1,175,0,LLQ,LPQ,['L>P'],[56],rev
597,CTGCTGCAGCAGCAGCAAACTGG,2,176,0,LLQ,LPQ,['L>P'],[56],rev
598,GGCTAGTCTCTTGCTGCTGCTGC,0,249,0,ETS,ETS,['No Change'],[],rev
599,TGGGGCTAGTCTCTTGCTGCTGC,0,252,0,TSP,TSP,['No Change'],[],rev
600,CCTCACCCTGCTGCTGCTGCTGC,0,279,0,QGE,QGE,['No Change'],[],rev
601,CATCCTCACCCTGCTGCTGCTGC,0,282,0,GED,GED,['No Change'],[],rev
602,AACCATCCTCACCCTGCTGCTGC,0,285,0,EDG,EDG,['No Change'],[],rev
603,GAGAACCATCCTCACCCTGCTGC,0,288,0,DGS,DGP,['S>P'],[95],rev
604,GGGGAGAACCATCCTCACCCTGC,0,291,0,GSP,GPP,['S>P'],[95],rev
605,CCTCTACGATGGGCTTGGGGAGA,1,307,0,HRR,HRR,['No Change'],[],rev
606,GGCCTCTACGATGGGCTTGGGGA,0,309,0,RRG,RRG,['No Change'],[],rev
607,GGTAGCCTGTGGGGCCTCTACGA,0,321,0,TGY,TGH,['Y>H'],[106],rev
608,CAGGACCAGGTAGCCTGTGGGGC,2,329,0,YLV,YPA,"['L>P', 'V>A']","[107, 108]",rev
609,CCAGGACCAGGTAGCCTGTGGGG,0,330,0,LVL,LAL,['V>A'],[108],rev
610,TCCAGGACCAGGTAGCCTGTGGG,1,331,0,LVL,LAP,"['V>A', 'L>P']","[108, 109]",rev
611,ATCCAGGACCAGGTAGCCTGTGG,2,332,0,LVL,LAP,"['V>A', 'L>P']","[108, 109]",rev
612,TCATCCAGGACCAGGTAGCCTGT,1,334,0,VLD,VPD,['L>P'],[109],rev
613,TTCCTCATCCAGGACCAGGTAGC,2,338,0,LDE,LDE,['No Change'],[],rev
614,CCGACTGCGGCTGTGAAGGTTGC,0,363,0,PQS,PQP,['S>P'],[120],rev
615,GGGCCGACTGCGGCTGTGAAGGT,0,366,0,QSA,QPA,['S>P'],[120],rev
616,AGGGCCGACTGCGGCTGTGAAGG,1,367,0,QSA,QPA,['S>P'],[120],rev
617,TCCAGGGCCGACTGCGGCTGTGA,1,370,0,SAL,SAP,['L>P'],[122],rev
618,ACTCCAGGGCCGACTGCGGCTGT,0,372,0,ALE,APE,['L>P'],[122],rev
619,GGCACTCCAGGGCCGACTGCGGC,0,375,0,LEC,LER,['C>R'],[124],rev
620,TGGCACTCCAGGGCCGACTGCGG,1,376,0,LEC,LER,['C>R'],[124],rev
621,GGTGGCACTCCAGGGCCGACTGC,0,378,0,ECH,ERH,['C>R'],[124],rev
622,GACGCAACCTCTCTCGGGGTGGC,2,395,0,RGC,RGR,['C>R'],[130],rev
623,GGACGCAACCTCTCTCGGGGTGG,0,396,0,GCV,GRV,['C>R'],[130],rev
624,TGGGACGCAACCTCTCTCGGGGT,2,398,0,GCV,GCA,['V>A'],[131],rev
625,CTGGGACGCAACCTCTCTCGGGG,0,399,0,CVP,CAP,['V>A'],[131],rev
626,TCTGGGACGCAACCTCTCTCGGG,1,400,0,CVP,CAP,['V>A'],[131],rev
627,CTCTGGGACGCAACCTCTCTCGG,2,401,0,CVP,CAP,['V>A'],[131],rev
628,GCCACGGCGGCTCCAGGCTCTGG,1,418,0,AAV,AAA,['V>A'],[138],rev
629,TGCGGCAGCCCCTTGCTGGCGGC,1,439,0,GLP,GPP,['L>P'],[144],rev
630,CTGCGGCAGCCCCTTGCTGGCGG,2,440,0,GLP,GPP,['L>P'],[144],rev
631,CCGGAGGTGCTGGCAGCTGCTGC,0,459,0,APP,APP,['No Change'],[],rev
632,CGTCCGGAGGTGCTGGCAGCTGC,0,462,0,PPD,PPD,['No Change'],[],rev
633,GAGTCATCCTCGTCCGGAGGTGC,1,472,0,EDD,EDD,['No Change'],[],rev
634,CTGAGTCATCCTCGTCCGGAGGT,0,474,0,DDS,DDP,['S>P'],[157],rev
635,GCTGAGTCATCCTCGTCCGGAGG,1,475,0,DDS,DDP,['S>P'],[157],rev
636,CAGCTGAGTCATCCTCGTCCGGA,0,477,0,DSA,DPA,['S>P'],[157],rev
637,GCAGCTGAGTCATCCTCGTCCGG,1,478,0,DSA,DPA,['S>P'],[157],rev
638,TGGGGCAGCTGAGTCATCCTCGT,2,482,0,SAA,SAA,['No Change'],[],rev
639,GACAACGTGGATGGGGCAGCTGA,1,493,0,STL,STP,['L>P'],[163],rev
640,AGGGACAACGTGGATGGGGCAGC,1,496,0,TLS,TPP,"['L>P', 'S>P']","[163, 164]",rev
641,AGCAGGGACAACGTGGATGGGGC,1,499,0,LSL,LPP,"['S>P', 'L>P']","[164, 165]",rev
642,CAGCAGGGACAACGTGGATGGGG,2,500,0,LSL,LSP,['L>P'],[165],rev
643,CCAGCAGGGACAACGTGGATGGG,0,501,0,SLL,SPL,['L>P'],[165],rev
644,CCCAGCAGGGACAACGTGGATGG,1,502,0,SLL,SPP,"['L>P', 'L>P']","[165, 166]",rev
645,GGGCCCAGCAGGGACAACGTGGA,1,505,0,LLG,LPG,['L>P'],[166],rev
646,GGGGCCCAGCAGGGACAACGTGG,2,506,0,LLG,LPG,['L>P'],[166],rev
647,GGGAAAGTGGGGCCCAGCAGGGA,1,514,0,PTF,PTP,['F>P'],[170],rev
648,GGGGAAAGTGGGGCCCAGCAGGG,2,515,0,PTF,PTP,['F>P'],[170],rev
649,CGGGGAAAGTGGGGCCCAGCAGG,0,516,0,TFP,TPP,['F>P'],[170],rev
650,GCTTAAGCCGGGGAAAGTGGGGC,2,524,0,PGL,PGP,['L>P'],[173],rev
651,TGCTTAAGCCGGGGAAAGTGGGG,0,525,0,GLS,GPS,['L>P'],[173],rev
652,CTGCTTAAGCCGGGGAAAGTGGG,1,526,0,GLS,GPS,['L>P'],[173],rev
653,GCTGCTTAAGCCGGGGAAAGTGG,2,527,0,GLS,GSS,['L>S'],[173],rev
654,GGAGCAGCTGCTTAAGCCGGGGA,2,533,0,SSC,SSR,['C>R'],[176],rev
655,CGGAGCAGCTGCTTAAGCCGGGG,0,534,0,SCS,SRP,"['C>R', 'S>P']","[176, 177]",rev
656,GCGGAGCAGCTGCTTAAGCCGGG,1,535,0,SCS,SRP,"['C>R', 'S>P']","[176, 177]",rev
657,AGCGGAGCAGCTGCTTAAGCCGG,2,536,0,SCS,SCP,['S>P'],[177],rev
658,GTCAGCGGAGCAGCTGCTTAAGC,2,539,0,CSA,CSA,['No Change'],[],rev
659,TTTAAGGTCAGCGGAGCAGCTGC,2,545,0,ADL,ADP,['L>P'],[180],rev
660,GTCTTTAAGGTCAGCGGAGCAGC,2,548,0,DLK,DPK,['L>P'],[180],rev
661,AGGATGTCTTTAAGGTCAGCGGA,1,553,0,KDI,KDT,['I>T'],[183],rev
662,CAGGATGTCTTTAAGGTCAGCGG,2,554,0,KDI,KDT,['I>T'],[183],rev
663,CTCAGGATGTCTTTAAGGTCAGC,1,556,0,DIL,DTP,"['I>T', 'L>P']","[183, 184]",rev
664,CTCGCTCAGGATGTCTTTAAGGT,2,560,0,ILS,IPS,['L>P'],[184],rev
665,GAGTTGCATGGTGCTGGCCTCGC,2,578,0,TMQ,TTQ,['M>T'],[190],rev
666,TGAAGGAGTTGCATGGTGCTGGC,1,583,0,QLL,QPP,"['L>P', 'L>P']","[192, 193]",rev
667,CTGAAGGAGTTGCATGGTGCTGG,2,584,0,QLL,QPP,"['L>P', 'L>P']","[192, 193]",rev
668,TTGCTGAAGGAGTTGCATGGTGC,2,587,0,LLQ,LPQ,['L>P'],[193],rev
669,CGGATACTGCTTCCTGCTGCTGT,0,609,0,AVS,AAP,"['V>A', 'S>P']","[201, 202]",rev
670,CTTCGGATACTGCTTCCTGCTGC,0,612,0,VSE,VPE,['S>P'],[202],rev
671,GAGGAAGTGGGAGCCCCCGAGGC,1,661,0,PTS,PTP,['S>P'],[219],rev
672,GGAGGAAGTGGGAGCCCCCGAGG,2,662,0,PTS,PTP,['S>P'],[219],rev
673,TTGGAGGAAGTGGGAGCCCCCGA,1,664,0,TSS,TPP,"['S>P', 'S>P']","[219, 220]",rev
674,GTAATTGTCCTTGGAGGAAGTGG,2,674,0,KDN,KDN,['No Change'],[],rev
675,AAGTAATTGTCCTTGGAGGAAGT,1,676,0,DNY,DNH,['Y>H'],[224],rev
676,CCTAAGTAATTGTCCTTGGAGGA,1,679,0,NYL,NHP,"['Y>H', 'L>P']","[224, 225]",rev
677,CCCTAAGTAATTGTCCTTGGAGG,2,680,0,NYL,NYP,['L>P'],[225],rev
678,CCCCCTAAGTAATTGTCCTTGGA,1,682,0,YLG,YPG,['L>P'],[225],rev
679,GCCCCCTAAGTAATTGTCCTTGG,2,683,0,YLG,YSG,['L>S'],[225],rev
680,CGAAGTGCCCCCTAAGTAATTGT,2,689,0,GGT,GGT,['No Change'],[],rev
681,GTTGTCAGAAATGGTCGAAGTGC,2,704,0,ISD,ISD,['No Change'],[],rev
682,CACAACTCCTTGGCGTTGTCAGA,1,718,0,KEL,KEP,['L>P'],[238],rev
683,CTTACACAACTCCTTGGCGTTGT,2,722,0,ELC,ESR,"['L>S', 'C>R']","[238, 239]",rev
684,TGCCTTACACAACTCCTTGGCGT,2,725,0,LCK,LCK,['No Change'],[],rev
685,AGGCCCATGGACACCGACACTGC,1,745,0,SMG,STG,['M>T'],[246],rev
686,ACACCCAGGCCCATGGACACCGA,1,751,0,GLG,GPG,['L>P'],[248],rev
687,GCCTCCACACCCAGGCCCATGGA,1,757,0,GVE,GAE,['V>A'],[250],rev
688,CGCCTCCACACCCAGGCCCATGG,2,758,0,GVE,GAE,['V>A'],[250],rev
689,CTCCAACGCCTCCACACCCAGGC,2,764,0,EAL,EAP,['L>P'],[253],rev
690,GCTCCAACGCCTCCACACCCAGG,0,765,0,ALE,APE,['L>P'],[253],rev
691,CCTGGACTCAGATGCTCCAACGC,1,778,0,LSP,LSP,['No Change'],[],rev
692,CCCCCCGAAGCTGTTCCCCTGGA,0,795,0,LRG,LRG,['No Change'],[],rev
693,ACATGCAATCCCCCCGAAGCTGT,0,804,0,DCM,DRM,['C>R'],[266],rev
694,CGTACATGCAATCCCCCCGAAGC,0,807,0,CMY,CTH,"['M>T', 'Y>H']","[267, 268]",rev
695,GGGCGTACATGCAATCCCCCCGA,0,810,0,MYA,MHA,['Y>H'],[268],rev
696,TCCCAAAAGTGGGGCGTACATGC,2,821,0,PLL,PPP,"['L>P', 'L>P']","[271, 272]",rev
697,TGGAACTCCCAAAAGTGGGGCGT,2,827,0,LGV,LGA,['V>A'],[274],rev
698,GGTGGAACTCCCAAAAGTGGGGC,1,829,0,GVP,GAP,['V>A'],[274],rev
699,GGGTGGAACTCCCAAAAGTGGGG,2,830,0,GVP,GAP,['V>A'],[274],rev
700,CGGGTGGAACTCCCAAAAGTGGG,0,831,0,VPP,VPP,['No Change'],[],rev
701,GAGTGGGACGCACAGCGGGTGGA,0,846,0,RPT,RPT,['No Change'],[],rev
702,AAGGAGTGGGACGCACAGCGGGT,0,849,0,PTP,PTP,['No Change'],[],rev
703,CAAGGAGTGGGACGCACAGCGGG,1,850,0,PTP,PTP,['No Change'],[],rev
704,ACAAGGAGTGGGACGCACAGCGG,2,851,0,PTP,PTP,['No Change'],[],rev
705,GCACAAGGAGTGGGACGCACAGC,1,853,0,TPC,TPR,['C>R'],[283],rev
706,ATGGGGCACAAGGAGTGGGACGC,0,858,0,CAP,CAP,['No Change'],[],rev
707,CCAATGGGGCACAAGGAGTGGGA,0,861,0,APL,APL,['No Change'],[],rev
708,GCCAATGGGGCACAAGGAGTGGG,1,862,0,APL,APP,['L>P'],[286],rev
709,GGCCAATGGGGCACAAGGAGTGG,2,863,0,APL,APP,['L>P'],[286],rev
710,TCGGCCAATGGGGCACAAGGAGT,1,865,0,PLA,PPA,['L>P'],[286],rev
711,CCTTTGCATTCGGCCAATGGGGC,1,874,0,ECK,ERK,['C>R'],[289],rev
712,AGCAGAGAACCTTTGCATTCGGC,1,883,0,GSL,GPP,"['S>P', 'L>P']","[292, 293]",rev
713,TAGCAGAGAACCTTTGCATTCGG,2,884,0,GSL,GSP,['L>P'],[293],rev
714,GTCGTCTAGCAGAGAACCTTTGC,2,890,0,LLD,LPD,['L>P'],[294],rev
715,TTCAGTGCTCTTGCCTGCGCTGT,2,911,0,KST,KST,['No Change'],[],rev
716,ATCTTCAGTGCTCTTGCCTGCGC,2,914,0,STE,STE,['No Change'],[],rev
717,AGCAGTATCTTCAGTGCTCTTGC,2,920,0,EDT,EDT,['No Change'],[],rev
718,ATACTCAGCAGTATCTTCAGTGC,2,926,0,TAE,TAE,['No Change'],[],rev
719,GAATACTCAGCAGTATCTTCAGT,1,928,0,AEY,AEH,['Y>H'],[308],rev
720,TTGAAAGGGGAATACTCAGCAGT,1,937,0,SPF,SPP,['F>P'],[311],rev
721,CCCTTGAAAGGGGAATACTCAGC,1,940,0,PFK,PPK,['F>P'],[311],rev
722,GTGTAACCTCCCTTGAAAGGGGA,1,949,0,GGY,GGH,['Y>H'],[315],rev
723,GGTGTAACCTCCCTTGAAAGGGG,2,950,0,GGY,GGH,['Y>H'],[315],rev
724,TGGTGTAACCTCCCTTGAAAGGG,0,951,0,GYT,GHT,['Y>H'],[315],rev
725,TTGGTGTAACCTCCCTTGAAAGG,1,952,0,GYT,GHT,['Y>H'],[315],rev
726,AGCCTAGGCTCTCGCCTTCTAGC,0,978,0,SLG,SPG,['L>P'],[324],rev
727,GCCAGAGCAGCCTAGGCTCTCGC,2,986,0,GCS,GCP,['S>P'],[327],rev
728,TGCTGCAGCGCTGCCAGAGCAGC,2,998,0,SAA,SAA,['No Change'],[],rev
729,CCCGGAGCTCCCTGCTGCAGCGC,2,1010,0,GSS,GSP,['S>P'],[335],rev
730,GTCCCGGAGCTCCCTGCTGCAGC,1,1012,0,SSG,SPG,['S>P'],[335],rev
731,TCAAGTGTCCCGGAGCTCCCTGC,1,1018,0,GTL,GTP,['L>P'],[338],rev
732,CGGCAGTTCAAGTGTCCCGGAGC,2,1025,0,LEL,LEP,['L>P'],[340],rev
733,GACGGCAGTTCAAGTGTCCCGGA,1,1027,0,ELP,EPP,['L>P'],[340],rev
734,AGACGGCAGTTCAAGTGTCCCGG,2,1028,0,ELP,EPP,['L>P'],[340],rev
735,AGGGTAGACGGCAGTTCAAGTGT,1,1033,0,PST,PPT,['S>P'],[342],rev
736,ACAGGGTAGACGGCAGTTCAAGT,0,1035,0,STL,STL,['No Change'],[],rev
737,AGAGAGACAGGGTAGACGGCAGT,0,1041,0,LSL,LPL,['S>P'],[345],rev
738,TGTAGAGAGACAGGGTAGACGGC,0,1044,0,SLY,SPH,"['L>P', 'Y>H']","[346, 347]",rev
739,TTGTAGAGAGACAGGGTAGACGG,1,1045,0,SLY,SPH,"['L>P', 'Y>H']","[346, 347]",rev
740,GACTTGTAGAGAGACAGGGTAGA,1,1048,0,LYK,LHK,['Y>H'],[347],rev
741,CCGGACTTGTAGAGAGACAGGGT,1,1051,0,YKS,YKP,['S>P'],[349],rev
742,TCCGGACTTGTAGAGAGACAGGG,2,1052,0,YKS,YKP,['S>P'],[349],rev
743,CTCCGGACTTGTAGAGAGACAGG,0,1053,0,KSG,KPG,['S>P'],[349],rev
744,GTCCAGTGCTCCGGACTTGTAGA,2,1061,0,GAL,GAP,['L>P'],[352],rev
745,CTCGTCCAGTGCTCCGGACTTGT,2,1064,0,ALD,APD,['L>P'],[352],rev
746,TACGCAGCTGCCTCGTCCAGTGC,1,1075,0,AAA,AAA,['No Change'],[],rev
747,GGTACGCAGCTGCCTCGTCCAGT,0,1077,0,AAY,AAH,['Y>H'],[358],rev
748,TCGCGACTCTGGTACGCAGCTGC,1,1087,0,QSR,QSR,['No Change'],[],rev
749,TAGTAGTCGCGACTCTGGTACGC,1,1093,0,RDY,RDH,['Y>H'],[363],rev
750,GTTGTAGTAGTCGCGACTCTGGT,2,1097,0,DYY,DYH,['Y>H'],[364],rev
751,AGTTGTAGTAGTCGCGACTCTGG,0,1098,0,YYN,YHN,['Y>H'],[364],rev
752,GTGGAAAGTTGTAGTAGTCGCGA,0,1104,0,NFP,NPP,['F>P'],[366],rev
753,CAGTGGAAAGTTGTAGTAGTCGC,2,1106,0,NFP,NSP,['F>S'],[366],rev
754,AGCCAGTGGAAAGTTGTAGTAGT,2,1109,0,FPL,FPP,['L>P'],[368],rev
755,CAGAGCCAGTGGAAAGTTGTAGT,2,1112,0,PLA,PPA,['L>P'],[368],rev
756,GGCCAGAGCCAGTGGAAAGTTGT,2,1115,0,LAL,LAP,['L>P'],[370],rev
757,TCCGGCCAGAGCCAGTGGAAAGT,2,1118,0,ALA,APA,['L>P'],[370],rev
758,GGCGGAGGGGGCGGCGGTCCGGC,1,1135,0,PPP,PPP,['No Change'],[],rev
759,CGGCGGAGGGGGCGGCGGTCCGG,2,1136,0,PPP,PPP,['No Change'],[],rev
760,GGGGAGGCGGCGGAGGGGGCGGC,0,1143,0,PPP,PPP,['No Change'],[],rev
761,TGGGGAGGCGGCGGAGGGGGCGG,1,1144,0,PPP,PPP,['No Change'],[],rev
762,GATGGGGAGGCGGCGGAGGGGGC,0,1146,0,PPH,PPH,['No Change'],[],rev
763,GGGATGGGGAGGCGGCGGAGGGG,2,1148,0,PPH,PPH,['No Change'],[],rev
764,GGGGATGGGGAGGCGGCGGAGGG,0,1149,0,PHP,PHP,['No Change'],[],rev
765,TGGGGATGGGGAGGCGGCGGAGG,1,1150,0,PHP,PHP,['No Change'],[],rev
766,CGTGGGGATGGGGAGGCGGCGGA,0,1152,0,HPH,HPH,['No Change'],[],rev
767,TGCGAGCGTGGGGATGGGGAGGC,0,1158,0,HAR,HAR,['No Change'],[],rev
768,ATGCGAGCGTGGGGATGGGGAGG,1,1159,0,HAR,HAR,['No Change'],[],rev
769,TGATGCGAGCGTGGGGATGGGGA,0,1161,0,ARI,ARI,['No Change'],[],rev
770,TTGATGCGAGCGTGGGGATGGGG,1,1162,0,ARI,ART,['I>T'],[386],rev
771,CTTGATGCGAGCGTGGGGATGGG,2,1163,0,ARI,ART,['I>T'],[386],rev
772,GCTTGATGCGAGCGTGGGGATGG,0,1164,0,RIK,RTK,['I>T'],[386],rev
773,TCCAGCTTGATGCGAGCGTGGGG,1,1168,0,IKL,IKP,['L>P'],[388],rev
774,CTCCAGCTTGATGCGAGCGTGGG,2,1169,0,IKL,IKP,['L>P'],[388],rev
775,TCTCCAGCTTGATGCGAGCGTGG,0,1170,0,KLE,KPE,['L>P'],[388],rev
776,GTTCTCCAGCTTGATGCGAGCGT,2,1172,0,KLE,KPE,['L>P'],[388],rev
777,GTCCAGCGGGTTCTCCAGCTTGA,2,1181,0,NPL,NPP,['L>P'],[392],rev
778,CGTAGTCCAGCGGGTTCTCCAGC,0,1185,0,LDY,LDH,['Y>H'],[394],rev
779,CCCAGGCGCTGCCGTAGTCCAGC,0,1197,0,SAW,SAR,['W>R'],[398],rev
780,CGCAGCCGCCCAGGCGCTGCCGT,2,1205,0,WAA,WAA,['No Change'],[],rev
781,CGCCGCAGCCGCCCAGGCGCTGC,2,1208,0,AAA,AAA,['No Change'],[],rev
782,CGGCACTGCGCCGCCGCAGCCGC,1,1219,0,AQC,AQR,['C>R'],[405],rev
783,TAGCGGCACTGCGCCGCCGCAGC,1,1222,0,QCR,QRR,['C>R'],[405],rev
784,CCATAGCGGCACTGCGCCGCCGC,1,1225,0,CRY,CRH,['Y>H'],[407],rev
785,TCCCCATAGCGGCACTGCGCCGC,1,1228,0,RYG,RHG,['Y>H'],[407],rev
786,GCTCGCCAGGTCCCCATAGCGGC,2,1238,0,DLA,DPA,['L>P'],[410],rev
787,CGCGCCATGCAGGCTCGCCAGGT,2,1250,0,LHG,LHG,['No Change'],[],rev
788,CCGCGCCATGCAGGCTCGCCAGG,0,1251,0,HGA,HGA,['No Change'],[],rev
789,CGCTGCACCCGCGCCATGCAGGC,2,1259,0,AGA,AGA,['No Change'],[],rev
790,CCGCTGCACCCGCGCCATGCAGG,0,1260,0,GAA,GAA,['No Change'],[],rev
791,GACCCAGAACCGGGTCCCGCTGC,1,1276,0,GSG,GPG,['S>P'],[423],rev
792,GGTGACCCAGAACCGGGTCCCGC,1,1279,0,SGS,SGP,['S>P'],[425],rev
793,CTGAGGGTGACCCAGAACCGGGT,0,1284,0,SPS,SPP,['S>P'],[427],rev
794,GCTGAGGGTGACCCAGAACCGGG,1,1285,0,SPS,SPP,['S>P'],[427],rev
795,GGCTGAGGGTGACCCAGAACCGG,2,1286,0,SPS,SPP,['S>P'],[427],rev
796,GAGGAAGCGGCGGCTGAGGGTGA,1,1297,0,AAS,AAP,['S>P'],[431],rev
797,ATGAGGAAGCGGCGGCTGAGGGT,0,1299,0,ASS,APP,"['S>P', 'S>P']","[431, 432]",rev
798,GATGAGGAAGCGGCGGCTGAGGG,1,1300,0,ASS,APP,"['S>P', 'S>P']","[431, 432]",rev
799,GGATGAGGAAGCGGCGGCTGAGG,2,1301,0,ASS,ASP,['S>P'],[432],rev
800,CAGGATGAGGAAGCGGCGGCTGA,1,1303,0,SSS,SPP,"['S>P', 'S>P']","[432, 433]",rev
801,TGCCAGGATGAGGAAGCGGCGGC,1,1306,0,SSW,SPR,"['S>P', 'W>R']","[433, 434]",rev
802,GTGCCAGGATGAGGAAGCGGCGG,2,1307,0,SSW,SSR,['W>R'],[434],rev
803,GTGTGCCAGGATGAGGAAGCGGC,1,1309,0,SWH,SRH,['W>R'],[434],rev
804,AAGAGAGTGTGCCAGGATGAGGA,1,1315,0,HTL,HTP,['L>P'],[437],rev
805,GAAGAGAGTGTGCCAGGATGAGG,2,1316,0,HTL,HTP,['L>P'],[437],rev
806,GTGAAGAGAGTGTGCCAGGATGA,1,1318,0,TLF,TPP,"['L>P', 'F>P']","[437, 438]",rev
807,GCTGTGAAGAGAGTGTGCCAGGA,1,1321,0,LFT,LPT,['F>P'],[438],rev
808,GGCTGTGAAGAGAGTGTGCCAGG,2,1322,0,LFT,LST,['F>S'],[438],rev
809,TACAACTGGCCTTCTTCGGCTGT,1,1339,0,GQL,GQP,['L>P'],[445],rev
810,CCATACAACTGGCCTTCTTCGGC,1,1342,0,QLY,QPH,"['L>P', 'Y>H']","[445, 446]",rev
811,TCCATACAACTGGCCTTCTTCGG,2,1343,0,QLY,QSH,"['L>S', 'Y>H']","[445, 446]",rev
812,ACCACACGGTCCATACAACTGGC,2,1352,0,GPC,GPR,['C>R'],[449],rev
813,CACCACACGGTCCATACAACTGG,0,1353,0,PCG,PRG,['C>R'],[449],rev
814,CACCCCCACCACCACCACACGGT,0,1365,0,GGG,GGG,['No Change'],[],rev
815,TACAGCTCCCGCCTCGCCGCCGC,2,1433,0,AGA,AGA,['No Change'],[],rev
816,GGCTACAGCTCCCGCCTCGCCGC,2,1436,0,GAV,GAA,['V>A'],[477],rev
817,GGGGGCTACAGCTCCCGCCTCGC,2,1439,0,AVA,AAA,['V>A'],[477],rev
818,CCGTAGGGGGCTACAGCTCCCGC,1,1444,0,APY,APH,['Y>H'],[480],rev
819,GTGTAGCCGTAGGGGGCTACAGC,1,1450,0,YGY,YGH,['Y>H'],[482],rev
820,GGCCGAGTGTAGCCGTAGGGGGC,1,1456,0,YTR,YTR,['No Change'],[],rev
821,GGGCCGAGTGTAGCCGTAGGGGG,2,1457,0,YTR,YTR,['No Change'],[],rev
822,GGGGCCGAGTGTAGCCGTAGGGG,0,1458,0,TRP,TRP,['No Change'],[],rev
823,CTGAGGGGGCCGAGTGTAGCCGT,2,1463,0,RPP,RPP,['No Change'],[],rev
824,CCCCTGAGGGGGCCGAGTGTAGC,2,1466,0,PPQ,PPQ,['No Change'],[],rev
825,GCCAGCCCCTGAGGGGGCCGAGT,1,1471,0,QGL,QGP,['L>P'],[489],rev
826,CCGCCAGCCCCTGAGGGGGCCGA,0,1473,0,GLA,GPA,['L>P'],[489],rev
827,GTGAAGTCGCTTTCCTGGCCCGC,1,1492,0,SDF,SDP,['F>P'],[496],rev
828,TGCGGTGAAGTCGCTTTCCTGGC,2,1496,0,DFT,DST,['F>S'],[496],rev
829,CACATCAGGTGCGGTGAAGTCGC,2,1505,0,APD,APD,['No Change'],[],rev
830,CCACACATCAGGTGCGGTGAAGT,2,1508,0,PDV,PDA,['V>A'],[501],rev
831,GTACCACACATCAGGTGCGGTGA,2,1511,0,DVW,DAR,"['V>A', 'W>R']","[501, 502]",rev
832,GGGTACCACACATCAGGTGCGGT,1,1513,0,VWY,VRH,"['W>R', 'Y>H']","[502, 503]",rev
833,AGGGTACCACACATCAGGTGCGG,2,1514,0,VWY,VWH,['Y>H'],[503],rev
834,CCAGGGTACCACACATCAGGTGC,1,1516,0,WYP,WHP,['Y>H'],[503],rev
835,CGCCAGGGTACCACACATCAGGT,0,1518,0,YPG,YPG,['No Change'],[],rev
836,CCGCCAGGGTACCACACATCAGG,1,1519,0,YPG,YPG,['No Change'],[],rev
837,TCTGCTCACCATGCCGCCAGGGT,2,1532,0,MVS,MAS,['V>A'],[508],rev
838,GGGCACTCTGCTCACCATGCCGC,2,1538,0,SRV,SRA,['V>A'],[511],rev
839,ATAGGGCACTCTGCTCACCATGC,2,1541,0,RVP,RAP,['V>A'],[511],rev
840,GGGACTGGGATAGGGCACTCTGC,2,1550,0,YPS,YPS,['No Change'],[],rev
841,CACAAGTGGGACTGGGATAGGGC,0,1557,0,PTC,PTR,['C>R'],[518],rev
842,ACACAAGTGGGACTGGGATAGGG,1,1558,0,PTC,PTR,['C>R'],[518],rev
843,GACACAAGTGGGACTGGGATAGG,2,1559,0,PTC,PTR,['C>R'],[518],rev
844,TTTTGACACAAGTGGGACTGGGA,0,1563,0,CVK,CAK,['V>A'],[519],rev
845,CTTTTGACACAAGTGGGACTGGG,1,1564,0,CVK,CAK,['V>A'],[519],rev
846,GCTTTTGACACAAGTGGGACTGG,2,1565,0,CVK,CAK,['V>A'],[519],rev
847,CCCATTTCGCTTTTGACACAAGT,1,1573,0,SEM,SET,['M>T'],[523],rev
848,ATCCATCCAGGGGCCCATTTCGC,2,1586,0,PWM,PWT,['M>T'],[527],rev
849,GGAGTAGCTATCCATCCAGGGGC,2,1595,0,DSY,DSH,['Y>H'],[530],rev
850,CGGAGTAGCTATCCATCCAGGGG,0,1596,0,SYS,SHP,"['Y>H', 'S>P']","[530, 531]",rev
851,CCGGAGTAGCTATCCATCCAGGG,1,1597,0,SYS,SHP,"['Y>H', 'S>P']","[530, 531]",rev
852,TCCGGAGTAGCTATCCATCCAGG,2,1598,0,SYS,SYP,['S>P'],[531],rev
853,CGCATGTCCCCGTAAGGTCCGGA,1,1615,0,GDM,GDT,['M>T'],[537],rev
854,cCGCATGTCCCCGTAAGGTCCGG,2,1616,0,GDM,GDT,['M>T'],[537],rev
855,TGGCAGTCTCCAAActggaaaga,0,1629,1,ETA,ETA,['No Change'],[],rev
856,GGCAAAACATGGTCCCTGGCAGT,1,1645,1,HVL,HAP,"['V>A', 'L>P']","[546, 547]",rev
857,ATGGGCAAAACATGGTCCCTGGC,1,1648,1,VLP,VPP,['L>P'],[547],rev
858,AATGGGCAAAACATGGTCCCTGG,2,1649,1,VLP,VSP,['L>S'],[547],rev
859,ATAGTCAATGGGCAAAACATGGT,2,1655,1,PID,PTD,['I>T'],[549],rev
860,AATAGTCAATGGGCAAAACATGG,0,1656,1,IDY,IDH,['Y>H'],[551],rev
861,GTGGAAAGTAATAGTCAATGGGC,0,1665,1,YFP,YPP,['F>P'],[553],rev
862,GGTGGAAAGTAATAGTCAATGGG,1,1666,1,YFP,YPP,['F>P'],[553],rev
863,GGGTGGAAAGTAATAGTCAATGG,2,1667,1,YFP,YSP,['F>S'],[553],rev
864,TCAGGCAGGTCTTCTGGGGTGGA,0,1683,1,TCL,TRL,['C>R'],[559],rev
865,ATCAGGCAGGTCTTCTGGGGTGG,1,1684,1,TCL,TRP,"['C>R', 'L>P']","[559, 560]",rev
866,AGATCAGGCAGGTCTTCTGGGGT,0,1686,1,CLI,CPI,['L>P'],[560],rev
867,CAGATCAGGCAGGTCTTCTGGGG,1,1687,1,CLI,CPT,"['L>P', 'I>T']","[560, 561]",rev
868,ACAGATCAGGCAGGTCTTCTGGG,2,1688,1,CLI,CPT,"['L>P', 'I>T']","[560, 561]",rev
869,CACAGATCAGGCAGGTCTTCTGG,0,1689,1,LIC,LTR,"['I>T', 'C>R']","[561, 562]",rev
870,TTCATCTCCACAGATCAGGCAGG,2,1697,1,CGD,CGD,['No Change'],[],rev
871,AGCTTCATCTCCACAGATCAGGC,2,1700,1,GDE,GDE,['No Change'],[],rev
872,AAGCTTCATCTCCACAGATCAGG,0,1701,1,DEA,DEA,['No Change'],[],rev
873,CCCAGAAGCTTCATCTCCACAGA,2,1706,1,EAS,EAP,['S>P'],[567],rev
874,GCTCCATAGTGACACCCAGAAGC,1,1720,1,HYG,HHG,['Y>H'],[571],rev
875,CACATGTGAGAGCTCCATAGTGA,0,1731,1,LTC,LTR,['C>R'],[576],rev
876,TCCACATGTGAGAGCTCCATAGT,2,1733,1,LTC,LTR,['C>R'],[576],rev
877,TTGCAGCTTCCACATGTGAGAGC,1,1741,1,GSC,GSR,['C>R'],[579],rev
878,CCTTGCAGCTTCCACATGTGAGA,0,1743,1,SCK,SRK,['C>R'],[579],rev
879,AAGACCTTGCAGCTTCCACATGT,1,1747,1,CKV,CKA,['V>A'],[581],rev
880,TCTTTTGAAGAAGACCTTGCAGC,2,1757,1,FFK,FSK,['F>S'],[583],rev
881,TTCAGCGGCTCTTTTGAAGAAGA,2,1766,1,RAA,RAA,['No Change'],[],rev
882,acCTTCAGCGGCTCTTTTGAAGA,2,1769,1,AAE,AAE,['No Change'],[],rev
883,GGTACTTCTGTTTCCctgggaga,0,1782,2,QKY,QKH,['Y>H'],[593],rev
884,CAGGTACTTCTGTTTCCctggga,2,1784,2,QKY,QKH,['Y>H'],[593],rev
885,ACAGGTACTTCTGTTTCCctggg,0,1785,2,KYL,KHL,['Y>H'],[593],rev
886,CACAGGTACTTCTGTTTCCctgg,1,1786,2,KYL,KHP,"['Y>H', 'L>P']","[593, 594]",rev
887,ATCATTTCTGCTGGCGCACAGGT,2,1802,2,SRN,SRN,['No Change'],[],rev
888,AATCATTTCTGCTGGCGCACAGG,0,1803,2,RND,RND,['No Change'],[],rev
889,AGTGCAATCATTTCTGCTGGCGC,2,1808,2,NDC,NDR,['C>R'],[601],rev
890,ATAGTGCAATCATTTCTGCTGGC,1,1810,2,DCT,DRT,['C>R'],[601],rev
891,AATAGTGCAATCATTTCTGCTGG,2,1811,2,DCT,DCT,['No Change'],[],rev
892,ATCAATAGTGCAATCATTTCTGC,2,1814,2,CTI,CTT,['I>T'],[603],rev
893,CCTTCGGAATTTATCAATAGTGC,2,1826,2,KFR,KSR,['F>S'],[606],rev
894,AGATGGACAATTTTTCCTTCGGA,2,1841,2,NCP,NCP,['No Change'],[],rev
895,AAGATGGACAATTTTTCCTTCGG,0,1842,2,CPS,CPP,['S>P'],[613],rev
896,ATTTCCGAAGACGACAAGATGGA,0,1857,2,LRK,LRK,['No Change'],[],rev
897,TAACATTTCCGAAGACGACAAGA,1,1861,2,RKC,RKR,['C>R'],[619],rev
898,CTTCATAACATTTCCGAAGACGA,0,1866,2,CYE,CHE,['Y>H'],[620],rev
899,CTGCTTCATAACATTTCCGAAGA,0,1869,2,YEA,YEA,['No Change'],[],rev
900,CTTCAGCTTCCGGGctattggga,2,1898,3,RKL,RKP,['L>P'],[631],rev
901,TCTTCAGCTTCCGGGctattggg,0,1899,3,KLK,KPK,['L>P'],[631],rev
902,TTCTTCAGCTTCCGGGctattgg,1,1900,3,KLK,KPK,['L>P'],[631],rev
903,CCAAGTTTCTTCAGCTTCCGGGc,1,1906,3,KKL,KKP,['L>P'],[634],rev
904,ACCAAGTTTCTTCAGCTTCCGGG,2,1907,3,KKL,KKP,['L>P'],[634],rev
905,TACCAAGTTTCTTCAGCTTCCGG,0,1908,3,KLG,KPG,['L>P'],[634],rev
906,TCAGATTACCAAGTTTCTTCAGC,0,1914,3,GNL,GNL,['No Change'],[],rev
907,CCTGTAGTTTCAGATTACCAAGT,0,1923,3,KLQ,KPQ,['L>P'],[639],rev
908,TGGAAGCCTCTCCTTCCTCCTGT,0,1941,3,EAS,EAP,['S>P'],[646],rev
909,CTCAGTGGGGCTGGTGGTGCTGG,2,1961,3,SPT,SPT,['No Change'],[],rev
910,CTCCTCAGTGGGGCTGGTGGTGC,2,1964,3,PTE,PTE,['No Change'],[],rev
911,GACACTGTCAGCTTCTGGGTTGT,1,1987,3,LTV,LTA,['V>A'],[661],rev
912,TGTGACACTGTCAGCTTCTGGGT,1,1990,3,TVS,TAP,"['V>A', 'S>P']","[661, 662]",rev
913,GTGTGACACTGTCAGCTTCTGGG,2,1991,3,TVS,TAP,"['V>A', 'S>P']","[661, 662]",rev
914,TGTGTGACACTGTCAGCTTCTGG,0,1992,3,VSH,VPH,['S>P'],[662],rev
915,CTTCAATGTGTGACACTGTCAGC,0,1998,3,HIE,HTE,['I>T'],[664],rev
916,CATTCATAGCCTTCAATGTGTGA,1,2008,3,GYE,GHE,['Y>H'],[667],rev
917,GACATTCATAGCCTTCAATGTGT,0,2010,3,YEC,YER,['C>R'],[669],rev
918,CTGACATTCATAGCCTTCAATGT,2,2012,3,YEC,YER,['C>R'],[669],rev
919,AAAGATGGGCTGACATTCATAGC,2,2021,3,QPI,QPT,['I>T'],[672],rev
920,GGACATTCAGAAAGATGGGCTGA,0,2031,3,LNV,LNV,['No Change'],[],rev
921,CCAGGACATTCAGAAAGATGGGC,0,2034,3,NVL,NAL,['V>A'],[676],rev
922,TCCAGGACATTCAGAAAGATGGG,1,2035,3,NVL,NAP,"['V>A', 'L>P']","[676, 677]",rev
923,TTCCAGGACATTCAGAAAGATGG,2,2036,3,NVL,NAP,"['V>A', 'L>P']","[676, 677]",rev
924,GGCTTCCAGGACATTCAGAAAGA,2,2039,3,VLE,VPE,['L>P'],[677],rev
925,CACACTACACCTGGCTCAATGGC,1,2059,3,GVV,GAA,"['V>A', 'V>A']","[684, 685]",rev
926,ACACACTACACCTGGCTCAATGG,2,2060,3,GVV,GAA,"['V>A', 'V>A']","[684, 685]",rev
927,GTCCAGCACACACTACACCTGGC,0,2067,3,CAG,CAG,['No Change'],[],rev
928,TGTCCAGCACACACTACACCTGG,1,2068,3,CAG,CAG,['No Change'],[],rev
929,AAAGGAGTCGGGCTGGTTGTTGT,2,2093,3,PDS,PDP,['S>P'],[696],rev
930,TGCAAAGGAGTCGGGCTGGTTGT,2,2096,3,DSF,DSP,['F>P'],[697],rev
931,GGCTGCAAAGGAGTCGGGCTGGT,2,2099,3,SFA,SSA,['F>S'],[697],rev
932,AGGCTGCAAAGGAGTCGGGCTGG,0,2100,3,FAA,FAA,['No Change'],[],rev
933,GCAAGGCTGCAAAGGAGTCGGGC,0,2103,3,AAL,AAL,['No Change'],[],rev
934,AGCAAGGCTGCAAAGGAGTCGGG,1,2104,3,AAL,AAP,['L>P'],[700],rev
935,GAGCAAGGCTGCAAAGGAGTCGG,2,2105,3,AAL,AAP,['L>P'],[700],rev
936,AGAGAGCAAGGCTGCAAAGGAGT,2,2108,3,ALL,ASP,"['L>S', 'L>P']","[700, 701]",rev
937,CTAGAGAGCAAGGCTGCAAAGGA,1,2110,3,LLS,LPP,"['L>P', 'S>P']","[701, 702]",rev
938,GCTAGAGAGCAAGGCTGCAAAGG,2,2111,3,LLS,LPP,"['L>P', 'S>P']","[701, 702]",rev
939,TTGAGGCTAGAGAGCAAGGCTGC,1,2116,3,SSL,SSP,['L>P'],[704],rev
940,TCATTGAGGCTAGAGAGCAAGGC,1,2119,3,SLN,SPN,['L>P'],[704],rev
941,TTCATTGAGGCTAGAGAGCAAGG,2,2120,3,SLN,SPN,['L>P'],[704],rev
942,CCAGTTCATTGAGGCTAGAGAGC,0,2124,3,NEL,NEL,['No Change'],[],rev
943,TCCCAGTTCATTGAGGCTAGAGA,2,2126,3,NEL,NEP,['L>P'],[707],rev
944,TCTCCCAGTTCATTGAGGCTAGA,1,2128,3,ELG,EPG,['L>P'],[707],rev
945,GTACAAGCTGTCTCTCTCCCAGT,0,2142,3,QLV,QPV,['L>P'],[712],rev
946,ACTTGACCACGTGTACAAGCTGT,0,2154,3,VVK,VAK,['V>A'],[716],rev
947,CCCACTTGACCACGTGTACAAGC,0,2157,3,VKW,VKR,['W>R'],[718],rev
948,AGGCAAGGCCTTGGCCCACTTGA,2,2171,3,KAL,KAP,['L>P'],[722],rev
949,CGGAAGCctggagaagaagaggc,1,2179,4,F,P,['F>P'],[725],rev
950,GCGGAAGCctggagaagaagagg,2,2180,4,F,P,['F>P'],[725],rev
951,TTGCGGAAGCctggagaagaaga,1,2182,4,FR,PR,['F>P'],[725],rev
952,TGTAAGTTGCGGAAGCctggaga,1,2188,4,RNL,RNP,['L>P'],[728],rev
953,CGTGTAAGTTGCGGAAGCctgga,0,2190,4,NLH,NPH,['L>P'],[728],rev
954,ACGTGTAAGTTGCGGAAGCctgg,1,2191,4,NLH,NPH,['L>P'],[728],rev
955,GTCCACGTGTAAGTTGCGGAAGC,2,2195,4,LHV,LHA,['V>A'],[730],rev
956,GTCGTCCACGTGTAAGTTGCGGA,2,2198,4,HVD,HAD,['V>A'],[730],rev
957,CAGCCATCTGGTCGTCCACGTGT,0,2208,4,QMA,QTA,['M>T'],[734],rev
958,GACAGCCATCTGGTCGTCCACGT,2,2210,4,QMA,QTA,['M>T'],[734],rev
959,CTGAATGACAGCCATCTGGTCGT,2,2216,4,AVI,AAT,"['V>A', 'I>T']","[736, 737]",rev
960,GTACTGAATGACAGCCATCTGGT,2,2219,4,VIQ,VTQ,['I>T'],[737],rev
961,AGTACTGAATGACAGCCATCTGG,0,2220,4,IQY,IQH,['Y>H'],[739],rev
962,ATCCAGGAGTACTGAATGACAGC,1,2227,4,YSW,YPR,"['S>P', 'W>R']","[740, 741]",rev
963,CCCCATCCAGGAGTACTGAATGA,2,2231,4,SWM,SWT,['M>T'],[742],rev
964,CACCATGAGCCCCATCCAGGAGT,2,2240,4,GLM,GPT,"['L>P', 'M>T']","[744, 745]",rev
965,AACACCATGAGCCCCATCCAGGA,1,2242,4,LMV,LTA,"['M>T', 'V>A']","[745, 746]",rev
966,AAACACCATGAGCCCCATCCAGG,2,2243,4,LMV,LTA,"['M>T', 'V>A']","[745, 746]",rev
967,AGCCCATGGCAAACACCATGAGC,0,2253,4,AMG,ATG,['M>T'],[749],rev
968,CCAGCCCATGGCAAACACCATGA,2,2255,4,AMG,ATG,['M>T'],[749],rev
969,GTGAAGGATCGCCAGCCCATGGC,1,2266,4,RSF,RPP,"['S>P', 'F>P']","[753, 754]",rev
970,GGTGAAGGATCGCCAGCCCATGG,2,2267,4,RSF,RSP,['F>P'],[754],rev
971,GACATTGGTGAAGGATCGCCAGC,2,2273,4,FTN,FTN,['No Change'],[],rev
972,AGTTGACATTGGTGAAGGATCGC,0,2277,4,NVN,NAN,['V>A'],[757],rev
973,CTGGAGTTGACATTGGTGAAGGA,1,2281,4,VNS,VNP,['S>P'],[759],rev
974,CCTGGAGTTGACATTGGTGAAGG,2,2282,4,VNS,VNP,['S>P'],[759],rev
975,AGCATCCTGGAGTTGACATTGGT,1,2287,4,SRM,SRT,['M>T'],[761],rev
976,GAGCATCCTGGAGTTGACATTGG,2,2288,4,SRM,SRT,['M>T'],[761],rev
977,GAAGTAGAGCATCCTGGAGTTGA,2,2294,4,MLY,MPH,"['L>P', 'Y>H']","[762, 763]",rev
978,GGCGAAGTAGAGCATCCTGGAGT,2,2297,4,LYF,LYP,['F>P'],[764],rev
979,GGGGCGAAGTAGAGCATCCTGGA,1,2299,4,YFA,YPA,['F>P'],[764],rev
980,AGGGGCGAAGTAGAGCATCCTGG,2,2300,4,YFA,YSA,['F>S'],[764],rev
981,CCAGATCAGGGGCGAAGTAGAGC,0,2307,4,PDL,PDL,['No Change'],[],rev
982,AACCAGATCAGGGGCGAAGTAGA,2,2309,4,PDL,PDP,['L>P'],[768],rev
983,GAAAACCAGATCAGGGGCGAAGT,2,2312,4,DLV,DPA,"['L>P', 'V>A']","[768, 769]",rev
984,ATTGAAAACCAGATCAGGGGCGA,2,2315,4,LVF,LAP,"['V>A', 'F>P']","[769, 770]",rev
985,TCATTGAAAACCAGATCAGGGGC,1,2317,4,VFN,VPN,['F>P'],[770],rev
986,cTCATTGAAAACCAGATCAGGGG,2,2318,4,VFN,VSN,['F>S'],[770],rev
987,acTCATTGAAAACCAGATCAGGG,0,2319,4,FN,FN,['No Change'],[],rev
988,tacTCATTGAAAACCAGATCAGG,1,2320,4,FN,FN,['No Change'],[],rev
989,GTGCATGCGGTACctgggaagga,2,2330,5,YRM,YRT,['M>T'],[775],rev
990,TGTGCATGCGGTACctgggaagg,0,2331,5,RMH,RTH,['M>T'],[775],rev
991,GTACATCCGGGACTTGTGCATGC,2,2345,5,SRM,SRT,['M>T'],[780],rev
992,GGCTGTACATCCGGGACTTGTGC,0,2349,5,MYS,MHS,['Y>H'],[781],rev
993,ACACACTGGCTGTACATCCGGGA,1,2356,5,SQC,SQR,['C>R'],[784],rev
994,GACACACTGGCTGTACATCCGGG,2,2357,5,SQC,SQR,['C>R'],[784],rev
995,GGACACACTGGCTGTACATCCGG,0,2358,5,QCV,QRV,['C>R'],[784],rev
996,CCTCATTCGGACACACTGGCTGT,2,2366,5,VRM,VRT,['M>T'],[787],rev
997,GTGCCTCATTCGGACACACTGGC,2,2369,5,RMR,RTR,['M>T'],[787],rev
998,TTGAGAGAGGTGCCTCATTCGGA,2,2378,5,HLS,HPP,"['L>P', 'S>P']","[790, 791]",rev
999,CTTGAGAGAGGTGCCTCATTCGG,0,2379,5,LSQ,LPQ,['S>P'],[791],rev
1000,ATCCAAACTCTTGAGAGAGGTGC,0,2388,5,EFG,EPG,['F>P'],[794],rev
1001,CCATCCAAACTCTTGAGAGAGGT,2,2390,5,EFG,ESG,['F>S'],[794],rev
1002,GCCATCCAAACTCTTGAGAGAGG,0,2391,5,FGW,FGR,['W>R'],[796],rev
1003,GAGCCATCCAAACTCTTGAGAGA,2,2393,5,FGW,FGR,['W>R'],[796],rev
1004,TGGAGCCATCCAAACTCTTGAGA,1,2395,5,GWL,GRP,"['W>R', 'L>P']","[796, 797]",rev
1005,TTTGGAGCCATCCAAACTCTTGA,0,2397,5,WLQ,WPQ,['L>P'],[797],rev
1006,GGAATTCCTGGGGGGTGATTTGG,0,2415,5,QEF,QEL,['F>L'],[804],rev
1007,GCACAGGAATTCCTGGGGGGTGA,2,2420,5,EFL,ESP,"['F>S', 'L>P']","[804, 805]",rev
1008,ATGCACAGGAATTCCTGGGGGGT,1,2422,5,FLC,FPR,"['L>P', 'C>R']","[805, 806]",rev
1009,CATGCACAGGAATTCCTGGGGGG,2,2423,5,FLC,FPR,"['L>P', 'C>R']","[805, 806]",rev
1010,TCATGCACAGGAATTCCTGGGGG,0,2424,5,LCM,LRM,['C>R'],[806],rev
1011,TTCATGCACAGGAATTCCTGGGG,1,2425,5,LCM,LRT,"['C>R', 'M>T']","[806, 807]",rev
1012,TTTCATGCACAGGAATTCCTGGG,2,2426,5,LCM,LCT,['M>T'],[807],rev
1013,CTTTCATGCACAGGAATTCCTGG,0,2427,5,CMK,CTK,['M>T'],[807],rev
1014,TAGCAGTGCTTTCATGCACAGGA,2,2435,5,KAL,KAP,['L>P'],[810],rev
1015,GTAGCAGTGCTTTCATGCACAGG,0,2436,5,ALL,APL,['L>P'],[810],rev
1016,GAAGAGTAGCAGTGCTTTCATGC,2,2441,5,LLL,LPP,"['L>P', 'L>P']","[811, 812]",rev
1017,cTAATGCTGAAGAGTAGCAGTGC,1,2449,5,FSI,FST,['I>T'],[815],rev
1018,tacTAATGCTGAAGAGTAGCAGT,0,2451,5,SI,ST,['I>T'],[815],rev
1019,acttacTAATGCTGAAGAGTAGC,0,2454,5,I,I,['No Change'],[],rev
1020,CTGGAActgatgtgggatgaaga,0,2454,6,P,P,['No Change'],[],rev
1021,CCACTGGAActgatgtgggatga,0,2457,6,PV,PV,['No Change'],[],rev
1022,CATCCACTGGAActgatgtggga,0,2460,6,PVD,PAD,['V>A'],[818],rev
1023,CCATCCACTGGAActgatgtggg,1,2461,6,PVD,PAD,['V>A'],[818],rev
1024,CCCATCCACTGGAActgatgtgg,2,2462,6,PVD,PAD,['V>A'],[818],rev
1025,AGCCCATCCACTGGAActgatgt,1,2464,6,VDG,VDG,['No Change'],[],rev
1026,TTCAGCCCATCCACTGGAActga,1,2467,6,DGL,DGP,['L>P'],[821],rev
1027,CAAAGAATTTTTGATTTTTCAGC,0,2484,6,KFF,KPL,"['F>P', 'F>L']","[826, 827]",rev
1028,GAAGTTCATCAAAGAATTTTTGA,0,2493,6,DEL,DEL,['No Change'],[],rev
1029,GTTCATTCGAAGTTCATCAAAGA,2,2501,6,LRM,LRT,['M>T'],[832],rev
1030,CCTTGATGTAGTTCATTCGAAGT,0,2511,6,YIK,YTK,['I>T'],[835],rev
1031,ACGATCGAGTTCCTTGATGTAGT,2,2522,6,ELD,EPD,['L>P'],[838],rev
1032,GATACGATCGAGTTCCTTGATGT,2,2525,6,LDR,LDR,['No Change'],[],rev
1033,AATGATACGATCGAGTTCCTTGA,2,2528,6,DRI,DRT,['I>T'],[841],rev
1034,TGCATGCAATGATACGATCGAGT,0,2535,6,IAC,IAR,['C>R'],[844],rev
1035,TTTGCATGCAATGATACGATCGA,2,2537,6,IAC,IAR,['C>R'],[844],rev
1036,GTGGGATTTTTTCTTTTGCATGC,1,2551,6,KNP,KNP,['No Change'],[],rev
1037,TAGAAGCGTCTTGAGCAGGATGT,1,2572,6,RRF,RRP,['F>P'],[856],rev
1038,TGGTAGAAGCGTCTTGAGCAGGA,1,2575,6,RFY,RPH,"['F>P', 'Y>H']","[856, 857]",rev
1039,CTGGTAGAAGCGTCTTGAGCAGG,2,2576,6,RFY,RSH,"['F>S', 'Y>H']","[856, 857]",rev
1040,GTGAGCTGGTAGAAGCGTCTTGA,1,2581,6,YQL,YQP,['L>P'],[859],rev
1041,CAGGAGCTTGGTGAGCTGGTAGA,2,2591,6,TKL,TKP,['L>P'],[862],rev
1042,GTCCAGGAGCTTGGTGAGCTGGT,2,2594,6,KLL,KPP,"['L>P', 'L>P']","[862, 863]",rev
1043,AGTCCAGGAGCTTGGTGAGCTGG,0,2595,6,LLD,LPD,['L>P'],[863],rev
1044,CGGAGTCCAGGAGCTTGGTGAGC,0,2598,6,LDS,LDP,['S>P'],[865],rev
1045,CACGGAGTCCAGGAGCTTGGTGA,2,2600,6,LDS,LDP,['S>P'],[865],rev
1046,TGCACGGAGTCCAGGAGCTTGGT,1,2602,6,DSV,DPA,"['S>P', 'V>A']","[865, 866]",rev
1047,CTGCACGGAGTCCAGGAGCTTGG,2,2603,6,DSV,DSA,['V>A'],[866],rev
1048,tacAGGCTGCACGGAGTCCAGGA,2,2609,6,VQP,VQP,['No Change'],[],rev
1049,ttacAGGCTGCACGGAGTCCAGG,0,2610,6,QP,QP,['No Change'],[],rev
1050,GCAATctgtagggaacaataaga,1,2611,7,I,T,['I>T'],[869],rev
1051,GATGCAGCTCTCTCGCAATctgt,0,2625,7,ELH,EPH,['L>P'],[873],rev
1052,GTGAACTGATGCAGCTCTCTCGC,1,2632,7,HQF,HQP,['F>P'],[876],rev
1053,GGTCAAAAGTGAACTGATGCAGC,0,2640,7,TFD,TPD,['F>P'],[878],rev
1054,GCAGGTCAAAAGTGAACTGATGC,0,2643,7,FDL,FDL,['No Change'],[],rev
1055,TTAGCAGGTCAAAAGTGAACTGA,0,2646,7,DLL,DPL,['L>P'],[880],rev
1056,CTTGATTAGCAGGTCAAAAGTGA,2,2651,7,LLI,LPT,"['L>P', 'I>T']","[881, 882]",rev
1057,GACTTGATTAGCAGGTCAAAAGT,1,2653,7,LIK,LTK,['I>T'],[882],rev
1058,TCACCATGTGTGACTTGATTAGC,0,2664,7,HMV,HTV,['M>T'],[886],rev
1059,CACGCTCACCATGTGTGACTTGA,2,2669,7,MVS,MAS,['V>A'],[887],rev
1060,AAGTCCACGCTCACCATGTGTGA,1,2674,7,SVD,SAD,['V>A'],[889],rev
1061,GAAAGTCCACGCTCACCATGTGT,0,2676,7,VDF,VDL,['F>L'],[891],rev
1062,CGGAAAGTCCACGCTCACCATGT,2,2678,7,VDF,VDP,['F>P'],[891],rev
1063,CATCATTTCCGGAAAGTCCACGC,2,2687,7,PEM,PET,['M>T'],[894],rev
1064,CTCTGCCATCATTTCCGGAAAGT,2,2693,7,MMA,MTA,['M>T'],[895],rev
1065,ATGATCTCTGCCATCATTTCCGG,1,2698,7,AEI,AET,['I>T'],[898],rev
1066,ACTTGCACAGAGATGATCTCTGC,1,2710,7,SVQ,SAQ,['V>A'],[901],rev
1067,CTTGGGCACTTGCACAGAGATGA,2,2717,7,QVP,QAP,['V>A'],[903],rev
1068,AGGATCTTGGGCACTTGCACAGA,1,2722,7,PKI,PKT,['I>T'],[906],rev
1069,CAGAAAGGATCTTGGGCACTTGC,0,2727,7,ILS,IPP,"['L>P', 'S>P']","[907, 908]",rev
1070,CTTTCCCAGAAAGGATCTTGGGC,0,2733,7,SGK,SGK,['No Change'],[],rev
1071,GGGCTTGACTTTCCCAGAAAGGA,2,2741,7,KVK,KAK,['V>A'],[911],rev
1072,TAGATGGGCTTGACTTTCCCAGA,1,2746,7,KPI,KPT,['I>T'],[914],rev
1073,GGTGTGGAAATAGATGGGCTTGA,2,2756,7,YFH,YSH,['F>S'],[916],rev
1074,gctTCACTGGGTGTGGAAATAGA,2,2765,7,TQ.,TQR,['.>R'],[920],rev
