position,amino_acid,guide_IDs,guide_counts,sgRNA_seqs,sgRNA_strands,ACtoGT_mutations
1,M,sgRNA_5;sgRNA_7,2,tcaaggATGGAAGTGCAGTT;aaggATGGAAGTGCAGTTAG,sense;sense,M1V
2,E,sgRNA_8;sgRNA_9;sgRNA_10;sgRNA_789,4,gATGGAAGTGCAGTTAGGGC;ATGGAAGTGCAGTTAGGGCT;TGGAAGTGCAGTTAGGGCTG;TGCACTTCCATccttgagct,sense;sense;sense;antisense,E2K;E2E;E2G
3,V,sgRNA_789,1,TGCACTTCCATccttgagct,antisense,V3A;V3M;V3T
4,Q,sgRNA_11;sgRNA_12;sgRNA_13;sgRNA_791,4,AAGTGCAGTTAGGGCTGGGA;AGTGCAGTTAGGGCTGGGAA;GTGCAGTTAGGGCTGGGAAG;CCTAACTGCACTTCCATcct,sense;sense;sense;antisense,Q4Q;Q4.;Q4W;Q4R
5,L,sgRNA_791,1,CCTAACTGCACTTCCATcct,antisense,L5P;L5L;L5S
6,G,,0,,,
7,L,,0,,,
8,G,sgRNA_14;sgRNA_15,2,GGCTGGGAAGGGTCTACCCT;GCTGGGAAGGGTCTACCCTC,sense;sense,G8G
9,R,sgRNA_15;sgRNA_792,2,GCTGGGAAGGGTCTACCCTC;AGACCCTTCCCAGCCCTAAC,sense;antisense,R9R;R9K;R9G
10,V,sgRNA_17;sgRNA_792,2,AAGGGTCTACCCTCGGCCGC;AGACCCTTCCCAGCCCTAAC,sense;antisense,V10V;V10I
11,Y,sgRNA_18,1,CTACCCTCGGCCGCCGTCCA,sense,Y11Y
12,P,sgRNA_18,1,CTACCCTCGGCCGCCGTCCA,sense,P12S;P12F;P12L
13,R,sgRNA_18,1,CTACCCTCGGCCGCCGTCCA,sense,R13W
14,P,sgRNA_19,1,GGCCGCCGTCCAAGACCTAC,sense,P14L
15,P,sgRNA_19;sgRNA_20;sgRNA_21;sgRNA_794,4,GGCCGCCGTCCAAGACCTAC;CCGCCGTCCAAGACCTACCG;CGCCGTCCAAGACCTACCGA;CTTGGACGGCGGCCGAGGGT,sense;sense;sense;antisense,P15S;P15P;P15L
16,S,sgRNA_20;sgRNA_21;sgRNA_794,3,CCGCCGTCCAAGACCTACCG;CGCCGTCCAAGACCTACCGA;CTTGGACGGCGGCCGAGGGT,sense;sense;antisense,S16F;S16P;S16S
17,K,sgRNA_795;sgRNA_796;sgRNA_797;sgRNA_798,4,GGTCTTGGACGGCGGCCGAG;AGGTCTTGGACGGCGGCCGA;TAGGTCTTGGACGGCGGCCG;GGTAGGTCTTGGACGGCGGC,antisense;antisense;antisense;antisense,K17K
18,T,sgRNA_23,1,GACCTACCGAGGAGCTTTCC,sense,T18T
19,Y,sgRNA_23;sgRNA_798;sgRNA_799,3,GACCTACCGAGGAGCTTTCC;GGTAGGTCTTGGACGGCGGC;CTCGGTAGGTCTTGGACGGC,sense;antisense;antisense,Y19C;Y19Y;Y19H
20,R,sgRNA_23;sgRNA_24;sgRNA_801;sgRNA_802,4,GACCTACCGAGGAGCTTTCC;CCGAGGAGCTTTCCAGAATC;CTCCTCGGTAGGTCTTGGAC;GCTCCTCGGTAGGTCTTGGA,sense;sense;antisense;antisense,R20.;R20R;R20Q
21,G,sgRNA_24;sgRNA_801;sgRNA_802;sgRNA_803;sgRNA_804,5,CCGAGGAGCTTTCCAGAATC;CTCCTCGGTAGGTCTTGGAC;GCTCCTCGGTAGGTCTTGGA;AAAGCTCCTCGGTAGGTCTT;GAAAGCTCCTCGGTAGGTCT,sense;antisense;antisense;antisense;antisense,G21R;G21E;G21G;G21K
22,A,sgRNA_803;sgRNA_804,2,AAAGCTCCTCGGTAGGTCTT;GAAAGCTCCTCGGTAGGTCT,antisense;antisense,A22A;A22T
23,F,sgRNA_25;sgRNA_26;sgRNA_805;sgRNA_806,4,AGCTTTCCAGAATCTGTTCC;CTTTCCAGAATCTGTTCCAG;TTCTGGAAAGCTCCTCGGTA;ATTCTGGAAAGCTCCTCGGT,sense;sense;antisense;antisense,F23P;F23L;F23S;F23F
24,Q,sgRNA_25;sgRNA_26;sgRNA_806;sgRNA_807;sgRNA_808,5,AGCTTTCCAGAATCTGTTCC;CTTTCCAGAATCTGTTCCAG;ATTCTGGAAAGCTCCTCGGT;CAGATTCTGGAAAGCTCCTC;ACAGATTCTGGAAAGCTCCT,sense;sense;antisense;antisense;antisense,Q24W;Q24Q;Q24.;Q24R
25,N,sgRNA_28;sgRNA_807;sgRNA_808,3,CCAGAATCTGTTCCAGAGCG;CAGATTCTGGAAAGCTCCTC;ACAGATTCTGGAAAGCTCCT,sense;antisense;antisense,N25N;N25G;N25S;N25D
26,L,sgRNA_28;sgRNA_30,2,CCAGAATCTGTTCCAGAGCG;AATCTGTTCCAGAGCGTGCG,sense;sense,L26L
27,F,sgRNA_31,1,CTGTTCCAGAGCGTGCGCGA,sense,F27F
28,Q,sgRNA_31;sgRNA_811,2,CTGTTCCAGAGCGTGCGCGA;GCACGCTCTGGAACAGATTC,sense;antisense,Q28Q;Q28R;Q28.;Q28W
29,S,sgRNA_811,1,GCACGCTCTGGAACAGATTC,antisense,S29N
30,V,sgRNA_811,1,GCACGCTCTGGAACAGATTC,antisense,V30M
31,R,sgRNA_34,1,GCGCGAAGTGATCCAGAACC,sense,R31R
32,E,sgRNA_34;sgRNA_35;sgRNA_36,3,GCGCGAAGTGATCCAGAACC;CGCGAAGTGATCCAGAACCC;GCGAAGTGATCCAGAACCCG,sense;sense;sense,E32E;E32G
33,V,sgRNA_813,1,GATCACTTCGCGCACGCTCT,antisense,V33T;V33A;V33M;V33I;V33V
34,I,sgRNA_37;sgRNA_38;sgRNA_815,3,TGATCCAGAACCCGGGCCCC;GATCCAGAACCCGGGCCCCA;GTTCTGGATCACTTCGCGCA,sense;sense;antisense,I34T;I34I
35,Q,sgRNA_37;sgRNA_38;sgRNA_815;sgRNA_816,4,TGATCCAGAACCCGGGCCCC;GATCCAGAACCCGGGCCCCA;GTTCTGGATCACTTCGCGCA;CCGGGTTCTGGATCACTTCG,sense;sense;antisense;antisense,Q35Q;Q35W;Q35.;Q35R
36,N,sgRNA_38,1,GATCCAGAACCCGGGCCCCA,sense,N36D
37,P,sgRNA_39;sgRNA_817,2,AACCCGGGCCCCAGGCACCC;GCCCGGGTTCTGGATCACTT,sense;antisense,P37P;P37S;P37L
38,G,sgRNA_40;sgRNA_41,2,CCCGGGCCCCAGGCACCCAG;CCGGGCCCCAGGCACCCAGA,sense;sense,G38G
39,P,sgRNA_40;sgRNA_41;sgRNA_43,3,CCCGGGCCCCAGGCACCCAG;CCGGGCCCCAGGCACCCAGA;CCCCAGGCACCCAGAGGCCG,sense;sense;sense,P39F;P39P;P39L;P39S
40,R,sgRNA_43;sgRNA_818;sgRNA_819,3,CCCCAGGCACCCAGAGGCCG;GTGCCTGGGGCCCGGGTTCT;GGTGCCTGGGGCCCGGGTTC,sense;antisense;antisense,R40R;R40K;R40G
41,H,sgRNA_43,1,CCCCAGGCACCCAGAGGCCG,sense,H41Y
42,P,sgRNA_46,1,CACCCAGAGGCCGCGAGCGC,sense,P42L;P42S;P42P
43,E,sgRNA_46;sgRNA_821;sgRNA_824,3,CACCCAGAGGCCGCGAGCGC;CCTCTGGGTGCCTGGGGCCC;TCGCGGCCTCTGGGTGCCTG,sense;antisense;antisense,E43E;E43G;E43K
44,A,sgRNA_824,1,TCGCGGCCTCTGGGTGCCTG,antisense,A44T
45,A,sgRNA_47;sgRNA_48;sgRNA_824;sgRNA_826;sgRNA_827,5,GCCGCGAGCGCAGCACCTCC;CCGCGAGCGCAGCACCTCCC;TCGCGGCCTCTGGGTGCCTG;GCTCGCGGCCTCTGGGTGCC;CTGCGCTCGCGGCCTCTGGG,sense;sense;antisense;antisense;antisense,A45A;A45V;A45T
46,S,sgRNA_47;sgRNA_48;sgRNA_827;sgRNA_828,4,GCCGCGAGCGCAGCACCTCC;CCGCGAGCGCAGCACCTCCC;CTGCGCTCGCGGCCTCTGGG;TGCTGCGCTCGCGGCCTCTG,sense;sense;antisense;antisense,S46N;S46S;S46G
47,A,sgRNA_50;sgRNA_827;sgRNA_828;sgRNA_829;sgRNA_830,5,GCGCAGCACCTCCCGGCGCC;CTGCGCTCGCGGCCTCTGGG;TGCTGCGCTCGCGGCCTCTG;GTGCTGCGCTCGCGGCCTCT;GGTGCTGCGCTCGCGGCCTC,sense;antisense;antisense;antisense;antisense,A47T;A47V;A47A
48,A,sgRNA_50;sgRNA_51;sgRNA_829;sgRNA_830,4,GCGCAGCACCTCCCGGCGCC;AGCACCTCCCGGCGCCAGTT;GTGCTGCGCTCGCGGCCTCT;GGTGCTGCGCTCGCGGCCTC,sense;sense;antisense;antisense,A48T;A48A;A48V
49,P,sgRNA_51;sgRNA_832,2,AGCACCTCCCGGCGCCAGTT;GCCGGGAGGTGCTGCGCTCG,sense;antisense,P49F;P49L;P49S;P49P
50,P,sgRNA_51;sgRNA_52,2,AGCACCTCCCGGCGCCAGTT;ACCTCCCGGCGCCAGTTTGC,sense;sense,P50P;P50S;P50L;P50F
51,G,sgRNA_833;sgRNA_834,2,GCGCCGGGAGGTGCTGCGCT;ACTGGCGCCGGGAGGTGCTG,antisense;antisense,G51N;G51D;G51S
52,A,sgRNA_55;sgRNA_834;sgRNA_835,3,CGCCAGTTTGCTGCTGCTGC;ACTGGCGCCGGGAGGTGCTG;AAACTGGCGCCGGGAGGTGC,sense;antisense;antisense,A52T;A52A
53,S,sgRNA_55;sgRNA_835;sgRNA_836,3,CGCCAGTTTGCTGCTGCTGC;AAACTGGCGCCGGGAGGTGC;AGCAAACTGGCGCCGGGAGG,sense;antisense;antisense,S53S;S53G;S53N
54,L,sgRNA_836;sgRNA_838;sgRNA_841,3,AGCAAACTGGCGCCGGGAGG;AGCAGCAAACTGGCGCCGGG;CAGCAGCAGCAAACTGGCGC,antisense;antisense;antisense,L54S;L54P;L54L
55,L,sgRNA_56;sgRNA_57;sgRNA_838;sgRNA_840;sgRNA_841;sgRNA_842,6,CAGTTTGCTGCTGCTGCAGC;TTTGCTGCTGCTGCAGCAGC;AGCAGCAAACTGGCGCCGGG;AGCAGCAGCAAACTGGCGCC;CAGCAGCAGCAAACTGGCGC;CTGCAGCAGCAGCAAACTGG,sense;sense;antisense;antisense;antisense;antisense,L55L;L55P
56,L,sgRNA_57;sgRNA_58;sgRNA_840;sgRNA_842,4,TTTGCTGCTGCTGCAGCAGC;GCTGCTGCTGCAGCAGCAGC;AGCAGCAGCAAACTGGCGCC;CTGCAGCAGCAGCAAACTGG,sense;sense;antisense;antisense,L56P;L56L
57,L,sgRNA_58;sgRNA_843;sgRNA_844,3,GCTGCTGCTGCAGCAGCAGC;TGCTGCAGCAGCAGCAAACT;CTGCTGCAGCAGCAGCAAAC,sense;antisense;antisense,L57L;L57P
58,Q,sgRNA_844,1,CTGCTGCAGCAGCAGCAAAC,antisense,Q58Q
59,Q,,0,,,
60,Q,,0,,,
61,Q,,0,,,
62,Q,,0,,,
63,Q,,0,,,
64,Q,,0,,,
65,Q,,0,,,
66,Q,,0,,,
67,Q,,0,,,
68,Q,,0,,,
69,Q,,0,,,
70,Q,,0,,,
71,Q,,0,,,
72,Q,,0,,,
73,Q,,0,,,
74,Q,,0,,,
75,Q,sgRNA_61,1,CAGCAGCAGCAGCAGCAGCA,sense,Q75W;Q75R;Q75.
76,Q,sgRNA_61,1,CAGCAGCAGCAGCAGCAGCA,sense,Q76R;Q76W;Q76.
77,Q,sgRNA_63,1,AGCAGCAGCAGCAAGAGACT,sense,Q77R
78,Q,sgRNA_63,1,AGCAGCAGCAGCAAGAGACT,sense,Q78R;Q78.;Q78W
79,Q,sgRNA_64;sgRNA_848,2,AGCAGCAAGAGACTAGCCCC;TCTCTTGCTGCTGCTGCTGC,sense;antisense,Q79Q;Q79R
80,Q,sgRNA_64,1,AGCAGCAAGAGACTAGCCCC,sense,Q80Q;Q80.;Q80R;Q80W
81,E,sgRNA_848;sgRNA_849;sgRNA_850,3,TCTCTTGCTGCTGCTGCTGC;TAGTCTCTTGCTGCTGCTGC;GGCTAGTCTCTTGCTGCTGC,antisense;antisense;antisense,E81E;E81K
82,T,sgRNA_850,1,GGCTAGTCTCTTGCTGCTGC,antisense,T82T
83,S,sgRNA_68;sgRNA_69,2,GACTAGCCCCAGGCAGCAGC;TAGCCCCAGGCAGCAGCAGC,sense;sense,S83S;S83G
84,P,sgRNA_68;sgRNA_69;sgRNA_70,3,GACTAGCCCCAGGCAGCAGC;TAGCCCCAGGCAGCAGCAGC;CCCCAGGCAGCAGCAGCAGC,sense;sense;sense,P84F;P84S;P84L;P84P
85,R,sgRNA_69;sgRNA_70,2,TAGCCCCAGGCAGCAGCAGC;CCCCAGGCAGCAGCAGCAGC,sense;sense,R85G
86,Q,sgRNA_70;sgRNA_854,2,CCCCAGGCAGCAGCAGCAGC;TGCTGCTGCTGCCTGGGGCT,sense;antisense,Q86.;Q86Q
87,Q,sgRNA_74;sgRNA_855,2,CAGCAGCAGCAGCAGCAGGG;CTGCTGCTGCTGCTGCCTGG,sense;antisense,Q87Q;Q87W;Q87.;Q87R
88,Q,sgRNA_74;sgRNA_76;sgRNA_855,3,CAGCAGCAGCAGCAGCAGGG;CAGCAGCAGCAGCAGGGTGA;CTGCTGCTGCTGCTGCCTGG,sense;sense;antisense,Q88.;Q88R;Q88Q;Q88W
89,Q,sgRNA_76;sgRNA_77;sgRNA_78,3,CAGCAGCAGCAGCAGGGTGA;CAGCAGCAGCAGGGTGAGGA;AGCAGCAGCAGGGTGAGGAT,sense;sense;sense,Q89.;Q89W;Q89R
90,Q,sgRNA_77;sgRNA_78,2,CAGCAGCAGCAGGGTGAGGA;AGCAGCAGCAGGGTGAGGAT,sense;sense,Q90W;Q90.;Q90R
91,Q,sgRNA_860,1,CCTCACCCTGCTGCTGCTGC,antisense,Q91Q
92,G,sgRNA_860;sgRNA_861,2,CCTCACCCTGCTGCTGCTGC;CATCCTCACCCTGCTGCTGC,antisense;antisense,G92S;G92N;G92D;G92G
93,E,sgRNA_79;sgRNA_860;sgRNA_861;sgRNA_862,4,GGTGAGGATGGTTCTCCCCA;CCTCACCCTGCTGCTGCTGC;CATCCTCACCCTGCTGCTGC;AACCATCCTCACCCTGCTGC,sense;antisense;antisense;antisense,E93K;E93E;E93G
94,D,sgRNA_79;sgRNA_861;sgRNA_862;sgRNA_863,4,GGTGAGGATGGTTCTCCCCA;CATCCTCACCCTGCTGCTGC;AACCATCCTCACCCTGCTGC;GAGAACCATCCTCACCCTGC,sense;antisense;antisense;antisense,D94G;D94D;D94N
95,G,sgRNA_862;sgRNA_863;sgRNA_864,3,AACCATCCTCACCCTGCTGC;GAGAACCATCCTCACCCTGC;GGGGAGAACCATCCTCACCC,antisense;antisense;antisense,G95D;G95S;G95G;G95N
96,S,sgRNA_80;sgRNA_81;sgRNA_863;sgRNA_864,4,ATGGTTCTCCCCAAGCCCAT;GTTCTCCCCAAGCCCATCGT;GAGAACCATCCTCACCCTGC;GGGGAGAACCATCCTCACCC,sense;sense;antisense;antisense,S96P;S96F;S96S
97,P,sgRNA_81;sgRNA_82;sgRNA_83,3,GTTCTCCCCAAGCCCATCGT;TCTCCCCAAGCCCATCGTAG;CTCCCCAAGCCCATCGTAGA,sense;sense;sense,P97L;P97S;P97P;P97F
98,Q,sgRNA_82;sgRNA_83,2,TCTCCCCAAGCCCATCGTAG;CTCCCCAAGCCCATCGTAGA,sense;sense,Q98.;Q98W;Q98Q;Q98R
99,A,,0,,,
100,H,sgRNA_84;sgRNA_85,2,GCCCATCGTAGAGGCCCCAC;CCCATCGTAGAGGCCCCACA,sense;sense,H100Y;H100C;H100R
101,R,sgRNA_84;sgRNA_85;sgRNA_865;sgRNA_866,4,GCCCATCGTAGAGGCCCCAC;CCCATCGTAGAGGCCCCACA;CCTCTACGATGGGCTTGGGG;GGCCTCTACGATGGGCTTGG,sense;sense;antisense;antisense,R101R;R101C;R101H
102,R,sgRNA_865;sgRNA_866;sgRNA_867;sgRNA_868,4,CCTCTACGATGGGCTTGGGG;GGCCTCTACGATGGGCTTGG;GGGCCTCTACGATGGGCTTG;GGGGCCTCTACGATGGGCTT,antisense;antisense;antisense;antisense,R102K
103,G,sgRNA_87;sgRNA_866;sgRNA_867;sgRNA_868;sgRNA_869,5,AGAGGCCCCACAGGCTACCT;GGCCTCTACGATGGGCTTGG;GGGCCTCTACGATGGGCTTG;GGGGCCTCTACGATGGGCTT;TGGGGCCTCTACGATGGGCT,sense;antisense;antisense;antisense;antisense,G103G;G103S;G103N;G103D
104,P,sgRNA_87;sgRNA_88,2,AGAGGCCCCACAGGCTACCT;CCCCACAGGCTACCTGGTCC,sense;sense,P104F;P104P;P104S;P104L
105,T,sgRNA_88;sgRNA_89,2,CCCCACAGGCTACCTGGTCC;CCCACAGGCTACCTGGTCCT,sense;sense,T105I;T105M;T105V;T105A;T105T
106,G,sgRNA_91;sgRNA_872,2,AGGCTACCTGGTCCTGGATG;AGCCTGTGGGGCCTCTACGA,sense;antisense,G106G;G106S
107,Y,sgRNA_91,1,AGGCTACCTGGTCCTGGATG,sense,Y107C;Y107Y
108,L,sgRNA_91;sgRNA_874;sgRNA_875,3,AGGCTACCTGGTCCTGGATG;CAGGACCAGGTAGCCTGTGG;CCAGGACCAGGTAGCCTGTG,sense;antisense;antisense,L108P;L108L
109,V,sgRNA_93;sgRNA_874;sgRNA_875;sgRNA_877,4,CCTGGTCCTGGATGAGGAAC;CAGGACCAGGTAGCCTGTGG;CCAGGACCAGGTAGCCTGTG;ATCCAGGACCAGGTAGCCTG,sense;antisense;antisense;antisense,V109I;V109A;V109V;V109T
110,L,sgRNA_93;sgRNA_877,2,CCTGGTCCTGGATGAGGAAC;ATCCAGGACCAGGTAGCCTG,sense;antisense,L110L;L110P
111,D,sgRNA_879,1,TTCCTCATCCAGGACCAGGT,antisense,D111D
112,E,sgRNA_879;sgRNA_880;sgRNA_881,3,TTCCTCATCCAGGACCAGGT;CTGTTCCTCATCCAGGACCA;GCTGTTCCTCATCCAGGACC,antisense;antisense;antisense,E112E;E112K
113,E,sgRNA_94;sgRNA_95;sgRNA_880;sgRNA_881,4,TGAGGAACAGCAACCTTCAC;GGAACAGCAACCTTCACAGC;CTGTTCCTCATCCAGGACCA;GCTGTTCCTCATCCAGGACC,sense;sense;antisense;antisense,E113E;E113G;E113K
114,Q,sgRNA_94;sgRNA_95;sgRNA_882;sgRNA_883,4,TGAGGAACAGCAACCTTCAC;GGAACAGCAACCTTCACAGC;AGGTTGCTGTTCCTCATCCA;AAGGTTGCTGTTCCTCATCC,sense;sense;antisense;antisense,Q114R;Q114W;Q114Q;Q114.
115,Q,sgRNA_95;sgRNA_96,2,GGAACAGCAACCTTCACAGC;ACAGCAACCTTCACAGCCGC,sense;sense,Q115Q;Q115W;Q115R;Q115.
116,P,sgRNA_96;sgRNA_98,2,ACAGCAACCTTCACAGCCGC;CAACCTTCACAGCCGCAGTC,sense;sense,P116F;P116L;P116S
117,S,sgRNA_98,1,CAACCTTCACAGCCGCAGTC,sense,S117L
118,Q,,0,,,
119,P,sgRNA_101;sgRNA_102;sgRNA_885,3,ACAGCCGCAGTCGGCCCTGG;AGCCGCAGTCGGCCCTGGAG;CCGACTGCGGCTGTGAAGGT,sense;sense;antisense,P119S;P119L;P119P
120,Q,sgRNA_101;sgRNA_102;sgRNA_885,3,ACAGCCGCAGTCGGCCCTGG;AGCCGCAGTCGGCCCTGGAG;CCGACTGCGGCTGTGAAGGT,sense;sense;antisense,Q120.;Q120Q;Q120W;Q120R
121,S,sgRNA_885,1,CCGACTGCGGCTGTGAAGGT,antisense,S121P
122,A,sgRNA_103;sgRNA_104;sgRNA_888,3,TCGGCCCTGGAGTGCCACCC;GGCCCTGGAGTGCCACCCCG;TCCAGGGCCGACTGCGGCTG,sense;sense;antisense,A122A;A122V;A122T
123,L,sgRNA_103;sgRNA_104;sgRNA_888;sgRNA_889;sgRNA_890,5,TCGGCCCTGGAGTGCCACCC;GGCCCTGGAGTGCCACCCCG;TCCAGGGCCGACTGCGGCTG;ACTCCAGGGCCGACTGCGGC;GGCACTCCAGGGCCGACTGC,sense;sense;antisense;antisense;antisense,L123P;L123L
124,E,sgRNA_105;sgRNA_889;sgRNA_890;sgRNA_891;sgRNA_892,5,CCCTGGAGTGCCACCCCGAG;ACTCCAGGGCCGACTGCGGC;GGCACTCCAGGGCCGACTGC;TGGCACTCCAGGGCCGACTG;GGTGGCACTCCAGGGCCGAC,sense;antisense;antisense;antisense;antisense,E124E;E124K;E124G
125,C,sgRNA_108;sgRNA_890;sgRNA_891;sgRNA_892,4,AGTGCCACCCCGAGAGAGGT;GGCACTCCAGGGCCGACTGC;TGGCACTCCAGGGCCGACTG;GGTGGCACTCCAGGGCCGAC,sense;antisense;antisense;antisense,C125Y;C125R;C125C;C125H
126,H,sgRNA_108;sgRNA_109,2,AGTGCCACCCCGAGAGAGGT;TGCCACCCCGAGAGAGGTTG,sense;sense,H126R;H126H;H126Y;H126C
127,P,sgRNA_109,1,TGCCACCCCGAGAGAGGTTG,sense,P127F;P127S;P127L
128,E,sgRNA_110;sgRNA_896,2,CCCGAGAGAGGTTGCGTCCC;CTCTCTCGGGGTGGCACTCC,sense;antisense,E128K;E128E;E128G
129,R,sgRNA_110,1,CCCGAGAGAGGTTGCGTCCC,sense,R129G
130,G,sgRNA_897;sgRNA_898,2,GACGCAACCTCTCTCGGGGT;GGACGCAACCTCTCTCGGGG,antisense;antisense,G130D;G130G
131,C,sgRNA_113;sgRNA_114;sgRNA_897;sgRNA_898;sgRNA_899,5,GAGGTTGCGTCCCAGAGCCT;GGTTGCGTCCCAGAGCCTGG;GACGCAACCTCTCTCGGGGT;GGACGCAACCTCTCTCGGGG;TGGGACGCAACCTCTCTCGG,sense;sense;antisense;antisense;antisense,C131C;C131H;C131Y;C131R
132,V,sgRNA_115;sgRNA_898;sgRNA_899;sgRNA_901;sgRNA_902,5,TGCGTCCCAGAGCCTGGAGC;GGACGCAACCTCTCTCGGGG;TGGGACGCAACCTCTCTCGG;TCTGGGACGCAACCTCTCTC;CTCTGGGACGCAACCTCTCT,sense;antisense;antisense;antisense;antisense,V132I;V132V;V132T;V132A
133,P,sgRNA_115;sgRNA_116;sgRNA_117,3,TGCGTCCCAGAGCCTGGAGC;GTCCCAGAGCCTGGAGCCGC;CCCAGAGCCTGGAGCCGCCG,sense;sense;sense,P133L;P133S;P133P
134,E,sgRNA_116;sgRNA_117;sgRNA_118,3,GTCCCAGAGCCTGGAGCCGC;CCCAGAGCCTGGAGCCGCCG;CCAGAGCCTGGAGCCGCCGT,sense;sense;sense,E134G
135,P,sgRNA_117;sgRNA_118,2,CCCAGAGCCTGGAGCCGCCG;CCAGAGCCTGGAGCCGCCGT,sense;sense,P135F;P135S;P135L
136,G,sgRNA_120;sgRNA_903,2,CTGGAGCCGCCGTGGCCGCC;GGCGGCTCCAGGCTCTGGGA,sense;antisense,G136E;G136G
137,A,sgRNA_120;sgRNA_121;sgRNA_903,3,CTGGAGCCGCCGTGGCCGCC;AGCCGCCGTGGCCGCCAGCA;GGCGGCTCCAGGCTCTGGGA,sense;sense;antisense,A137V;A137A;A137T
138,A,sgRNA_121;sgRNA_122;sgRNA_123;sgRNA_124;sgRNA_904;sgRNA_905,6,AGCCGCCGTGGCCGCCAGCA;GCCGCCGTGGCCGCCAGCAA;CCGCCGTGGCCGCCAGCAAG;CGCCGTGGCCGCCAGCAAGG;CACGGCGGCTCCAGGCTCTG;CCACGGCGGCTCCAGGCTCT,sense;sense;sense;sense;antisense;antisense,A138T;A138A;A138V
139,V,sgRNA_905;sgRNA_907,2,CCACGGCGGCTCCAGGCTCT;TGGCGGCCACGGCGGCTCCA,antisense;antisense,V139M;V139V
140,A,sgRNA_125;sgRNA_126;sgRNA_907;sgRNA_908,4,CGTGGCCGCCAGCAAGGGGC;GGCCGCCAGCAAGGGGCTGC;TGGCGGCCACGGCGGCTCCA;CTGGCGGCCACGGCGGCTCC,sense;sense;antisense;antisense,A140T;A140A;A140V
141,A,sgRNA_126;sgRNA_127;sgRNA_907;sgRNA_908,4,GGCCGCCAGCAAGGGGCTGC;CGCCAGCAAGGGGCTGCCGC;TGGCGGCCACGGCGGCTCCA;CTGGCGGCCACGGCGGCTCC,sense;sense;antisense;antisense,A141T;A141A;A141V
142,S,sgRNA_126;sgRNA_127;sgRNA_128;sgRNA_909;sgRNA_910,5,GGCCGCCAGCAAGGGGCTGC;CGCCAGCAAGGGGCTGCCGC;CAGCAAGGGGCTGCCGCAGC;CCCTTGCTGGCGGCCACGGC;CCCCTTGCTGGCGGCCACGG,sense;sense;sense;antisense;antisense,S142G;S142N;S142S
143,K,sgRNA_127;sgRNA_128;sgRNA_910;sgRNA_911;sgRNA_912,5,CGCCAGCAAGGGGCTGCCGC;CAGCAAGGGGCTGCCGCAGC;CCCCTTGCTGGCGGCCACGG;AGCCCCTTGCTGGCGGCCAC;CAGCCCCTTGCTGGCGGCCA,sense;sense;antisense;antisense;antisense,K143R;K143E;K143G;K143K
144,G,sgRNA_911;sgRNA_912,2,AGCCCCTTGCTGGCGGCCAC;CAGCCCCTTGCTGGCGGCCA,antisense;antisense,G144G;G144E;G144K;G144R
145,L,sgRNA_129;sgRNA_130;sgRNA_913;sgRNA_914,4,CAAGGGGCTGCCGCAGCAGC;GGGCTGCCGCAGCAGCTGCC;TGCGGCAGCCCCTTGCTGGC;CTGCGGCAGCCCCTTGCTGG,sense;sense;antisense;antisense,L145P;L145L
146,P,sgRNA_130;sgRNA_914;sgRNA_915;sgRNA_916,4,GGGCTGCCGCAGCAGCTGCC;CTGCGGCAGCCCCTTGCTGG;TGCTGCGGCAGCCCCTTGCT;CTGCTGCGGCAGCCCCTTGC,sense;antisense;antisense;antisense,P146S;P146L;P146P
147,Q,sgRNA_916;sgRNA_917,2,CTGCTGCGGCAGCCCCTTGC;CAGCTGCTGCGGCAGCCCCT,antisense;antisense,Q147Q
148,Q,sgRNA_917,1,CAGCTGCTGCGGCAGCCCCT,antisense,Q148Q
149,L,sgRNA_133;sgRNA_918,2,CAGCTGCCAGCACCTCCGGA;GTGCTGGCAGCTGCTGCGGC,sense;antisense,L149L
150,P,sgRNA_133;sgRNA_135,2,CAGCTGCCAGCACCTCCGGA;CTGCCAGCACCTCCGGACGA,sense;sense,P150L;P150S;P150P
151,A,sgRNA_135;sgRNA_136;sgRNA_918,3,CTGCCAGCACCTCCGGACGA;CCAGCACCTCCGGACGAGGA;GTGCTGGCAGCTGCTGCGGC,sense;sense;antisense,A151A;A151V;A151T
152,P,sgRNA_136;sgRNA_921,2,CCAGCACCTCCGGACGAGGA;CCGGAGGTGCTGGCAGCTGC,sense;antisense,P152L;P152F;P152P;P152S
153,P,sgRNA_923,1,CCTCGTCCGGAGGTGCTGGC,antisense,P153P
154,D,sgRNA_923,1,CCTCGTCCGGAGGTGCTGGC,antisense,D154N
155,E,sgRNA_923;sgRNA_924;sgRNA_925,3,CCTCGTCCGGAGGTGCTGGC;CATCCTCGTCCGGAGGTGCT;TCATCCTCGTCCGGAGGTGC,antisense;antisense;antisense,E155K;E155E
156,D,sgRNA_924;sgRNA_925;sgRNA_927,3,CATCCTCGTCCGGAGGTGCT;TCATCCTCGTCCGGAGGTGC;CTGAGTCATCCTCGTCCGGA,antisense;antisense;antisense,D156D;D156N
157,D,sgRNA_139;sgRNA_927,2,TGACTCAGCTGCCCCATCCA;CTGAGTCATCCTCGTCCGGA,sense;antisense,D157D;D157N
158,S,sgRNA_139;sgRNA_140;sgRNA_927;sgRNA_929;sgRNA_930,5,TGACTCAGCTGCCCCATCCA;CTCAGCTGCCCCATCCACGT;CTGAGTCATCCTCGTCCGGA;CAGCTGAGTCATCCTCGTCC;GCAGCTGAGTCATCCTCGTC,sense;sense;antisense;antisense;antisense,S158L;S158P;S158S
159,A,sgRNA_140;sgRNA_929;sgRNA_930;sgRNA_931,4,CTCAGCTGCCCCATCCACGT;CAGCTGAGTCATCCTCGTCC;GCAGCTGAGTCATCCTCGTC;TGGGGCAGCTGAGTCATCCT,sense;antisense;antisense;antisense,A159T;A159A;A159V
160,A,sgRNA_141;sgRNA_931,2,TGCCCCATCCACGTTGTCCC;TGGGGCAGCTGAGTCATCCT,sense;antisense,A160T;A160A
161,P,sgRNA_141;sgRNA_142,2,TGCCCCATCCACGTTGTCCC;CCCATCCACGTTGTCCCTGC,sense;sense,P161S;P161P;P161L
162,S,sgRNA_142,1,CCCATCCACGTTGTCCCTGC,sense,S162S;S162F
163,T,sgRNA_142;sgRNA_932;sgRNA_933,3,CCCATCCACGTTGTCCCTGC;CAACGTGGATGGGGCAGCTG;GACAACGTGGATGGGGCAGC,sense;antisense;antisense,T163T;T163A
164,L,sgRNA_933;sgRNA_934,2,GACAACGTGGATGGGGCAGC;AGGGACAACGTGGATGGGGC,antisense;antisense,L164P;L164L;L164S
165,S,sgRNA_934,1,AGGGACAACGTGGATGGGGC,antisense,S165P
166,L,sgRNA_937;sgRNA_938,2,CCAGCAGGGACAACGTGGAT;CCCAGCAGGGACAACGTGGA,antisense;antisense,L166L;L166P
167,L,sgRNA_938;sgRNA_939;sgRNA_940,3,CCCAGCAGGGACAACGTGGA;GGGCCCAGCAGGGACAACGT;GGGGCCCAGCAGGGACAACG,antisense;antisense;antisense,L167L;L167P
168,G,sgRNA_939;sgRNA_940;sgRNA_941,3,GGGCCCAGCAGGGACAACGT;GGGGCCCAGCAGGGACAACG;GTGGGGCCCAGCAGGGACAA,antisense;antisense;antisense,G168N;G168D;G168S
169,P,sgRNA_147,1,GCCCCACTTTCCCCGGCTTA,sense,P169P;P169L
170,T,sgRNA_147;sgRNA_944,2,GCCCCACTTTCCCCGGCTTA;CGGGGAAAGTGGGGCCCAGC,sense;antisense,T170I;T170T;T170V;T170A
171,F,sgRNA_944,1,CGGGGAAAGTGGGGCCCAGC,antisense,F171L;F171P;F171S
172,P,,0,,,
173,G,sgRNA_150;sgRNA_945,2,CCCGGCTTAAGCAGCTGCTC;AGCCGGGGAAAGTGGGGCCC,sense;antisense,G173S;G173G
174,L,sgRNA_947;sgRNA_948,2,TGCTTAAGCCGGGGAAAGTG;CTGCTTAAGCCGGGGAAAGT,antisense;antisense,L174S;L174L;L174P
175,S,sgRNA_948;sgRNA_950,2,CTGCTTAAGCCGGGGAAAGT;CAGCTGCTTAAGCCGGGGAA,antisense;antisense,S175N
176,S,sgRNA_950;sgRNA_951,2,CAGCTGCTTAAGCCGGGGAA;GGAGCAGCTGCTTAAGCCGG,antisense;antisense,S176N
177,C,sgRNA_152;sgRNA_951;sgRNA_952;sgRNA_954,4,AGCTGCTCCGCTGACCTTAA;GGAGCAGCTGCTTAAGCCGG;CGGAGCAGCTGCTTAAGCCG;AGCGGAGCAGCTGCTTAAGC,sense;antisense;antisense;antisense,C177C;C177R;C177Y;C177H
178,S,sgRNA_152;sgRNA_952;sgRNA_954,3,AGCTGCTCCGCTGACCTTAA;CGGAGCAGCTGCTTAAGCCG;AGCGGAGCAGCTGCTTAAGC,sense;antisense;antisense,S178P;S178F
179,A,sgRNA_955,1,GTCAGCGGAGCAGCTGCTTA,antisense,A179A;A179T
180,D,sgRNA_153,1,CGCTGACCTTAAAGACATCC,sense,D180D;D180G
181,L,sgRNA_153;sgRNA_956;sgRNA_957,3,CGCTGACCTTAAAGACATCC;TTTAAGGTCAGCGGAGCAGC;GTCTTTAAGGTCAGCGGAGC,sense;antisense;antisense,L181L;L181P;L181F
182,K,sgRNA_156;sgRNA_157,2,CCTTAAAGACATCCTGAGCG;CTTAAAGACATCCTGAGCGA,sense;sense,K182G;K182R;K182E;K182K
183,D,sgRNA_157;sgRNA_158;sgRNA_958;sgRNA_959,4,CTTAAAGACATCCTGAGCGA;AAGACATCCTGAGCGAGGCC;GATGTCTTTAAGGTCAGCGG;AGGATGTCTTTAAGGTCAGC,sense;sense;antisense;antisense,D183D;D183G;D183N
184,I,sgRNA_158;sgRNA_959,2,AAGACATCCTGAGCGAGGCC;AGGATGTCTTTAAGGTCAGC,sense;antisense,I184T;I184I;I184V
185,L,sgRNA_962;sgRNA_963,2,CTCGCTCAGGATGTCTTTAA;CCTCGCTCAGGATGTCTTTA,antisense;antisense,L185P;L185L
186,S,sgRNA_159;sgRNA_962;sgRNA_963,3,CCTGAGCGAGGCCAGCACCA;CTCGCTCAGGATGTCTTTAA;CCTCGCTCAGGATGTCTTTA,sense;antisense;antisense,S186S;S186G;S186N
187,E,sgRNA_963,1,CCTCGCTCAGGATGTCTTTA,antisense,E187K
188,A,,0,,,
189,S,sgRNA_160;sgRNA_964;sgRNA_965,3,CAGCACCATGCAACTCCTTC;GGTGCTGGCCTCGCTCAGGA;CATGGTGCTGGCCTCGCTCA,sense;antisense;antisense,S189N;S189S
190,T,sgRNA_160,1,CAGCACCATGCAACTCCTTC,sense,T190T;T190A;T190V;T190I
191,M,sgRNA_160;sgRNA_967,2,CAGCACCATGCAACTCCTTC;GAGTTGCATGGTGCTGGCCT,sense;antisense,M191V;M191T;M191I
192,Q,sgRNA_161;sgRNA_162,2,CATGCAACTCCTTCAGCAAC;GCAACTCCTTCAGCAACAGC,sense;sense,Q192.;Q192R;Q192Q;Q192W
193,L,sgRNA_161;sgRNA_162;sgRNA_968;sgRNA_969,4,CATGCAACTCCTTCAGCAAC;GCAACTCCTTCAGCAACAGC;TGAAGGAGTTGCATGGTGCT;CTGAAGGAGTTGCATGGTGC,sense;sense;antisense;antisense,L193F;L193P;L193L
194,L,sgRNA_162;sgRNA_164;sgRNA_968;sgRNA_969;sgRNA_970,5,GCAACTCCTTCAGCAACAGC;CTCCTTCAGCAACAGCAGCA;TGAAGGAGTTGCATGGTGCT;CTGAAGGAGTTGCATGGTGC;TTGCTGAAGGAGTTGCATGG,sense;sense;antisense;antisense;antisense,L194L;L194P;L194F
195,Q,sgRNA_164;sgRNA_165;sgRNA_970;sgRNA_971;sgRNA_972,5,CTCCTTCAGCAACAGCAGCA;CTTCAGCAACAGCAGCAGGA;TTGCTGAAGGAGTTGCATGG;TGTTGCTGAAGGAGTTGCAT;CTGTTGCTGAAGGAGTTGCA,sense;sense;antisense;antisense;antisense,Q195W;Q195Q;Q195.;Q195R
196,Q,sgRNA_165;sgRNA_166,2,CTTCAGCAACAGCAGCAGGA;CAGCAACAGCAGCAGGAAGC,sense;sense,Q196.;Q196R;Q196Q;Q196W
197,Q,sgRNA_166;sgRNA_974;sgRNA_975,3,CAGCAACAGCAGCAGGAAGC;CCTGCTGCTGTTGCTGAAGG;TTCCTGCTGCTGTTGCTGAA,sense;antisense;antisense,Q197W;Q197Q;Q197.;Q197R
198,Q,sgRNA_167;sgRNA_974;sgRNA_975;sgRNA_976,4,CAGCAGCAGGAAGCAGTATC;CCTGCTGCTGTTGCTGAAGG;TTCCTGCTGCTGTTGCTGAA;CTTCCTGCTGCTGTTGCTGA,sense;antisense;antisense;antisense,Q198R;Q198.;Q198W;Q198Q
199,Q,sgRNA_167;sgRNA_168;sgRNA_169;sgRNA_976;sgRNA_977,5,CAGCAGCAGGAAGCAGTATC;CAGCAGGAAGCAGTATCCGA;AGCAGGAAGCAGTATCCGAA;CTTCCTGCTGCTGTTGCTGA;CTGCTTCCTGCTGCTGTTGC,sense;sense;sense;antisense;antisense,Q199Q;Q199W;Q199R;Q199.
200,E,sgRNA_168;sgRNA_169;sgRNA_170;sgRNA_976;sgRNA_977,5,CAGCAGGAAGCAGTATCCGA;AGCAGGAAGCAGTATCCGAA;AGGAAGCAGTATCCGAAGGC;CTTCCTGCTGCTGTTGCTGA;CTGCTTCCTGCTGCTGTTGC,sense;sense;sense;antisense;antisense,E200K;E200G;E200E
201,A,sgRNA_170;sgRNA_171;sgRNA_977;sgRNA_978,4,AGGAAGCAGTATCCGAAGGC;AAGCAGTATCCGAAGGCAGC;CTGCTTCCTGCTGCTGTTGC;ATACTGCTTCCTGCTGCTGT,sense;sense;antisense;antisense,A201V;A201A;A201T
202,V,sgRNA_171;sgRNA_172;sgRNA_978;sgRNA_979,4,AAGCAGTATCCGAAGGCAGC;CAGTATCCGAAGGCAGCAGC;ATACTGCTTCCTGCTGCTGT;CGGATACTGCTTCCTGCTGC,sense;sense;antisense;antisense,V202T;V202I;V202A;V202V
203,S,sgRNA_172;sgRNA_174;sgRNA_175;sgRNA_979;sgRNA_980,5,CAGTATCCGAAGGCAGCAGC;TATCCGAAGGCAGCAGCAGC;ATCCGAAGGCAGCAGCAGCG;CGGATACTGCTTCCTGCTGC;CTTCGGATACTGCTTCCTGC,sense;sense;sense;antisense;antisense,S203F;S203S;S203P
204,E,sgRNA_174;sgRNA_175;sgRNA_176;sgRNA_980;sgRNA_981,5,TATCCGAAGGCAGCAGCAGC;ATCCGAAGGCAGCAGCAGCG;CCGAAGGCAGCAGCAGCGGG;CTTCGGATACTGCTTCCTGC;TGCCTTCGGATACTGCTTCC,sense;sense;sense;antisense;antisense,E204E;E204K;E204G
205,G,sgRNA_176;sgRNA_178;sgRNA_981,3,CCGAAGGCAGCAGCAGCGGG;AGGCAGCAGCAGCGGGAGAG;TGCCTTCGGATACTGCTTCC,sense;sense;antisense,G205G;G205S
206,S,sgRNA_178;sgRNA_179;sgRNA_180,3,AGGCAGCAGCAGCGGGAGAG;GCAGCAGCAGCGGGAGAGCG;CAGCAGCAGCGGGAGAGCGA,sense;sense;sense,S206S;S206G
207,S,sgRNA_178;sgRNA_179;sgRNA_180;sgRNA_181;sgRNA_182,5,AGGCAGCAGCAGCGGGAGAG;GCAGCAGCAGCGGGAGAGCG;CAGCAGCAGCGGGAGAGCGA;AGCAGCAGCGGGAGAGCGAG;CAGCAGCGGGAGAGCGAGGG,sense;sense;sense;sense;sense,S207S;S207G
208,S,sgRNA_180;sgRNA_181;sgRNA_182;sgRNA_183;sgRNA_984,5,CAGCAGCAGCGGGAGAGCGA;AGCAGCAGCGGGAGAGCGAG;CAGCAGCGGGAGAGCGAGGG;AGCAGCGGGAGAGCGAGGGA;TCTCCCGCTGCTGCTGCCTT,sense;sense;sense;sense;antisense,S208N;S208S;S208G
209,G,sgRNA_984,1,TCTCCCGCTGCTGCTGCCTT,antisense,G209R;G209K;G209G;G209E
210,R,sgRNA_184;sgRNA_185;sgRNA_187;sgRNA_985,4,CGGGAGAGCGAGGGAGGCCT;GGGAGAGCGAGGGAGGCCTC;GAGAGCGAGGGAGGCCTCGG;CCTCGCTCTCCCGCTGCTGC,sense;sense;sense;antisense,R210R;R210G;R210K
211,A,sgRNA_185;sgRNA_187;sgRNA_188;sgRNA_985;sgRNA_986,5,GGGAGAGCGAGGGAGGCCTC;GAGAGCGAGGGAGGCCTCGG;AGAGCGAGGGAGGCCTCGGG;CCTCGCTCTCCCGCTGCTGC;CTCCCTCGCTCTCCCGCTGC,sense;sense;sense;antisense;antisense,A211T;A211A;A211V
212,R,sgRNA_187;sgRNA_188;sgRNA_986;sgRNA_987,4,GAGAGCGAGGGAGGCCTCGG;AGAGCGAGGGAGGCCTCGGG;CTCCCTCGCTCTCCCGCTGC;GGCCTCCCTCGCTCTCCCGC,sense;sense;antisense;antisense,R212R;R212G;R212K
213,E,sgRNA_987,1,GGCCTCCCTCGCTCTCCCGC,antisense,E213E;E213K
214,A,,0,,,
215,S,,0,,,
216,G,sgRNA_989,1,GGAGCCCCCGAGGCCTCCCT,antisense,G216R;G216G;G216K;G216E
217,A,sgRNA_189;sgRNA_989,2,GGGGGCTCCCACTTCCTCCA;GGAGCCCCCGAGGCCTCCCT,sense;antisense,A217V;A217T
218,P,sgRNA_189,1,GGGGGCTCCCACTTCCTCCA,sense,P218S
219,T,sgRNA_990;sgRNA_991,2,GAGGAAGTGGGAGCCCCCGA;GGAGGAAGTGGGAGCCCCCG,antisense;antisense,T219T
220,S,sgRNA_990;sgRNA_991,2,GAGGAAGTGGGAGCCCCCGA;GGAGGAAGTGGGAGCCCCCG,antisense;antisense,S220P
221,S,sgRNA_192;sgRNA_193,2,CCTCCAAGGACAATTACTTA;CTCCAAGGACAATTACTTAG,sense;sense,S221S;S221F
222,K,sgRNA_192;sgRNA_193;sgRNA_993;sgRNA_994,4,CCTCCAAGGACAATTACTTA;CTCCAAGGACAATTACTTAG;TTGTCCTTGGAGGAAGTGGG;AATTGTCCTTGGAGGAAGTG,sense;sense;antisense;antisense,K222G;K222K;K222E;K222R
223,D,sgRNA_993;sgRNA_994;sgRNA_995,3,TTGTCCTTGGAGGAAGTGGG;AATTGTCCTTGGAGGAAGTG;TAATTGTCCTTGGAGGAAGT,antisense;antisense;antisense,D223N
224,N,sgRNA_996,1,GTAATTGTCCTTGGAGGAAG,antisense,N224N
225,Y,sgRNA_196,1,CAATTACTTAGGGGGCACTT,sense,Y225C;Y225Y
226,L,sgRNA_1000;sgRNA_1001,2,CCCCCTAAGTAATTGTCCTT;GCCCCCTAAGTAATTGTCCT,antisense;antisense,L226L;L226S;L226P
227,G,sgRNA_1000;sgRNA_1001,2,CCCCCTAAGTAATTGTCCTT;GCCCCCTAAGTAATTGTCCT,antisense;antisense,G227K;G227G;G227R;G227E
228,G,sgRNA_197;sgRNA_1002,2,GGGGGCACTTCGACCATTTC;CGAAGTGCCCCCTAAGTAAT,sense;antisense,G228D;G228G
229,T,sgRNA_197;sgRNA_1002,2,GGGGGCACTTCGACCATTTC;CGAAGTGCCCCCTAAGTAAT,sense;antisense,T229T;T229A;T229V;T229I
230,S,sgRNA_198;sgRNA_1003,2,ACTTCGACCATTTCTGACAA;AATGGTCGAAGTGCCCCCTA,sense;antisense,S230L;S230S
231,T,sgRNA_198;sgRNA_199,2,ACTTCGACCATTTCTGACAA;GACCATTTCTGACAACGCCA,sense;sense,T231V;T231I;T231A;T231T
232,I,sgRNA_199,1,GACCATTTCTGACAACGCCA,sense,I232V
233,S,sgRNA_201;sgRNA_1004,2,CATTTCTGACAACGCCAAGG;GTTGTCAGAAATGGTCGAAG,sense;antisense,S233F;S233S
234,D,sgRNA_202;sgRNA_203;sgRNA_1004;sgRNA_1005,4,TTCTGACAACGCCAAGGAGT;CTGACAACGCCAAGGAGTTG;GTTGTCAGAAATGGTCGAAG;GCGTTGTCAGAAATGGTCGA,sense;sense;antisense;antisense,D234G;D234D;D234N
235,N,sgRNA_202;sgRNA_203;sgRNA_204,3,TTCTGACAACGCCAAGGAGT;CTGACAACGCCAAGGAGTTG;CAACGCCAAGGAGTTGTGTA,sense;sense;sense,N235S;N235N;N235D;N235G
236,A,sgRNA_204;sgRNA_205;sgRNA_1007,3,CAACGCCAAGGAGTTGTGTA;AACGCCAAGGAGTTGTGTAA;TCCTTGGCGTTGTCAGAAAT,sense;sense;antisense,A236V;A236A;A236T
237,K,sgRNA_204;sgRNA_205;sgRNA_206;sgRNA_1008,4,CAACGCCAAGGAGTTGTGTA;AACGCCAAGGAGTTGTGTAA;GCCAAGGAGTTGTGTAAGGC;CTCCTTGGCGTTGTCAGAAA,sense;sense;sense;antisense,K237G;K237E;K237R;K237K
238,E,sgRNA_206;sgRNA_207;sgRNA_1009,3,GCCAAGGAGTTGTGTAAGGC;CAAGGAGTTGTGTAAGGCAG;CACAACTCCTTGGCGTTGTC,sense;sense;antisense,E238K;E238E;E238G
239,L,sgRNA_1009;sgRNA_1010,2,CACAACTCCTTGGCGTTGTC;CTTACACAACTCCTTGGCGT,antisense;antisense,L239S;L239L;L239P
240,C,sgRNA_1010;sgRNA_1011,2,CTTACACAACTCCTTGGCGT;TGCCTTACACAACTCCTTGG,antisense;antisense,C240C;C240Y;C240H;C240R
241,K,sgRNA_210;sgRNA_1011;sgRNA_1012;sgRNA_1013,4,GTTGTGTAAGGCAGTGTCGG;TGCCTTACACAACTCCTTGG;ACTGCCTTACACAACTCCTT;CACTGCCTTACACAACTCCT,sense;antisense;antisense;antisense,K241K;K241E
242,A,sgRNA_211;sgRNA_212;sgRNA_213;sgRNA_1012;sgRNA_1013,5,TAAGGCAGTGTCGGTGTCCA;AAGGCAGTGTCGGTGTCCAT;AGGCAGTGTCGGTGTCCATG;ACTGCCTTACACAACTCCTT;CACTGCCTTACACAACTCCT,sense;sense;sense;antisense;antisense,A242V;A242A;A242T
243,V,,0,,,
244,S,sgRNA_214;sgRNA_216,2,AGTGTCGGTGTCCATGGGCC;TGTCGGTGTCCATGGGCCTG,sense;sense,S244L
245,V,,0,,,
246,S,sgRNA_217;sgRNA_218;sgRNA_220,3,TCGGTGTCCATGGGCCTGGG;GGTGTCCATGGGCCTGGGTG;GTCCATGGGCCTGGGTGTGG,sense;sense;sense,S246F;S246S
247,M,sgRNA_218;sgRNA_220;sgRNA_221,3,GGTGTCCATGGGCCTGGGTG;GTCCATGGGCCTGGGTGTGG;TCCATGGGCCTGGGTGTGGA,sense;sense;sense,M247V
248,G,sgRNA_222;sgRNA_223,2,CATGGGCCTGGGTGTGGAGG;GGGCCTGGGTGTGGAGGCGT,sense;sense,G248G
249,L,sgRNA_222;sgRNA_223;sgRNA_224,3,CATGGGCCTGGGTGTGGAGG;GGGCCTGGGTGTGGAGGCGT;GGCCTGGGTGTGGAGGCGTT,sense;sense;sense,L249L
250,G,,0,,,
251,V,sgRNA_1016;sgRNA_1017,2,GCCTCCACACCCAGGCCCAT;CGCCTCCACACCCAGGCCCA,antisense;antisense,V251I;V251A;V251T;V251V;V251M
252,E,sgRNA_226;sgRNA_227;sgRNA_1016;sgRNA_1017,4,TGTGGAGGCGTTGGAGCATC;TGGAGGCGTTGGAGCATCTG;GCCTCCACACCCAGGCCCAT;CGCCTCCACACCCAGGCCCA,sense;sense;antisense;antisense,E252E;E252G;E252K
253,A,sgRNA_227;sgRNA_1018;sgRNA_1019,3,TGGAGGCGTTGGAGCATCTG;CTCCAACGCCTCCACACCCA;GCTCCAACGCCTCCACACCC,sense;antisense;antisense,A253V;A253A
254,L,sgRNA_1018;sgRNA_1019,2,CTCCAACGCCTCCACACCCA;GCTCCAACGCCTCCACACCC,antisense;antisense,L254S;L254L;L254P
255,E,sgRNA_228;sgRNA_229;sgRNA_230;sgRNA_1019,4,GCGTTGGAGCATCTGAGTCC;CGTTGGAGCATCTGAGTCCA;GTTGGAGCATCTGAGTCCAG;GCTCCAACGCCTCCACACCC,sense;sense;sense;antisense,E255G;E255K
256,H,sgRNA_230,1,GTTGGAGCATCTGAGTCCAG,sense,H256Y
257,L,sgRNA_232,1,GCATCTGAGTCCAGGGGAAC,sense,L257L
258,S,sgRNA_232,1,GCATCTGAGTCCAGGGGAAC,sense,S258G
259,P,sgRNA_233;sgRNA_235;sgRNA_236;sgRNA_237,4,TGAGTCCAGGGGAACAGCTT;AGTCCAGGGGAACAGCTTCG;GTCCAGGGGAACAGCTTCGG;TCCAGGGGAACAGCTTCGGG,sense;sense;sense;sense,P259P;P259L;P259S
260,G,sgRNA_1021,1,GCTGTTCCCCTGGACTCAGA,antisense,G260G
261,E,sgRNA_238;sgRNA_239;sgRNA_1021,3,CCAGGGGAACAGCTTCGGGG;GGGAACAGCTTCGGGGGGAT;GCTGTTCCCCTGGACTCAGA,sense;sense;antisense,E261E;E261G;E261K
262,Q,sgRNA_239,1,GGGAACAGCTTCGGGGGGAT,sense,Q262R;Q262.;Q262W
263,L,sgRNA_240;sgRNA_1023,2,ACAGCTTCGGGGGGATTGCA;CCCCCCGAAGCTGTTCCCCT,sense;antisense,L263F;L263L
264,R,sgRNA_240;sgRNA_241;sgRNA_1023;sgRNA_1024,4,ACAGCTTCGGGGGGATTGCA;CTTCGGGGGGATTGCATGTA;CCCCCCGAAGCTGTTCCCCT;TCCCCCCGAAGCTGTTCCCC,sense;sense;antisense;antisense,R264Q;R264R;R264W
265,G,sgRNA_1023;sgRNA_1024,2,CCCCCCGAAGCTGTTCCCCT;TCCCCCCGAAGCTGTTCCCC,antisense;antisense,G265R;G265K;G265E
266,D,sgRNA_1025,1,ACATGCAATCCCCCCGAAGC,antisense,D266D
267,C,sgRNA_242;sgRNA_1025,2,TTGCATGTACGCCCCACTTT;ACATGCAATCCCCCCGAAGC,sense;antisense,C267Y;C267H;C267R;C267C
268,M,sgRNA_242;sgRNA_1026;sgRNA_1027,3,TTGCATGTACGCCCCACTTT;CGTACATGCAATCCCCCCGA;GGGCGTACATGCAATCCCCC,sense;antisense;antisense,M268I;M268T;M268V
269,Y,sgRNA_1026;sgRNA_1027,2,CGTACATGCAATCCCCCCGA;GGGCGTACATGCAATCCCCC,antisense;antisense,Y269H
270,A,sgRNA_1027,1,GGGCGTACATGCAATCCCCC,antisense,A270T
271,P,,0,,,
272,L,sgRNA_1028,1,TCCCAAAAGTGGGGCGTACA,antisense,L272P;L272L
273,L,sgRNA_1028,1,TCCCAAAAGTGGGGCGTACA,antisense,L273P;L273S;L273L
274,G,sgRNA_244;sgRNA_1029,2,TGGGAGTTCCACCCGCTGTG;TGGAACTCCCAAAAGTGGGG,sense;antisense,G274G;G274E
275,V,sgRNA_1029;sgRNA_1030;sgRNA_1031;sgRNA_1032,4,TGGAACTCCCAAAAGTGGGG;GGTGGAACTCCCAAAAGTGG;GGGTGGAACTCCCAAAAGTG;CGGGTGGAACTCCCAAAAGT,antisense;antisense;antisense;antisense,V275A;V275V;V275T;V275I
276,P,,0,,,
277,P,,0,,,
278,A,sgRNA_245,1,CCGCTGTGCGTCCCACTCCT,sense,A278V
279,V,,0,,,
280,R,sgRNA_1035,1,GAGTGGGACGCACAGCGGGT,antisense,R280R
281,P,,0,,,
282,T,sgRNA_248;sgRNA_1037;sgRNA_1039,3,CCCACTCCTTGTGCCCCATT;AAGGAGTGGGACGCACAGCG;ACAAGGAGTGGGACGCACAG,sense;antisense;antisense,T282I;T282T;T282V;T282A
283,P,sgRNA_248;sgRNA_1039;sgRNA_1040,3,CCCACTCCTTGTGCCCCATT;ACAAGGAGTGGGACGCACAG;GCACAAGGAGTGGGACGCAC,sense;antisense;antisense,P283P;P283S;P283L;P283F
284,C,sgRNA_1040,1,GCACAAGGAGTGGGACGCAC,antisense,C284R;C284Y;C284H
285,A,sgRNA_250,1,CTTGTGCCCCATTGGCCGAA,sense,A285V;A285A
286,P,sgRNA_251;sgRNA_252,2,GCCCCATTGGCCGAATGCAA;CCCCATTGGCCGAATGCAAA,sense;sense,P286P;P286L;P286S
287,L,sgRNA_1042;sgRNA_1044;sgRNA_1045;sgRNA_1046,4,CCAATGGGGCACAAGGAGTG;GGCCAATGGGGCACAAGGAG;TCGGCCAATGGGGCACAAGG;ATTCGGCCAATGGGGCACAA,antisense;antisense;antisense;antisense,L287P;L287S;L287L
288,A,sgRNA_253;sgRNA_1045;sgRNA_1046;sgRNA_1047,4,GGCCGAATGCAAAGGTTCTC;TCGGCCAATGGGGCACAAGG;ATTCGGCCAATGGGGCACAA;CATTCGGCCAATGGGGCACA,sense;antisense;antisense;antisense,A288T;A288A
289,E,sgRNA_253;sgRNA_1046;sgRNA_1047,3,GGCCGAATGCAAAGGTTCTC;ATTCGGCCAATGGGGCACAA;CATTCGGCCAATGGGGCACA,sense;antisense;antisense,E289G;E289K;E289E
290,C,sgRNA_1048;sgRNA_1049,2,CCTTTGCATTCGGCCAATGG;ACCTTTGCATTCGGCCAATG,antisense;antisense,C290R;C290Y;C290H
291,K,sgRNA_255,1,TGCAAAGGTTCTCTGCTAGA,sense,K291E;K291R;K291K;K291G
292,G,sgRNA_1050;sgRNA_1051,2,AACCTTTGCATTCGGCCAAT;GAACCTTTGCATTCGGCCAA,antisense;antisense,G292S;G292N;G292D
293,S,sgRNA_257;sgRNA_1053,2,GGTTCTCTGCTAGACGACAG;TAGCAGAGAACCTTTGCATT,sense;antisense,S293F;S293S
294,L,sgRNA_257;sgRNA_258;sgRNA_1053,3,GGTTCTCTGCTAGACGACAG;TCTCTGCTAGACGACAGCGC;TAGCAGAGAACCTTTGCATT,sense;sense;antisense,L294L;L294P
295,L,sgRNA_258;sgRNA_259,2,TCTCTGCTAGACGACAGCGC;CTCTGCTAGACGACAGCGCA,sense;sense,L295L
296,D,sgRNA_261,1,TAGACGACAGCGCAGGCAAG,sense,D296G;D296D
297,D,sgRNA_261,1,TAGACGACAGCGCAGGCAAG,sense,D297G;D297D
298,S,sgRNA_262;sgRNA_1055,2,GACAGCGCAGGCAAGAGCAC;CCTGCGCTGTCGTCTAGCAG,sense;antisense,S298S;S298G;S298N
299,A,sgRNA_262;sgRNA_263;sgRNA_1055,3,GACAGCGCAGGCAAGAGCAC;AGCGCAGGCAAGAGCACTGA;CCTGCGCTGTCGTCTAGCAG,sense;sense;antisense,A299V;A299A;A299T
300,G,sgRNA_1057,1,TCTTGCCTGCGCTGTCGTCT,antisense,G300N;G300S;G300D
301,K,sgRNA_1058,1,AGTGCTCTTGCCTGCGCTGT,antisense,K301K
302,S,sgRNA_265;sgRNA_266;sgRNA_1058;sgRNA_1059,4,AAGAGCACTGAAGATACTGC;GAGCACTGAAGATACTGCTG;AGTGCTCTTGCCTGCGCTGT;TTCAGTGCTCTTGCCTGCGC,sense;sense;antisense;antisense,S302N;S302S;S302G
303,T,sgRNA_265;sgRNA_266;sgRNA_1059;sgRNA_1060,4,AAGAGCACTGAAGATACTGC;GAGCACTGAAGATACTGCTG;TTCAGTGCTCTTGCCTGCGC;ATCTTCAGTGCTCTTGCCTG,sense;sense;antisense;antisense,T303T;T303V;T303A;T303I
304,E,sgRNA_1060,1,ATCTTCAGTGCTCTTGCCTG,antisense,E304K
305,D,sgRNA_1062,1,AGCAGTATCTTCAGTGCTCT,antisense,D305D
306,T,sgRNA_1062,1,AGCAGTATCTTCAGTGCTCT,antisense,T306T
307,A,sgRNA_1063,1,ATACTCAGCAGTATCTTCAG,antisense,A307A
308,E,sgRNA_267;sgRNA_269;sgRNA_1063;sgRNA_1064,4,TGCTGAGTATTCCCCTTTCA;CTGAGTATTCCCCTTTCAAG;ATACTCAGCAGTATCTTCAG;GAATACTCAGCAGTATCTTC,sense;sense;antisense;antisense,E308G;E308K;E308E
309,Y,sgRNA_269;sgRNA_271;sgRNA_1064,3,CTGAGTATTCCCCTTTCAAG;AGTATTCCCCTTTCAAGGGA;GAATACTCAGCAGTATCTTC,sense;sense;antisense,Y309C;Y309H
310,S,sgRNA_271,1,AGTATTCCCCTTTCAAGGGA,sense,S310S;S310F
311,P,,0,,,
312,F,,0,,,
313,K,sgRNA_273,1,TCAAGGGAGGTTACACCAAA,sense,K313R
314,G,sgRNA_273;sgRNA_274,2,TCAAGGGAGGTTACACCAAA;CAAGGGAGGTTACACCAAAG,sense;sense,G314G
315,G,sgRNA_1067;sgRNA_1068;sgRNA_1069,3,GTGTAACCTCCCTTGAAAGG;GGTGTAACCTCCCTTGAAAG;TGGTGTAACCTCCCTTGAAA,antisense;antisense;antisense,G315N;G315G;G315D;G315S
316,Y,sgRNA_275;sgRNA_276;sgRNA_277;sgRNA_1067;sgRNA_1068;sgRNA_1069,6,GGAGGTTACACCAAAGGGCT;GGTTACACCAAAGGGCTAGA;GTTACACCAAAGGGCTAGAA;GTGTAACCTCCCTTGAAAGG;GGTGTAACCTCCCTTGAAAG;TGGTGTAACCTCCCTTGAAA,sense;sense;sense;antisense;antisense;antisense,Y316H;Y316C;Y316Y
317,T,sgRNA_276;sgRNA_277;sgRNA_278;sgRNA_279,4,GGTTACACCAAAGGGCTAGA;GTTACACCAAAGGGCTAGAA;TACACCAAAGGGCTAGAAGG;CACCAAAGGGCTAGAAGGCG,sense;sense;sense;sense,T317V;T317I;T317A;T317T
318,K,sgRNA_278;sgRNA_279,2,TACACCAAAGGGCTAGAAGG;CACCAAAGGGCTAGAAGGCG,sense;sense,K318R;K318K;K318G;K318E
319,G,,0,,,
320,L,sgRNA_281;sgRNA_282,2,GGGCTAGAAGGCGAGAGCCT;GGCTAGAAGGCGAGAGCCTA,sense;sense,L320L
321,E,sgRNA_281;sgRNA_282;sgRNA_283,3,GGGCTAGAAGGCGAGAGCCT;GGCTAGAAGGCGAGAGCCTA;TAGAAGGCGAGAGCCTAGGC,sense;sense;sense,E321G;E321E
322,G,sgRNA_283;sgRNA_1073;sgRNA_1074,3,TAGAAGGCGAGAGCCTAGGC;CTCTCGCCTTCTAGCCCTTT;GCTCTCGCCTTCTAGCCCTT,sense;antisense;antisense,G322G;G322N;G322S;G322D
323,E,sgRNA_284;sgRNA_285;sgRNA_1073;sgRNA_1074,4,GGCGAGAGCCTAGGCTGCTC;GCGAGAGCCTAGGCTGCTCT;CTCTCGCCTTCTAGCCCTTT;GCTCTCGCCTTCTAGCCCTT,sense;sense;antisense;antisense,E323G;E323E;E323K
324,S,sgRNA_284;sgRNA_285,2,GGCGAGAGCCTAGGCTGCTC;GCGAGAGCCTAGGCTGCTCT,sense;sense,S324G;S324S
325,L,sgRNA_287;sgRNA_1075,2,AGCCTAGGCTGCTCTGGCAG;AGCCTAGGCTCTCGCCTTCT,sense;antisense,L325P;L325L
326,G,sgRNA_288;sgRNA_1075,2,CTAGGCTGCTCTGGCAGCGC;AGCCTAGGCTCTCGCCTTCT,sense;antisense,G326S;G326G
327,C,sgRNA_289,1,GGCTGCTCTGGCAGCGCTGC,sense,C327C
328,S,sgRNA_289;sgRNA_290,2,GGCTGCTCTGGCAGCGCTGC;TGCTCTGGCAGCGCTGCAGC,sense;sense,S328F
329,G,sgRNA_292;sgRNA_1077,2,CTCTGGCAGCGCTGCAGCAG;AGCGCTGCCAGAGCAGCCTA,sense;antisense,G329D;G329G
330,S,sgRNA_292;sgRNA_1077;sgRNA_1078,3,CTCTGGCAGCGCTGCAGCAG;AGCGCTGCCAGAGCAGCCTA;CAGCGCTGCCAGAGCAGCCT,sense;antisense;antisense,S330G;S330N
331,A,sgRNA_294;sgRNA_1078,2,AGCGCTGCAGCAGGGAGCTC;CAGCGCTGCCAGAGCAGCCT,sense;antisense,A331T;A331V
332,A,sgRNA_294;sgRNA_296,2,AGCGCTGCAGCAGGGAGCTC;CGCTGCAGCAGGGAGCTCCG,sense;sense,A332V;A332A
333,A,sgRNA_1081,1,CTCCCTGCTGCAGCGCTGCC,antisense,A333T
334,G,sgRNA_1081,1,CTCCCTGCTGCAGCGCTGCC,antisense,G334R;G334E;G334K
335,S,sgRNA_298;sgRNA_1083,2,GAGCTCCGGGACACTTGAAC;CCCGGAGCTCCCTGCTGCAG,sense;antisense,S335N;S335S
336,S,sgRNA_298;sgRNA_299;sgRNA_1083;sgRNA_1084,4,GAGCTCCGGGACACTTGAAC;CTCCGGGACACTTGAACTGC;CCCGGAGCTCCCTGCTGCAG;GTCCCGGAGCTCCCTGCTGC,sense;sense;antisense;antisense,S336P;S336S;S336F
337,G,sgRNA_1084,1,GTCCCGGAGCTCCCTGCTGC,antisense,G337K;G337R;G337E
338,T,sgRNA_299,1,CTCCGGGACACTTGAACTGC,sense,T338A
339,L,sgRNA_1086,1,TCAAGTGTCCCGGAGCTCCC,antisense,L339P
340,E,sgRNA_300,1,ACTTGAACTGCCGTCTACCC,sense,E340G;E340E
341,L,sgRNA_300;sgRNA_1087;sgRNA_1088;sgRNA_1089,4,ACTTGAACTGCCGTCTACCC;CGGCAGTTCAAGTGTCCCGG;GACGGCAGTTCAAGTGTCCC;AGACGGCAGTTCAAGTGTCC,sense;antisense;antisense;antisense,L341L;L341P
342,P,sgRNA_1089,1,AGACGGCAGTTCAAGTGTCC,antisense,P342P
343,S,sgRNA_1090;sgRNA_1091,2,AGGGTAGACGGCAGTTCAAG;ACAGGGTAGACGGCAGTTCA,antisense;antisense,S343P;S343S
344,T,,0,,,
345,L,sgRNA_1092,1,AGAGAGACAGGGTAGACGGC,antisense,L345L
346,S,sgRNA_303;sgRNA_1092,2,CCCTGTCTCTCTACAAGTCC;AGAGAGACAGGGTAGACGGC,sense;antisense,S346S;S346P;S346F
347,L,sgRNA_305;sgRNA_1094,2,TCTCTACAAGTCCGGAGCAC;TTGTAGAGAGACAGGGTAGA,sense;antisense,L347L;L347P
348,Y,sgRNA_305;sgRNA_1094,2,TCTCTACAAGTCCGGAGCAC;TTGTAGAGAGACAGGGTAGA,sense;antisense,Y348H;Y348C;Y348Y
349,K,sgRNA_305;sgRNA_307;sgRNA_1097;sgRNA_1098,4,TCTCTACAAGTCCGGAGCAC;TACAAGTCCGGAGCACTGGA;TCCGGACTTGTAGAGAGACA;CTCCGGACTTGTAGAGAGAC,sense;sense;antisense;antisense,K349R;K349E;K349K;K349G
350,S,sgRNA_307;sgRNA_308;sgRNA_309;sgRNA_1097;sgRNA_1098,5,TACAAGTCCGGAGCACTGGA;CAAGTCCGGAGCACTGGACG;AAGTCCGGAGCACTGGACGA;TCCGGACTTGTAGAGAGACA;CTCCGGACTTGTAGAGAGAC,sense;sense;sense;antisense;antisense,S350F;S350P;S350S
351,G,sgRNA_310;sgRNA_1098,2,TCCGGAGCACTGGACGAGGC;CTCCGGACTTGTAGAGAGAC,sense;antisense,G351R;G351G
352,A,sgRNA_310;sgRNA_312;sgRNA_1100,3,TCCGGAGCACTGGACGAGGC;AGCACTGGACGAGGCAGCTG;CCAGTGCTCCGGACTTGTAG,sense;sense;antisense,A352V;A352T;A352A
353,L,sgRNA_312;sgRNA_1101;sgRNA_1102,3,AGCACTGGACGAGGCAGCTG;GTCCAGTGCTCCGGACTTGT;CTCGTCCAGTGCTCCGGACT,sense;antisense;antisense,L353P;L353L
354,D,sgRNA_1102,1,CTCGTCCAGTGCTCCGGACT,antisense,D354N
355,E,sgRNA_314;sgRNA_1104,2,ACGAGGCAGCTGCGTACCAG;AGCTGCCTCGTCCAGTGCTC,sense;antisense,E355G;E355E
356,A,sgRNA_314;sgRNA_1104,2,ACGAGGCAGCTGCGTACCAG;AGCTGCCTCGTCCAGTGCTC,sense;antisense,A356A;A356T;A356V
357,A,sgRNA_316;sgRNA_1105,2,GCAGCTGCGTACCAGAGTCG;TACGCAGCTGCCTCGTCCAG,sense;antisense,A357T;A357A;A357V
358,A,sgRNA_316;sgRNA_1105,2,GCAGCTGCGTACCAGAGTCG;TACGCAGCTGCCTCGTCCAG,sense;antisense,A358T;A358V
359,Y,,0,,,
360,Q,,0,,,
361,S,sgRNA_1108,1,TCGCGACTCTGGTACGCAGC,antisense,S361S;S361N
362,R,sgRNA_1108;sgRNA_1109,2,TCGCGACTCTGGTACGCAGC;TAGTCGCGACTCTGGTACGC,antisense;antisense,R362H
363,D,sgRNA_1109;sgRNA_1110,2,TAGTCGCGACTCTGGTACGC;TAGTAGTCGCGACTCTGGTA,antisense;antisense,D363N
364,Y,sgRNA_318;sgRNA_1110;sgRNA_1111,3,GACTACTACAACTTTCCACT;TAGTAGTCGCGACTCTGGTA;GTTGTAGTAGTCGCGACTCT,sense;antisense;antisense,Y364C;Y364H;Y364Y
365,Y,sgRNA_318;sgRNA_319;sgRNA_1112,3,GACTACTACAACTTTCCACT;CTACAACTTTCCACTGGCTC;AGTTGTAGTAGTCGCGACTC,sense;sense;antisense,Y365C;Y365Y;Y365H
366,N,sgRNA_319;sgRNA_320,2,CTACAACTTTCCACTGGCTC;TACAACTTTCCACTGGCTCT,sense;sense,N366S;N366N;N366D;N366G
367,F,sgRNA_1114,1,CAGTGGAAAGTTGTAGTAGT,antisense,F367S;F367F
368,P,sgRNA_321;sgRNA_323,2,AACTTTCCACTGGCTCTGGC;TCCACTGGCTCTGGCCGGAC,sense;sense,P368S;P368L;P368P
369,L,sgRNA_323;sgRNA_1115;sgRNA_1116,3,TCCACTGGCTCTGGCCGGAC;AGCCAGTGGAAAGTTGTAGT;CAGAGCCAGTGGAAAGTTGT,sense;antisense;antisense,L369P;L369L
370,A,sgRNA_1116,1,CAGAGCCAGTGGAAAGTTGT,antisense,A370T;A370A
371,L,sgRNA_1118,1,TCCGGCCAGAGCCAGTGGAA,antisense,L371L;L371P
372,A,sgRNA_1118,1,TCCGGCCAGAGCCAGTGGAA,antisense,A372T
373,G,sgRNA_326;sgRNA_1120,2,CGGACCGCCGCCCCCTCCGC;GGCGGTCCGGCCAGAGCCAG,sense;antisense,G373G;G373R;G373E;G373K
374,P,sgRNA_326;sgRNA_1121;sgRNA_1122,3,CGGACCGCCGCCCCCTCCGC;GCGGCGGTCCGGCCAGAGCC;GGGGGCGGCGGTCCGGCCAG,sense;antisense;antisense,P374L;P374S;P374P
375,P,sgRNA_326,1,CGGACCGCCGCCCCCTCCGC,sense,P375S
376,P,,0,,,
377,P,sgRNA_1124;sgRNA_1125,2,GGCGGAGGGGGCGGCGGTCC;CGGCGGAGGGGGCGGCGGTC,antisense;antisense,P377P
378,P,sgRNA_1125;sgRNA_1126;sgRNA_1127,3,CGGCGGAGGGGGCGGCGGTC;GAGGCGGCGGAGGGGGCGGC;GGAGGCGGCGGAGGGGGCGG,antisense;antisense;antisense,P378P
379,P,sgRNA_1126;sgRNA_1128,2,GAGGCGGCGGAGGGGGCGGC;GGGGAGGCGGCGGAGGGGGC,antisense;antisense,P379P
380,P,sgRNA_328;sgRNA_1128;sgRNA_1129;sgRNA_1130,4,CGCCTCCCCATCCCCACGCT;GGGGAGGCGGCGGAGGGGGC;TGGGGAGGCGGCGGAGGGGG;GATGGGGAGGCGGCGGAGGG,sense;antisense;antisense;antisense,P380L;P380P
381,P,sgRNA_328,1,CGCCTCCCCATCCCCACGCT,sense,P381L;P381P;P381S;P381F
382,H,sgRNA_1132;sgRNA_1133;sgRNA_1135,3,GGGATGGGGAGGCGGCGGAG;GGGGATGGGGAGGCGGCGGA;CGTGGGGATGGGGAGGCGGC,antisense;antisense;antisense,H382H
383,P,,0,,,
384,H,sgRNA_331,1,CCCCACGCTCGCATCAAGCT,sense,H384H;H384C;H384Y;H384R
385,A,sgRNA_331;sgRNA_1137;sgRNA_1138;sgRNA_1139;sgRNA_1140,5,CCCCACGCTCGCATCAAGCT;GAGCGTGGGGATGGGGAGGC;CGAGCGTGGGGATGGGGAGG;TGCGAGCGTGGGGATGGGGA;ATGCGAGCGTGGGGATGGGG,sense;antisense;antisense;antisense;antisense,A385A;A385T;A385V
386,R,sgRNA_333;sgRNA_1140;sgRNA_1142;sgRNA_1143,4,TCGCATCAAGCTGGAGAACC;ATGCGAGCGTGGGGATGGGG;TTGATGCGAGCGTGGGGATG;CTTGATGCGAGCGTGGGGAT,sense;antisense;antisense;antisense,R386H;R386R
387,I,sgRNA_333;sgRNA_1142;sgRNA_1143,3,TCGCATCAAGCTGGAGAACC;TTGATGCGAGCGTGGGGATG;CTTGATGCGAGCGTGGGGAT,sense;antisense;antisense,I387V;I387T;I387I
388,K,sgRNA_333;sgRNA_335;sgRNA_1146;sgRNA_1147;sgRNA_1148,5,TCGCATCAAGCTGGAGAACC;ATCAAGCTGGAGAACCCGCT;TCCAGCTTGATGCGAGCGTG;CTCCAGCTTGATGCGAGCGT;TCTCCAGCTTGATGCGAGCG,sense;sense;antisense;antisense;antisense,K388R;K388K;K388G;K388E
389,L,sgRNA_335;sgRNA_1146;sgRNA_1147;sgRNA_1148;sgRNA_1149,5,ATCAAGCTGGAGAACCCGCT;TCCAGCTTGATGCGAGCGTG;CTCCAGCTTGATGCGAGCGT;TCTCCAGCTTGATGCGAGCG;GTTCTCCAGCTTGATGCGAG,sense;antisense;antisense;antisense;antisense,L389L;L389P
390,E,sgRNA_336;sgRNA_337;sgRNA_1148;sgRNA_1149;sgRNA_1150,5,CTGGAGAACCCGCTGGACTA;TGGAGAACCCGCTGGACTAC;TCTCCAGCTTGATGCGAGCG;GTTCTCCAGCTTGATGCGAG;GGGTTCTCCAGCTTGATGCG,sense;sense;antisense;antisense;antisense,E390E;E390K;E390G
391,N,sgRNA_336;sgRNA_337;sgRNA_338,3,CTGGAGAACCCGCTGGACTA;TGGAGAACCCGCTGGACTAC;AGAACCCGCTGGACTACGGC,sense;sense;sense,N391D;N391N;N391G;N391S
392,P,sgRNA_338;sgRNA_339;sgRNA_1152;sgRNA_1153,4,AGAACCCGCTGGACTACGGC;AACCCGCTGGACTACGGCAG;CAGCGGGTTCTCCAGCTTGA;GTCCAGCGGGTTCTCCAGCT,sense;sense;antisense;antisense,P392P;P392S;P392L
393,L,sgRNA_339;sgRNA_1153;sgRNA_1154,3,AACCCGCTGGACTACGGCAG;GTCCAGCGGGTTCTCCAGCT;CGTAGTCCAGCGGGTTCTCC,sense;antisense;antisense,L393L;L393P
394,D,sgRNA_1154,1,CGTAGTCCAGCGGGTTCTCC,antisense,D394N
395,Y,sgRNA_344;sgRNA_1154,2,GACTACGGCAGCGCCTGGGC;CGTAGTCCAGCGGGTTCTCC,sense;antisense,Y395Y;Y395C;Y395H
396,G,sgRNA_345;sgRNA_346,2,TACGGCAGCGCCTGGGCGGC;CGGCAGCGCCTGGGCGGCTG,sense;sense,G396G
397,S,sgRNA_345;sgRNA_346;sgRNA_347;sgRNA_348,4,TACGGCAGCGCCTGGGCGGC;CGGCAGCGCCTGGGCGGCTG;GGCAGCGCCTGGGCGGCTGC;CAGCGCCTGGGCGGCTGCGG,sense;sense;sense;sense,S397S;S397G
398,A,sgRNA_347;sgRNA_348;sgRNA_349;sgRNA_350,4,GGCAGCGCCTGGGCGGCTGC;CAGCGCCTGGGCGGCTGCGG;AGCGCCTGGGCGGCTGCGGC;CGCCTGGGCGGCTGCGGCGG,sense;sense;sense;sense,A398V;A398A
399,W,sgRNA_1159,1,AGCCGCCCAGGCGCTGCCGT,antisense,W399.
400,A,sgRNA_351;sgRNA_1159;sgRNA_1160,3,CTGGGCGGCTGCGGCGGCGC;AGCCGCCCAGGCGCTGCCGT;CGCAGCCGCCCAGGCGCTGC,sense;antisense;antisense,A400T;A400A;A400V
401,A,sgRNA_353;sgRNA_1160;sgRNA_1161,3,CGGCTGCGGCGGCGCAGTGC;CGCAGCCGCCCAGGCGCTGC;CGCCGCAGCCGCCCAGGCGC,sense;antisense;antisense,A401V;A401A;A401T
402,A,sgRNA_353;sgRNA_1161;sgRNA_1162;sgRNA_1163,4,CGGCTGCGGCGGCGCAGTGC;CGCCGCAGCCGCCCAGGCGC;CGCCGCCGCAGCCGCCCAGG;TGCGCCGCCGCAGCCGCCCA,sense;antisense;antisense;antisense,A402A;A402T;A402V
403,A,sgRNA_355;sgRNA_1162;sgRNA_1163,3,CGGCGGCGCAGTGCCGCTAT;CGCCGCCGCAGCCGCCCAGG;TGCGCCGCCGCAGCCGCCCA,sense;antisense;antisense,A403V;A403A;A403T
404,A,sgRNA_355;sgRNA_356,2,CGGCGGCGCAGTGCCGCTAT;GGCGGCGCAGTGCCGCTATG,sense;sense,A404V
405,Q,sgRNA_356;sgRNA_1165,2,GGCGGCGCAGTGCCGCTATG;CGGCACTGCGCCGCCGCAGC,sense;antisense,Q405.;Q405Q
406,C,sgRNA_358;sgRNA_1165,2,GCAGTGCCGCTATGGGGACC;CGGCACTGCGCCGCCGCAGC,sense;antisense,C406C;C406H;C406R;C406Y
407,R,sgRNA_358;sgRNA_361,2,GCAGTGCCGCTATGGGGACC;GCCGCTATGGGGACCTGGCG,sense;sense,R407R;R407C
408,Y,sgRNA_361;sgRNA_1168,2,GCCGCTATGGGGACCTGGCG;TCCCCATAGCGGCACTGCGC,sense;antisense,Y408C;Y408Y;Y408H
409,G,sgRNA_1168,1,TCCCCATAGCGGCACTGCGC,antisense,G409E;G409R;G409K
410,D,sgRNA_363;sgRNA_364,2,GGGGACCTGGCGAGCCTGCA;GGGACCTGGCGAGCCTGCAT,sense;sense,D410D;D410G
411,L,sgRNA_363;sgRNA_364;sgRNA_365;sgRNA_1171,4,GGGGACCTGGCGAGCCTGCA;GGGACCTGGCGAGCCTGCAT;GACCTGGCGAGCCTGCATGG;GCTCGCCAGGTCCCCATAGC,sense;sense;sense;antisense,L411P;L411L
412,A,sgRNA_365;sgRNA_366;sgRNA_367;sgRNA_1171;sgRNA_1173,5,GACCTGGCGAGCCTGCATGG;CCTGGCGAGCCTGCATGGCG;CTGGCGAGCCTGCATGGCGC;GCTCGCCAGGTCCCCATAGC;CAGGCTCGCCAGGTCCCCAT,sense;sense;sense;antisense;antisense,A412V;A412T;A412A
413,S,sgRNA_366;sgRNA_367;sgRNA_369;sgRNA_1173,4,CCTGGCGAGCCTGCATGGCG;CTGGCGAGCCTGCATGGCGC;GCGAGCCTGCATGGCGCGGG;CAGGCTCGCCAGGTCCCCAT,sense;sense;sense;antisense,S413N;S413G;S413S
414,L,sgRNA_369,1,GCGAGCCTGCATGGCGCGGG,sense,L414L
415,H,sgRNA_371;sgRNA_372;sgRNA_1175,3,CCTGCATGGCGCGGGTGCAG;CTGCATGGCGCGGGTGCAGC;CCGCGCCATGCAGGCTCGCC,sense;sense;antisense,H415H;H415Y;H415R;H415C
416,G,sgRNA_1175,1,CCGCGCCATGCAGGCTCGCC,antisense,G416D;G416N;G416S
417,A,sgRNA_374;sgRNA_375;sgRNA_1175,3,GGCGCGGGTGCAGCGGGACC;GCGCGGGTGCAGCGGGACCC;CCGCGCCATGCAGGCTCGCC,sense;sense;antisense,A417V;A417T
418,G,sgRNA_1178,1,CCGCTGCACCCGCGCCATGC,antisense,G418G
419,A,sgRNA_377;sgRNA_378;sgRNA_1178,3,GTGCAGCGGGACCCGGTTCT;TGCAGCGGGACCCGGTTCTG;CCGCTGCACCCGCGCCATGC,sense;sense;antisense,A419V;A419T;A419A
420,A,sgRNA_377;sgRNA_378;sgRNA_1178;sgRNA_1179,4,GTGCAGCGGGACCCGGTTCT;TGCAGCGGGACCCGGTTCTG;CCGCTGCACCCGCGCCATGC;GTCCCGCTGCACCCGCGCCA,sense;sense;antisense;antisense,A420V;A420T;A420A
421,G,sgRNA_1179;sgRNA_1180,2,GTCCCGCTGCACCCGCGCCA;ACCGGGTCCCGCTGCACCCG,antisense;antisense,G421R;G421E
422,P,,0,,,
423,G,,0,,,
424,S,sgRNA_379;sgRNA_1182,2,CCCGGTTCTGGGTCACCCTC;GACCCAGAACCGGGTCCCGC,sense;antisense,S424F;S424P;S424S
425,G,sgRNA_1182;sgRNA_1183,2,GACCCAGAACCGGGTCCCGC;GGTGACCCAGAACCGGGTCC,antisense;antisense,G425G;G425E;G425K;G425R
426,S,sgRNA_381;sgRNA_1183,2,TCTGGGTCACCCTCAGCCGC;GGTGACCCAGAACCGGGTCC,sense;antisense,S426P;S426L
427,P,,0,,,
428,S,sgRNA_1184;sgRNA_1186,2,CTGAGGGTGACCCAGAACCG;GGCTGAGGGTGACCCAGAAC,antisense;antisense,S428P
429,A,sgRNA_383;sgRNA_1187,2,AGCCGCCGCTTCCTCATCCT;GCGGCGGCTGAGGGTGACCC,sense;antisense,A429T;A429A
430,A,sgRNA_383;sgRNA_1187,2,AGCCGCCGCTTCCTCATCCT;GCGGCGGCTGAGGGTGACCC,sense;antisense,A430T;A430V;A430A
431,A,sgRNA_1188;sgRNA_1189,2,GAGGAAGCGGCGGCTGAGGG;ATGAGGAAGCGGCGGCTGAG,antisense;antisense,A431T;A431A
432,S,sgRNA_1188;sgRNA_1189;sgRNA_1190,3,GAGGAAGCGGCGGCTGAGGG;ATGAGGAAGCGGCGGCTGAG;GATGAGGAAGCGGCGGCTGA,antisense;antisense;antisense,S432P
433,S,sgRNA_1189;sgRNA_1190;sgRNA_1192,3,ATGAGGAAGCGGCGGCTGAG;GATGAGGAAGCGGCGGCTGA;CAGGATGAGGAAGCGGCGGC,antisense;antisense;antisense,S433P
434,S,sgRNA_1192;sgRNA_1193,2,CAGGATGAGGAAGCGGCGGC;TGCCAGGATGAGGAAGCGGC,antisense;antisense,S434P
435,W,sgRNA_1193;sgRNA_1194;sgRNA_1195;sgRNA_1196,4,TGCCAGGATGAGGAAGCGGC;GTGCCAGGATGAGGAAGCGG;GTGTGCCAGGATGAGGAAGC;AGTGTGCCAGGATGAGGAAG,antisense;antisense;antisense;antisense,W435R;W435Q;W435.
436,H,,0,,,
437,T,sgRNA_386;sgRNA_1198;sgRNA_1199,3,CACACTCTCTTCACAGCCGA;AAGAGAGTGTGCCAGGATGA;GAAGAGAGTGTGCCAGGATG,sense;antisense;antisense,T437I;T437A;T437V;T437T
438,L,sgRNA_386;sgRNA_387;sgRNA_1198;sgRNA_1199,4,CACACTCTCTTCACAGCCGA;ACTCTCTTCACAGCCGAAGA;AAGAGAGTGTGCCAGGATGA;GAAGAGAGTGTGCCAGGATG,sense;sense;antisense;antisense,L438L;L438F;L438P
439,F,sgRNA_1202,1,GGCTGTGAAGAGAGTGTGCC,antisense,F439S
440,T,sgRNA_390,1,CACAGCCGAAGAAGGCCAGT,sense,T440T
441,A,sgRNA_390;sgRNA_1203,2,CACAGCCGAAGAAGGCCAGT;CTTCGGCTGTGAAGAGAGTG,sense;antisense,A441V;A441A;A441T
442,E,sgRNA_392;sgRNA_1203;sgRNA_1205,3,CCGAAGAAGGCCAGTTGTAT;CTTCGGCTGTGAAGAGAGTG;CCTTCTTCGGCTGTGAAGAG,sense;antisense;antisense,E442E;E442G;E442K
443,E,sgRNA_392;sgRNA_393;sgRNA_1205,3,CCGAAGAAGGCCAGTTGTAT;AGAAGGCCAGTTGTATGGAC;CCTTCTTCGGCTGTGAAGAG,sense;sense;antisense,E443E;E443K;E443G
444,G,sgRNA_393;sgRNA_394;sgRNA_1207;sgRNA_1208,4,AGAAGGCCAGTTGTATGGAC;AAGGCCAGTTGTATGGACCG;CTGGCCTTCTTCGGCTGTGA;CAACTGGCCTTCTTCGGCTG,sense;sense;antisense;antisense,G444D;G444S;G444N;G444G
445,Q,sgRNA_393;sgRNA_394;sgRNA_395;sgRNA_396;sgRNA_1208,5,AGAAGGCCAGTTGTATGGAC;AAGGCCAGTTGTATGGACCG;GGCCAGTTGTATGGACCGTG;GCCAGTTGTATGGACCGTGT;CAACTGGCCTTCTTCGGCTG,sense;sense;sense;sense;antisense,Q445.;Q445R;Q445W;Q445Q
446,L,sgRNA_1210;sgRNA_1211,2,CCATACAACTGGCCTTCTTC;TCCATACAACTGGCCTTCTT,antisense;antisense,L446S;L446P;L446L
447,Y,sgRNA_397;sgRNA_399;sgRNA_400;sgRNA_1210;sgRNA_1211,5,CAGTTGTATGGACCGTGTGG;TTGTATGGACCGTGTGGTGG;TGTATGGACCGTGTGGTGGT;CCATACAACTGGCCTTCTTC;TCCATACAACTGGCCTTCTT,sense;sense;sense;antisense;antisense,Y447Y;Y447H;Y447C
448,G,sgRNA_400;sgRNA_401;sgRNA_402;sgRNA_403,4,TGTATGGACCGTGTGGTGGT;TATGGACCGTGTGGTGGTGG;ATGGACCGTGTGGTGGTGGT;TGGACCGTGTGGTGGTGGTG,sense;sense;sense;sense,G448G
449,P,sgRNA_401;sgRNA_402;sgRNA_403;sgRNA_404;sgRNA_405;sgRNA_1213,6,TATGGACCGTGTGGTGGTGG;ATGGACCGTGTGGTGGTGGT;TGGACCGTGTGGTGGTGGTG;GGACCGTGTGGTGGTGGTGG;GACCGTGTGGTGGTGGTGGG;CACCACACGGTCCATACAAC,sense;sense;sense;sense;sense;antisense,P449L;P449P;P449S
450,C,sgRNA_1213,1,CACCACACGGTCCATACAAC,antisense,C450Y;C450C;C450R;C450H
451,G,sgRNA_1213,1,CACCACACGGTCCATACAAC,antisense,G451S
452,G,,0,,,
453,G,sgRNA_1214,1,CACCCCCACCACCACCACAC,antisense,G453G
454,G,sgRNA_1214,1,CACCCCCACCACCACCACAC,antisense,G454R;G454K;G454E;G454G
455,G,sgRNA_1214,1,CACCCCCACCACCACCACAC,antisense,G455S
456,G,,0,,,
457,G,sgRNA_419;sgRNA_420;sgRNA_421,3,GTGGTGGCGGCGGCGGCGGC;GGTGGCGGCGGCGGCGGCGG;GTGGCGGCGGCGGCGGCGGC,sense;sense;sense,G457G
458,G,sgRNA_421,1,GTGGCGGCGGCGGCGGCGGC,sense,G458G
459,G,,0,,,
460,G,,0,,,
461,G,,0,,,
462,G,,0,,,
463,G,,0,,,
464,G,,0,,,
465,G,,0,,,
466,G,,0,,,
467,G,,0,,,
468,G,sgRNA_422,1,CGGCGGCGGCGGCGGCGGCG,sense,G468G
469,G,sgRNA_422;sgRNA_423;sgRNA_424,3,CGGCGGCGGCGGCGGCGGCG;GGCGGCGGCGGCGGCGGCGA;CGGCGGCGGCGGCGGCGAGG,sense;sense;sense,G469G
470,G,sgRNA_424;sgRNA_425,2,CGGCGGCGGCGGCGGCGAGG;GGCGGCGGCGGCGGCGAGGC,sense;sense,G470G
471,G,sgRNA_427;sgRNA_1216,2,GGCGGCGGCGGCGAGGCGGG;CTCGCCGCCGCCGCCGCCGC,sense;antisense,G471G;G471D
472,G,sgRNA_428;sgRNA_1216,2,GGCGGCGGCGAGGCGGGAGC;CTCGCCGCCGCCGCCGCCGC,sense;antisense,G472N;G472G;G472S;G472D
473,G,sgRNA_429,1,GGCGGCGAGGCGGGAGCTGT,sense,G473G
474,E,sgRNA_429;sgRNA_1218,2,GGCGGCGAGGCGGGAGCTGT;TCCCGCCTCGCCGCCGCCGC,sense;antisense,E474E;E474G
475,A,sgRNA_1218;sgRNA_1219,2,TCCCGCCTCGCCGCCGCCGC;AGCTCCCGCCTCGCCGCCGC,antisense;antisense,A475A;A475T
476,G,sgRNA_430;sgRNA_431;sgRNA_1219;sgRNA_1220,4,GCGGGAGCTGTAGCCCCCTA;CGGGAGCTGTAGCCCCCTAC;AGCTCCCGCCTCGCCGCCGC;TACAGCTCCCGCCTCGCCGC,sense;sense;antisense;antisense,G476R;G476E;G476G;G476K
477,A,sgRNA_430;sgRNA_431;sgRNA_1220;sgRNA_1221,4,GCGGGAGCTGTAGCCCCCTA;CGGGAGCTGTAGCCCCCTAC;TACAGCTCCCGCCTCGCCGC;GGCTACAGCTCCCGCCTCGC,sense;sense;antisense;antisense,A477A;A477T;A477V
478,V,sgRNA_1221;sgRNA_1222,2,GGCTACAGCTCCCGCCTCGC;GGGGGCTACAGCTCCCGCCT,antisense;antisense,V478I;V478A;V478T
479,A,sgRNA_432;sgRNA_433;sgRNA_1222,3,TAGCCCCCTACGGCTACACT;AGCCCCCTACGGCTACACTC;GGGGGCTACAGCTCCCGCCT,sense;sense;antisense,A479A;A479V;A479T
480,P,sgRNA_432;sgRNA_433,2,TAGCCCCCTACGGCTACACT;AGCCCCCTACGGCTACACTC,sense;sense,P480P;P480L;P480S;P480F
481,Y,sgRNA_1223,1,CCGTAGGGGGCTACAGCTCC,antisense,Y481H
482,G,sgRNA_434;sgRNA_1224,2,CGGCTACACTCGGCCCCCTC;GTGTAGCCGTAGGGGGCTAC,sense;antisense,G482D;G482N;G482S;G482G
483,Y,sgRNA_434;sgRNA_435;sgRNA_437;sgRNA_1224,4,CGGCTACACTCGGCCCCCTC;GGCTACACTCGGCCCCCTCA;CTACACTCGGCCCCCTCAGG;GTGTAGCCGTAGGGGGCTAC,sense;sense;sense;antisense,Y483H;Y483C;Y483Y
484,T,sgRNA_434;sgRNA_435;sgRNA_437;sgRNA_1225;sgRNA_1226;sgRNA_1227,6,CGGCTACACTCGGCCCCCTC;GGCTACACTCGGCCCCCTCA;CTACACTCGGCCCCCTCAGG;GGCCGAGTGTAGCCGTAGGG;GGGCCGAGTGTAGCCGTAGG;GGGGCCGAGTGTAGCCGTAG,sense;sense;sense;antisense;antisense;antisense,T484V;T484I;T484T;T484A
485,R,sgRNA_437;sgRNA_438;sgRNA_439;sgRNA_1225;sgRNA_1226;sgRNA_1227;sgRNA_1228;sgRNA_1229,8,CTACACTCGGCCCCCTCAGG;CACTCGGCCCCCTCAGGGGC;ACTCGGCCCCCTCAGGGGCT;GGCCGAGTGTAGCCGTAGGG;GGGCCGAGTGTAGCCGTAGG;GGGGCCGAGTGTAGCCGTAG;GGGGGCCGAGTGTAGCCGTA;AGGGGGCCGAGTGTAGCCGT,sense;sense;sense;antisense;antisense;antisense;antisense;antisense,R485W;R485R;R485Q
486,P,sgRNA_438;sgRNA_439;sgRNA_440;sgRNA_442,4,CACTCGGCCCCCTCAGGGGC;ACTCGGCCCCCTCAGGGGCT;TCGGCCCCCTCAGGGGCTGG;GGCCCCCTCAGGGGCTGGCG,sense;sense;sense;sense,P486S;P486P;P486F;P486L
487,P,sgRNA_440;sgRNA_442;sgRNA_1231,3,TCGGCCCCCTCAGGGGCTGG;GGCCCCCTCAGGGGCTGGCG;CCCCTGAGGGGGCCGAGTGT,sense;sense;antisense,P487F;P487L;P487S;P487P
488,Q,sgRNA_1231;sgRNA_1232,2,CCCCTGAGGGGGCCGAGTGT;CAGCCCCTGAGGGGGCCGAG,antisense;antisense,Q488Q
489,G,sgRNA_1232;sgRNA_1234,2,CAGCCCCTGAGGGGGCCGAG;CCGCCAGCCCCTGAGGGGGC,antisense;antisense,G489G;G489K;G489R;G489E
490,L,sgRNA_445;sgRNA_446;sgRNA_1234,3,AGGGGCTGGCGGGCCAGGAA;GGGCTGGCGGGCCAGGAAAG;CCGCCAGCCCCTGAGGGGGC,sense;sense;antisense,L490P;L490L
491,A,sgRNA_446;sgRNA_1234;sgRNA_1237;sgRNA_1238,4,GGGCTGGCGGGCCAGGAAAG;CCGCCAGCCCCTGAGGGGGC;CTGGCCCGCCAGCCCCTGAG;CCTGGCCCGCCAGCCCCTGA,sense;antisense;antisense;antisense,A491T;A491A;A491V
492,G,sgRNA_1237;sgRNA_1238;sgRNA_1239,3,CTGGCCCGCCAGCCCCTGAG;CCTGGCCCGCCAGCCCCTGA;TCCTGGCCCGCCAGCCCCTG,antisense;antisense;antisense,G492D;G492S;G492N
493,Q,sgRNA_1240,1,TTTCCTGGCCCGCCAGCCCC,antisense,Q493Q
494,E,sgRNA_1240,1,TTTCCTGGCCCGCCAGCCCC,antisense,E494K
495,S,sgRNA_448;sgRNA_1241,2,GAAAGCGACTTCACCGCACC;AGTCGCTTTCCTGGCCCGCC,sense;antisense,S495S;S495N;S495G
496,D,sgRNA_448;sgRNA_449;sgRNA_450;sgRNA_1241,4,GAAAGCGACTTCACCGCACC;AGCGACTTCACCGCACCTGA;CGACTTCACCGCACCTGATG;AGTCGCTTTCCTGGCCCGCC,sense;sense;sense;antisense,D496N;D496G;D496D
497,F,sgRNA_450;sgRNA_452;sgRNA_1243,3,CGACTTCACCGCACCTGATG;CTTCACCGCACCTGATGTGT;TGCGGTGAAGTCGCTTTCCT,sense;sense;antisense,F497S;F497F
498,T,sgRNA_450;sgRNA_452,2,CGACTTCACCGCACCTGATG;CTTCACCGCACCTGATGTGT,sense;sense,T498I;T498A;T498T;T498V
499,A,sgRNA_1244,1,GTGCGGTGAAGTCGCTTTCC,antisense,A499T
500,P,,0,,,
501,D,sgRNA_456;sgRNA_1246,2,CTGATGTGTGGTACCCTGGC;CCACACATCAGGTGCGGTGA,sense;antisense,D501G;D501D
502,V,sgRNA_1246;sgRNA_1247,2,CCACACATCAGGTGCGGTGA;GTACCACACATCAGGTGCGG,antisense;antisense,V502A;V502T;V502I;V502M;V502V
503,W,sgRNA_1247,1,GTACCACACATCAGGTGCGG,antisense,W503Q;W503.;W503R
504,Y,sgRNA_458;sgRNA_459;sgRNA_460,3,GTGTGGTACCCTGGCGGCAT;GTGGTACCCTGGCGGCATGG;GGTACCCTGGCGGCATGGTG,sense;sense;sense,Y504C;Y504Y
505,P,sgRNA_459;sgRNA_460;sgRNA_461;sgRNA_1251;sgRNA_1252,5,GTGGTACCCTGGCGGCATGG;GGTACCCTGGCGGCATGGTG;ACCCTGGCGGCATGGTGAGC;CGCCAGGGTACCACACATCA;CCGCCAGGGTACCACACATC,sense;sense;sense;antisense;antisense,P505L;P505P;P505S;P505F
506,G,sgRNA_461;sgRNA_462;sgRNA_1251;sgRNA_1252,4,ACCCTGGCGGCATGGTGAGC;CCTGGCGGCATGGTGAGCAG;CGCCAGGGTACCACACATCA;CCGCCAGGGTACCACACATC,sense;sense;antisense;antisense,G506D;G506G;G506S;G506N
507,G,,0,,,
508,M,,0,,,
509,V,sgRNA_1253,1,TCTGCTCACCATGCCGCCAG,antisense,V509V;V509A
510,S,sgRNA_464;sgRNA_1253;sgRNA_1255,3,TGAGCAGAGTGCCCTATCCC;TCTGCTCACCATGCCGCCAG;ACTCTGCTCACCATGCCGCC,sense;antisense;antisense,S510S;S510N
511,R,sgRNA_464;sgRNA_1255;sgRNA_1256,3,TGAGCAGAGTGCCCTATCCC;ACTCTGCTCACCATGCCGCC;GGGCACTCTGCTCACCATGC,sense;antisense;antisense,R511K;R511G;R511R
512,V,sgRNA_1256;sgRNA_1257,2,GGGCACTCTGCTCACCATGC;ATAGGGCACTCTGCTCACCA,antisense;antisense,V512T;V512V;V512A;V512M;V512I
513,P,sgRNA_465,1,TGCCCTATCCCAGTCCCACT,sense,P513P;P513L
514,Y,sgRNA_465;sgRNA_466,2,TGCCCTATCCCAGTCCCACT;CCCTATCCCAGTCCCACTTG,sense;sense,Y514C
515,P,sgRNA_466,1,CCCTATCCCAGTCCCACTTG,sense,P515L;P515F;P515S
516,S,sgRNA_1258,1,GGGACTGGGATAGGGCACTC,antisense,S516S;S516N
517,P,sgRNA_467;sgRNA_468,2,CCAGTCCCACTTGTGTCAAA;AGTCCCACTTGTGTCAAAAG,sense;sense,P517S;P517F;P517L;P517P
518,T,sgRNA_468;sgRNA_1259;sgRNA_1260;sgRNA_1261,4,AGTCCCACTTGTGTCAAAAG;CACAAGTGGGACTGGGATAG;ACACAAGTGGGACTGGGATA;GACACAAGTGGGACTGGGAT,sense;antisense;antisense;antisense,T518A;T518I;T518V;T518T
519,C,sgRNA_1259;sgRNA_1260;sgRNA_1261,3,CACAAGTGGGACTGGGATAG;ACACAAGTGGGACTGGGATA;GACACAAGTGGGACTGGGAT,antisense;antisense;antisense,C519H;C519C;C519Y;C519R
520,V,sgRNA_471,1,CTTGTGTCAAAAGCGAAATG,sense,V520V
521,K,sgRNA_472;sgRNA_473,2,TCAAAAGCGAAATGGGCCCC;CAAAAGCGAAATGGGCCCCT,sense;sense,K521K;K521R
522,S,sgRNA_472;sgRNA_473;sgRNA_474,3,TCAAAAGCGAAATGGGCCCC;CAAAAGCGAAATGGGCCCCT;AAGCGAAATGGGCCCCTGGA,sense;sense;sense,S522G;S522S
523,E,sgRNA_474;sgRNA_475,2,AAGCGAAATGGGCCCCTGGA;AGCGAAATGGGCCCCTGGAT,sense;sense,E523E;E523G
524,M,sgRNA_474;sgRNA_475,2,AAGCGAAATGGGCCCCTGGA;AGCGAAATGGGCCCCTGGAT,sense;sense,M524V
525,G,sgRNA_1262,1,CCAGGGGCCCATTTCGCTTT,antisense,G525D
526,P,,0,,,
527,W,,0,,,
528,M,sgRNA_477,1,CCCTGGATGGATAGCTACTC,sense,M528V
529,D,,0,,,
530,S,sgRNA_479;sgRNA_480;sgRNA_481,3,GATAGCTACTCCGGACCTTA;ATAGCTACTCCGGACCTTAC;TAGCTACTCCGGACCTTACG,sense;sense;sense,S530G;S530S
531,Y,sgRNA_479;sgRNA_480;sgRNA_481;sgRNA_482;sgRNA_1265;sgRNA_1266,6,GATAGCTACTCCGGACCTTA;ATAGCTACTCCGGACCTTAC;TAGCTACTCCGGACCTTACG;AGCTACTCCGGACCTTACGG;CGGAGTAGCTATCCATCCAG;CCGGAGTAGCTATCCATCCA,sense;sense;sense;sense;antisense;antisense,Y531H;Y531Y;Y531C
532,S,sgRNA_482;sgRNA_483;sgRNA_1265;sgRNA_1266;sgRNA_1267,5,AGCTACTCCGGACCTTACGG;CTCCGGACCTTACGGGGACA;CGGAGTAGCTATCCATCCAG;CCGGAGTAGCTATCCATCCA;TCCGGAGTAGCTATCCATCC,sense;sense;antisense;antisense;antisense,S532S;S532F;S532P
533,G,sgRNA_483;sgRNA_485,2,CTCCGGACCTTACGGGGACA;CGGACCTTACGGGGACATGC,sense;sense,G533G
534,P,sgRNA_483;sgRNA_485,2,CTCCGGACCTTACGGGGACA;CGGACCTTACGGGGACATGC,sense;sense,P534L;P534S;P534F
535,Y,sgRNA_486,1,CCTTACGGGGACATGCGgta,sense,Y535C;Y535Y
536,G,sgRNA_1268,1,GTCCCCGTAAGGTCCGGAGT,antisense,G536G;G536R;G536E;G536K
537,D,sgRNA_1270,1,CGCATGTCCCCGTAAGGTCC,antisense,D537N
538,M,sgRNA_1270;sgRNA_1271;sgRNA_1272,3,CGCATGTCCCCGTAAGGTCC;cCGCATGTCCCCGTAAGGTC;cttacCGCATGTCCCCGTAA,antisense;antisense;antisense,M538I;M538T
539,R,,0,,,
540,L,,0,,,
541,E,sgRNA_492,1,TTGGAGACTGCCAGGGACCA,sense,E541G
542,T,sgRNA_492,1,TTGGAGACTGCCAGGGACCA,sense,T542A;T542V;T542I
543,A,sgRNA_493;sgRNA_1277,2,GACTGCCAGGGACCATGTTT;TCCCTGGCAGTCTCCAAAct,sense;antisense,A543A;A543V;A543T
544,R,sgRNA_493;sgRNA_1277;sgRNA_1278,3,GACTGCCAGGGACCATGTTT;TCCCTGGCAGTCTCCAAAct;GTCCCTGGCAGTCTCCAAAc,sense;antisense;antisense,R544R;R544K;R544G
545,D,,0,,,
546,H,,0,,,
547,V,sgRNA_1279,1,GGCAAAACATGGTCCCTGGC,antisense,V547V;V547I;V547T;V547A
548,L,sgRNA_1279;sgRNA_1280;sgRNA_1281,3,GGCAAAACATGGTCCCTGGC;ATGGGCAAAACATGGTCCCT;AATGGGCAAAACATGGTCCC,antisense;antisense;antisense,L548S;L548P;L548L
549,P,,0,,,
550,I,sgRNA_1282;sgRNA_1283,2,ATAGTCAATGGGCAAAACAT;AATAGTCAATGGGCAAAACA,antisense;antisense,I550T;I550I
551,D,sgRNA_494;sgRNA_1282;sgRNA_1283,3,TGACTATTACTTTCCACCCC;ATAGTCAATGGGCAAAACAT;AATAGTCAATGGGCAAAACA,sense;antisense;antisense,D551N;D551D
552,Y,sgRNA_494;sgRNA_1283,2,TGACTATTACTTTCCACCCC;AATAGTCAATGGGCAAAACA,sense;antisense,Y552C;Y552H
553,Y,sgRNA_495,1,CTATTACTTTCCACCCCAGA,sense,Y553Y;Y553C
554,F,sgRNA_1284;sgRNA_1285;sgRNA_1286,3,GTGGAAAGTAATAGTCAATG;GGTGGAAAGTAATAGTCAAT;GGGTGGAAAGTAATAGTCAA,antisense;antisense;antisense,F554F;F554P;F554L;F554S
555,P,sgRNA_496;sgRNA_497,2,ACTTTCCACCCCAGAAGACC;TCCACCCCAGAAGACCTGCC,sense;sense,P555S;P555P;P555L
556,P,sgRNA_497,1,TCCACCCCAGAAGACCTGCC,sense,P556L;P556F;P556P;P556S
557,Q,sgRNA_497;sgRNA_498;sgRNA_1287,3,TCCACCCCAGAAGACCTGCC;CCCAGAAGACCTGCCTGATC;CTTCTGGGGTGGAAAGTAAT,sense;sense;antisense,Q557.;Q557Q;Q557R
558,K,sgRNA_498;sgRNA_1288,2,CCCAGAAGACCTGCCTGATC;GCAGGTCTTCTGGGGTGGAA,sense;antisense,K558K;K558R;K558G;K558E
559,T,sgRNA_501,1,AAGACCTGCCTGATCTGTGG,sense,T559T;T559V;T559I;T559A
560,C,sgRNA_502;sgRNA_1289;sgRNA_1290,3,ACCTGCCTGATCTGTGGAGA;TCAGGCAGGTCTTCTGGGGT;ATCAGGCAGGTCTTCTGGGG,sense;antisense;antisense,C560Y;C560R;C560H;C560C
561,L,sgRNA_502;sgRNA_1290;sgRNA_1291;sgRNA_1294,4,ACCTGCCTGATCTGTGGAGA;ATCAGGCAGGTCTTCTGGGG;AGATCAGGCAGGTCTTCTGG;CACAGATCAGGCAGGTCTTC,sense;antisense;antisense;antisense,L561P;L561L
562,I,sgRNA_1294,1,CACAGATCAGGCAGGTCTTC,antisense,I562T
563,C,sgRNA_1294,1,CACAGATCAGGCAGGTCTTC,antisense,C563R
564,G,sgRNA_505;sgRNA_506;sgRNA_1296,3,TCTGTGGAGATGAAGCTTCT;CTGTGGAGATGAAGCTTCTG;TTCATCTCCACAGATCAGGC,sense;sense;antisense,G564E;G564G
565,D,sgRNA_1296;sgRNA_1297;sgRNA_1298,3,TTCATCTCCACAGATCAGGC;AGCTTCATCTCCACAGATCA;AAGCTTCATCTCCACAGATC,antisense;antisense;antisense,D565N;D565D
566,E,sgRNA_1297;sgRNA_1298,2,AGCTTCATCTCCACAGATCA;AAGCTTCATCTCCACAGATC,antisense;antisense,E566K
567,A,sgRNA_508;sgRNA_509;sgRNA_1298,3,GAAGCTTCTGGGTGTCACTA;AAGCTTCTGGGTGTCACTAT;AAGCTTCATCTCCACAGATC,sense;sense;antisense,A567V;A567T
568,S,sgRNA_508;sgRNA_509;sgRNA_510,3,GAAGCTTCTGGGTGTCACTA;AAGCTTCTGGGTGTCACTAT;GCTTCTGGGTGTCACTATGG,sense;sense;sense,S568F
569,G,,0,,,
570,C,,0,,,
571,H,sgRNA_511,1,GTCACTATGGAGCTCTCACA,sense,H571H;H571R
572,Y,sgRNA_511;sgRNA_512;sgRNA_513;sgRNA_1300,4,GTCACTATGGAGCTCTCACA;CACTATGGAGCTCTCACATG;ACTATGGAGCTCTCACATGT;GCTCCATAGTGACACCCAGA,sense;sense;sense;antisense,Y572C;Y572H;Y572Y
573,G,sgRNA_513;sgRNA_1300;sgRNA_1301,3,ACTATGGAGCTCTCACATGT;GCTCCATAGTGACACCCAGA;AGAGCTCCATAGTGACACCC,sense;antisense;antisense,G573E;G573R;G573G;G573K
574,A,sgRNA_515;sgRNA_1301,2,GAGCTCTCACATGTGGAAGC;AGAGCTCCATAGTGACACCC,sense;antisense,A574V;A574T
575,L,sgRNA_515;sgRNA_516,2,GAGCTCTCACATGTGGAAGC;TCTCACATGTGGAAGCTGCA,sense;sense,L575F;L575L
576,T,sgRNA_516,1,TCTCACATGTGGAAGCTGCA,sense,T576I;T576V;T576T;T576M;T576A
577,C,sgRNA_1302,1,CACATGTGAGAGCTCCATAG,antisense,C577R
578,G,,0,,,
579,S,,0,,,
580,C,sgRNA_518;sgRNA_1305;sgRNA_1306,3,GCTGCAAGGTCTTCTTCAAA;CCTTGCAGCTTCCACATGTG;GACCTTGCAGCTTCCACATG,sense;antisense;antisense,C580C;C580Y;C580R;C580H
581,K,sgRNA_518;sgRNA_519;sgRNA_1306;sgRNA_1307,4,GCTGCAAGGTCTTCTTCAAA;TGCAAGGTCTTCTTCAAAAG;GACCTTGCAGCTTCCACATG;AAGACCTTGCAGCTTCCACA,sense;sense;antisense;antisense,K581E;K581R;K581G;K581K
582,V,sgRNA_520;sgRNA_1307,2,AAGGTCTTCTTCAAAAGAGC;AAGACCTTGCAGCTTCCACA,sense;antisense,V582A;V582T;V582I;V582V
583,F,sgRNA_521,1,GTCTTCTTCAAAAGAGCCGC,sense,F583F
584,F,sgRNA_522;sgRNA_523,2,TTCTTCAAAAGAGCCGCTGA;TCTTCAAAAGAGCCGCTGAA,sense;sense,F584F
585,K,sgRNA_522;sgRNA_523,2,TTCTTCAAAAGAGCCGCTGA;TCTTCAAAAGAGCCGCTGAA,sense;sense,K585K;K585G;K585R;K585E
586,R,sgRNA_524;sgRNA_526,2,AAAAGAGCCGCTGAAGgtaa;AAGAGCCGCTGAAGgtaaag,sense;sense,R586G;R586R
587,A,sgRNA_524;sgRNA_526,2,AAAAGAGCCGCTGAAGgtaa;AAGAGCCGCTGAAGgtaaag,sense;sense,A587A;A587V
588,A,sgRNA_527,1,CCGCTGAAGgtaaagggtct,sense,A588V
589,E,sgRNA_527,1,CCGCTGAAGgtaaagggtct,sense,E589G;E589E
590,G,,0,,,
591,K,,0,,,
592,Q,sgRNA_534,1,AACAGAAGTACCTGTGCGCC,sense,Q592R
593,K,sgRNA_534;sgRNA_535;sgRNA_1315,3,AACAGAAGTACCTGTGCGCC;AGAAGTACCTGTGCGCCAGC;ACAGGTACTTCTGTTTCCct,sense;sense;antisense,K593R;K593K;K593G;K593E
594,Y,sgRNA_535;sgRNA_1315,2,AGAAGTACCTGTGCGCCAGC;ACAGGTACTTCTGTTTCCct,sense;antisense,Y594Y;Y594H;Y594C
595,L,sgRNA_536,1,TACCTGTGCGCCAGCAGAAA,sense,L595L
596,C,,0,,,
597,A,sgRNA_1317,1,TGCTGGCGCACAGGTACTTC,antisense,A597T
598,S,,0,,,
599,R,,0,,,
600,N,sgRNA_1319,1,AATCATTTCTGCTGGCGCAC,antisense,N600N
601,D,sgRNA_1319;sgRNA_1320,2,AATCATTTCTGCTGGCGCAC;AGTGCAATCATTTCTGCTGG,antisense;antisense,D601N;D601D
602,C,sgRNA_539;sgRNA_1320;sgRNA_1322,3,ATTGCACTATTGATAAATTC;AGTGCAATCATTTCTGCTGG;AATAGTGCAATCATTTCTGC,sense;antisense;antisense,C602H;C602R;C602Y;C602C
603,T,sgRNA_539;sgRNA_540;sgRNA_1322;sgRNA_1323,4,ATTGCACTATTGATAAATTC;GCACTATTGATAAATTCCGA;AATAGTGCAATCATTTCTGC;ATCAATAGTGCAATCATTTC,sense;sense;antisense;antisense,T603I;T603A;T603V;T603T
604,I,sgRNA_540;sgRNA_541;sgRNA_1323,3,GCACTATTGATAAATTCCGA;CACTATTGATAAATTCCGAA;ATCAATAGTGCAATCATTTC,sense;sense;antisense,I604T;I604I;I604V
605,D,,0,,,
606,K,sgRNA_542,1,ATAAATTCCGAAGGAAAAAT,sense,K606K;K606R
607,F,sgRNA_542;sgRNA_1324,2,ATAAATTCCGAAGGAAAAAT;CCTTCGGAATTTATCAATAG,sense;antisense,F607F;F607S
608,R,sgRNA_1324;sgRNA_1325,2,CCTTCGGAATTTATCAATAG;TTCCTTCGGAATTTATCAAT,antisense;antisense,R608Q
609,R,sgRNA_1325,1,TTCCTTCGGAATTTATCAAT,antisense,R609K
610,K,sgRNA_543;sgRNA_544,2,GAAGGAAAAATTGTCCATCT;GGAAAAATTGTCCATCTTGT,sense;sense,K610G;K610E;K610R;K610K
611,N,sgRNA_544,1,GGAAAAATTGTCCATCTTGT,sense,N611G;N611S;N611D
612,C,,0,,,
613,P,sgRNA_545;sgRNA_546,2,ATTGTCCATCTTGTCGTCTT;TTGTCCATCTTGTCGTCTTC,sense;sense,P613S;P613L;P613P
614,S,sgRNA_547,1,CATCTTGTCGTCTTCGGAAA,sense,S614F
615,C,,0,,,
616,R,,0,,,
617,L,sgRNA_549;sgRNA_1326,2,CGTCTTCGGAAATGTTATGA;ATTTCCGAAGACGACAAGAT,sense;antisense,L617L;L617F
618,R,sgRNA_549;sgRNA_550;sgRNA_1326;sgRNA_1327,4,CGTCTTCGGAAATGTTATGA;CTTCGGAAATGTTATGAAGC;ATTTCCGAAGACGACAAGAT;CATTTCCGAAGACGACAAGA,sense;sense;antisense;antisense,R618Q;R618R;R618W
619,K,sgRNA_550;sgRNA_551,2,CTTCGGAAATGTTATGAAGC;TTCGGAAATGTTATGAAGCA,sense;sense,K619R;K619E;K619G;K619K
620,C,sgRNA_1329,1,CTTCATAACATTTCCGAAGA,antisense,C620C
621,Y,sgRNA_1329,1,CTTCATAACATTTCCGAAGA,antisense,Y621H;Y621Y
622,E,sgRNA_554;sgRNA_555;sgRNA_556;sgRNA_1329,4,TTATGAAGCAGGGATGACTC;TATGAAGCAGGGATGACTCT;ATGAAGCAGGGATGACTCTG;CTTCATAACATTTCCGAAGA,sense;sense;sense;antisense,E622G;E622K;E622E
623,A,sgRNA_555;sgRNA_556;sgRNA_557;sgRNA_558,4,TATGAAGCAGGGATGACTCT;ATGAAGCAGGGATGACTCTG;GAAGCAGGGATGACTCTGGG;AAGCAGGGATGACTCTGGGA,sense;sense;sense;sense,A623V;A623A
624,G,,0,,,
625,M,sgRNA_559,1,AGGGATGACTCTGGGAGgta,sense,M625V
626,T,sgRNA_559,1,AGGGATGACTCTGGGAGgta,sense,T626A
627,L,,0,,,
628,G,sgRNA_1332,1,ttacCTCCCAGAGTCATCCC,antisense,G628R;G628E;G628K
629,A,,0,,,
630,R,sgRNA_1337;sgRNA_1338;sgRNA_1339,3,TTCCGGGctattgggaagga;AGCTTCCGGGctattgggaa;CAGCTTCCGGGctattggga,antisense;antisense;antisense,R630Q;R630R
631,K,sgRNA_566;sgRNA_1339;sgRNA_1340;sgRNA_1341,4,CCCGGAAGCTGAAGAAACTT;CAGCTTCCGGGctattggga;CTTCAGCTTCCGGGctattg;TCTTCAGCTTCCGGGctatt,sense;antisense;antisense;antisense,K631G;K631R;K631K;K631E
632,L,sgRNA_1340;sgRNA_1341;sgRNA_1342,3,CTTCAGCTTCCGGGctattg;TCTTCAGCTTCCGGGctatt;TTCTTCAGCTTCCGGGctat,antisense;antisense;antisense,L632L;L632P
633,K,sgRNA_567,1,GCTGAAGAAACTTGGTAATC,sense,K633G;K633E;K633R
634,K,sgRNA_567,1,GCTGAAGAAACTTGGTAATC,sense,K634E
635,L,sgRNA_1343;sgRNA_1344;sgRNA_1345,3,CCAAGTTTCTTCAGCTTCCG;ACCAAGTTTCTTCAGCTTCC;TACCAAGTTTCTTCAGCTTC,antisense;antisense;antisense,L635L;L635P
636,G,sgRNA_1345;sgRNA_1346,2,TACCAAGTTTCTTCAGCTTC;TCAGATTACCAAGTTTCTTC,antisense;antisense,G636S;G636G
637,N,sgRNA_568;sgRNA_569;sgRNA_571;sgRNA_1346,4,ACTTGGTAATCTGAAACTAC;CTTGGTAATCTGAAACTACA;GGTAATCTGAAACTACAGGA;TCAGATTACCAAGTTTCTTC,sense;sense;sense;antisense,N637N;N637S;N637G;N637D
638,L,sgRNA_571;sgRNA_572,2,GGTAATCTGAAACTACAGGA;AATCTGAAACTACAGGAGGA,sense;sense,L638L
639,K,sgRNA_572;sgRNA_573;sgRNA_574,3,AATCTGAAACTACAGGAGGA;ATCTGAAACTACAGGAGGAA;CTGAAACTACAGGAGGAAGG,sense;sense;sense,K639R;K639G;K639E;K639K
640,L,sgRNA_574;sgRNA_576,2,CTGAAACTACAGGAGGAAGG;AAACTACAGGAGGAAGGAGA,sense;sense,L640L
641,Q,sgRNA_576,1,AAACTACAGGAGGAAGGAGA,sense,Q641R;Q641W;Q641.
642,E,sgRNA_577,1,AGGAGGAAGGAGAGGCTTCC,sense,E642G
643,E,sgRNA_577,1,AGGAGGAAGGAGAGGCTTCC,sense,E643G;E643E
644,G,,0,,,
645,E,sgRNA_578;sgRNA_1349;sgRNA_1350,3,GAGAGGCTTCCAGCACCACC;AAGCCTCTCCTTCCTCCTGT;TGGAAGCCTCTCCTTCCTCC,sense;antisense;antisense,E645E;E645G;E645K
646,A,sgRNA_578;sgRNA_1349;sgRNA_1350,3,GAGAGGCTTCCAGCACCACC;AAGCCTCTCCTTCCTCCTGT;TGGAAGCCTCTCCTTCCTCC,sense;antisense;antisense,A646T;A646V;A646A
647,S,sgRNA_1350,1,TGGAAGCCTCTCCTTCCTCC,antisense,S647P
648,S,sgRNA_580,1,CAGCACCACCAGCCCCACTG,sense,S648S
649,T,sgRNA_580;sgRNA_582,2,CAGCACCACCAGCCCCACTG;CACCACCAGCCCCACTGAGG,sense;sense,T649T;T649I;T649A;T649V
650,T,sgRNA_580;sgRNA_582,2,CAGCACCACCAGCCCCACTG;CACCACCAGCCCCACTGAGG,sense;sense,T650V;T650A;T650T;T650I
651,S,sgRNA_582,1,CACCACCAGCCCCACTGAGG,sense,S651G
652,P,sgRNA_583,1,CCCCACTGAGGAGACAACCC,sense,P652P
653,T,sgRNA_583;sgRNA_1353;sgRNA_1354,3,CCCCACTGAGGAGACAACCC;CTCAGTGGGGCTGGTGGTGC;CTCCTCAGTGGGGCTGGTGG,sense;antisense;antisense,T653V;T653A;T653I;T653T
654,E,sgRNA_1354;sgRNA_1355;sgRNA_1356,3,CTCCTCAGTGGGGCTGGTGG;GTCTCCTCAGTGGGGCTGGT;TGTCTCCTCAGTGGGGCTGG,antisense;antisense;antisense,E654E;E654K
655,E,sgRNA_585;sgRNA_1355;sgRNA_1356;sgRNA_1357;sgRNA_1358,5,TGAGGAGACAACCCAGAAGC;GTCTCCTCAGTGGGGCTGGT;TGTCTCCTCAGTGGGGCTGG;GTTGTCTCCTCAGTGGGGCT;GGTTGTCTCCTCAGTGGGGC,sense;antisense;antisense;antisense;antisense,E655K;E655E;E655G
656,T,sgRNA_585;sgRNA_586;sgRNA_587,3,TGAGGAGACAACCCAGAAGC;GAGACAACCCAGAAGCTGAC;GACAACCCAGAAGCTGACAG,sense;sense;sense,T656I;T656V;T656A;T656M;T656T
657,T,sgRNA_586;sgRNA_587,2,GAGACAACCCAGAAGCTGAC;GACAACCCAGAAGCTGACAG,sense;sense,T657V;T657I;T657T;T657A
658,Q,sgRNA_587;sgRNA_1362;sgRNA_1363,3,GACAACCCAGAAGCTGACAG;CTTCTGGGTTGTCTCCTCAG;AGCTTCTGGGTTGTCTCCTC,sense;antisense;antisense,Q658.;Q658Q
659,K,,0,,,
660,L,sgRNA_588,1,AAGCTGACAGTGTCACACAT,sense,L660L
661,T,sgRNA_588;sgRNA_589;sgRNA_590,3,AAGCTGACAGTGTCACACAT;CTGACAGTGTCACACATTGA;TGACAGTGTCACACATTGAA,sense;sense;sense,T661T;T661A;T661V;T661I;T661M
662,V,sgRNA_1364;sgRNA_1365;sgRNA_1366;sgRNA_1367,4,GACACTGTCAGCTTCTGGGT;TGTGACACTGTCAGCTTCTG;GTGTGACACTGTCAGCTTCT;TGTGTGACACTGTCAGCTTC,antisense;antisense;antisense;antisense,V662A;V662V;V662I;V662M;V662T
663,S,sgRNA_1365;sgRNA_1366;sgRNA_1367,3,TGTGACACTGTCAGCTTCTG;GTGTGACACTGTCAGCTTCT;TGTGTGACACTGTCAGCTTC,antisense;antisense;antisense,S663P
664,H,sgRNA_592,1,CACACATTGAAGGCTATGAA,sense,H664R;H664H
665,I,sgRNA_592;sgRNA_1368,2,CACACATTGAAGGCTATGAA;CTTCAATGTGTGACACTGTC,sense;antisense,I665T;I665I;I665V
666,E,sgRNA_1368,1,CTTCAATGTGTGACACTGTC,antisense,E666K
667,G,,0,,,
668,Y,sgRNA_1370,1,CATTCATAGCCTTCAATGTG,antisense,Y668Y;Y668H
669,E,sgRNA_594;sgRNA_1370,2,TGAATGTCAGCCCATCTTTC;CATTCATAGCCTTCAATGTG,sense;antisense,E669E;E669K
670,C,sgRNA_1372,1,CTGACATTCATAGCCTTCAA,antisense,C670H;C670R;C670Y;C670C
671,Q,sgRNA_594;sgRNA_595,2,TGAATGTCAGCCCATCTTTC;TGTCAGCCCATCTTTCTGAA,sense;sense,Q671R;Q671W;Q671.
672,P,sgRNA_595,1,TGTCAGCCCATCTTTCTGAA,sense,P672F;P672L;P672S
673,I,sgRNA_597;sgRNA_1373,2,CCCATCTTTCTGAATGTCCT;AAAGATGGGCTGACATTCAT,sense;antisense,I673T;I673V;I673I
674,F,,0,,,
675,L,,0,,,
676,N,sgRNA_599;sgRNA_1375,2,CTGAATGTCCTGGAAGCCAT;CCAGGACATTCAGAAAGATG,sense;antisense,N676G;N676D;N676S;N676N
677,V,sgRNA_1375;sgRNA_1377,2,CCAGGACATTCAGAAAGATG;TTCCAGGACATTCAGAAAGA,antisense;antisense,V677I;V677T;V677A
678,L,sgRNA_601;sgRNA_1377;sgRNA_1378,3,GTCCTGGAAGCCATTGAGCC;TTCCAGGACATTCAGAAAGA;GGCTTCCAGGACATTCAGAA,sense;antisense;antisense,L678L;L678P
679,E,sgRNA_601;sgRNA_602;sgRNA_603;sgRNA_1378,4,GTCCTGGAAGCCATTGAGCC;TCCTGGAAGCCATTGAGCCA;CTGGAAGCCATTGAGCCAGG;GGCTTCCAGGACATTCAGAA,sense;sense;sense;antisense,E679K;E679E;E679G
680,A,sgRNA_603;sgRNA_604;sgRNA_605,3,CTGGAAGCCATTGAGCCAGG;GAAGCCATTGAGCCAGGTGT;AGCCATTGAGCCAGGTGTAG,sense;sense;sense,A680V;A680A
681,I,sgRNA_604;sgRNA_605,2,GAAGCCATTGAGCCAGGTGT;AGCCATTGAGCCAGGTGTAG,sense;sense,I681V
682,E,sgRNA_606;sgRNA_1380;sgRNA_1381,3,CCATTGAGCCAGGTGTAGTG;ACCTGGCTCAATGGCTTCCA;CACCTGGCTCAATGGCTTCC,sense;antisense;antisense,E682G;E682E
683,P,sgRNA_608;sgRNA_609,2,GAGCCAGGTGTAGTGTGTGC;AGCCAGGTGTAGTGTGTGCT,sense;sense,P683L;P683P;P683S
684,G,sgRNA_1381,1,CACCTGGCTCAATGGCTTCC,antisense,G684S
685,V,sgRNA_1383,1,ACACACTACACCTGGCTCAA,antisense,V685A
686,V,sgRNA_1383,1,ACACACTACACCTGGCTCAA,antisense,V686T;V686V;V686I;V686M;V686A
687,C,sgRNA_1384,1,GTCCAGCACACACTACACCT,antisense,C687C
688,A,sgRNA_1384,1,GTCCAGCACACACTACACCT,antisense,A688T;A688A
689,G,sgRNA_611;sgRNA_1384,2,TGCTGGACACGACAACAACC;GTCCAGCACACACTACACCT,sense;antisense,G689R;G689G
690,H,sgRNA_611,1,TGCTGGACACGACAACAACC,sense,H690Y
691,D,,0,,,
692,N,,0,,,
693,N,sgRNA_613,1,AACAACCAGCCCGACTCCTT,sense,N693G;N693N;N693D;N693S
694,Q,sgRNA_613;sgRNA_614;sgRNA_1387,3,AACAACCAGCCCGACTCCTT;AACCAGCCCGACTCCTTTGC;AGTCGGGCTGGTTGTTGTCG,sense;sense;antisense,Q694Q;Q694.;Q694R;Q694W
695,P,sgRNA_614,1,AACCAGCCCGACTCCTTTGC,sense,P695F;P695L;P695S
696,D,sgRNA_1387;sgRNA_1388,2,AGTCGGGCTGGTTGTTGTCG;GGAGTCGGGCTGGTTGTTGT,antisense;antisense,D696N
697,S,sgRNA_1389,1,AAAGGAGTCGGGCTGGTTGT,antisense,S697P
698,F,sgRNA_1390;sgRNA_1391,2,TGCAAAGGAGTCGGGCTGGT;GGCTGCAAAGGAGTCGGGCT,antisense;antisense,F698F;F698L;F698P;F698S
699,A,sgRNA_1391,1,GGCTGCAAAGGAGTCGGGCT,antisense,A699T
700,A,sgRNA_1393;sgRNA_1394,2,GCAAGGCTGCAAAGGAGTCG;AGCAAGGCTGCAAAGGAGTC,antisense;antisense,A700T
701,L,sgRNA_1393;sgRNA_1394;sgRNA_1395,3,GCAAGGCTGCAAAGGAGTCG;AGCAAGGCTGCAAAGGAGTC;GAGCAAGGCTGCAAAGGAGT,antisense;antisense;antisense,L701L;L701P;L701S
702,L,sgRNA_618;sgRNA_1397;sgRNA_1398,3,GCTCTCTAGCCTCAATGAAC;CTAGAGAGCAAGGCTGCAAA;GCTAGAGAGCAAGGCTGCAA,sense;antisense;antisense,L702P;L702L
703,S,sgRNA_618;sgRNA_619;sgRNA_620;sgRNA_1397;sgRNA_1398,5,GCTCTCTAGCCTCAATGAAC;CTCTCTAGCCTCAATGAACT;TCTCTAGCCTCAATGAACTG;CTAGAGAGCAAGGCTGCAAA;GCTAGAGAGCAAGGCTGCAA,sense;sense;sense;antisense;antisense,S703S;S703F;S703P
704,S,sgRNA_618;sgRNA_619;sgRNA_620;sgRNA_621;sgRNA_622,5,GCTCTCTAGCCTCAATGAAC;CTCTCTAGCCTCAATGAACT;TCTCTAGCCTCAATGAACTG;TCTAGCCTCAATGAACTGGG;TAGCCTCAATGAACTGGGAG,sense;sense;sense;sense;sense,S704G;S704S
705,L,sgRNA_621;sgRNA_622;sgRNA_623;sgRNA_1400;sgRNA_1401,5,TCTAGCCTCAATGAACTGGG;TAGCCTCAATGAACTGGGAG;GCCTCAATGAACTGGGAGAG;TCATTGAGGCTAGAGAGCAA;TTCATTGAGGCTAGAGAGCA,sense;sense;sense;antisense;antisense,L705P;L705L;L705F
706,N,sgRNA_622;sgRNA_623;sgRNA_1401;sgRNA_1402,4,TAGCCTCAATGAACTGGGAG;GCCTCAATGAACTGGGAGAG;TTCATTGAGGCTAGAGAGCA;CCAGTTCATTGAGGCTAGAG,sense;sense;antisense;antisense,N706S;N706D;N706G;N706N
707,E,sgRNA_1402,1,CCAGTTCATTGAGGCTAGAG,antisense,E707K
708,L,sgRNA_625;sgRNA_1403;sgRNA_1404,3,GAACTGGGAGAGAGACAGCT;TCCCAGTTCATTGAGGCTAG;TCTCCCAGTTCATTGAGGCT,sense;antisense;antisense,L708P;L708L
709,G,sgRNA_1404;sgRNA_1405,2,TCTCCCAGTTCATTGAGGCT;TCTCTCTCCCAGTTCATTGA,antisense;antisense,G709R;G709K;G709E
710,E,sgRNA_626;sgRNA_1405;sgRNA_1407,3,GGAGAGAGACAGCTTGTACA;TCTCTCTCCCAGTTCATTGA;CTGTCTCTCTCCCAGTTCAT,sense;antisense;antisense,E710E;E710K;E710G
711,R,sgRNA_626;sgRNA_627;sgRNA_628,3,GGAGAGAGACAGCTTGTACA;AGAGAGACAGCTTGTACACG;GAGAGACAGCTTGTACACGT,sense;sense;sense,R711G;R711R
712,Q,sgRNA_627;sgRNA_628;sgRNA_1408,3,AGAGAGACAGCTTGTACACG;GAGAGACAGCTTGTACACGT;GTACAAGCTGTCTCTCTCCC,sense;sense;antisense,Q712Q;Q712R;Q712W;Q712.
713,L,sgRNA_629;sgRNA_1408,2,ACAGCTTGTACACGTGGTCA;GTACAAGCTGTCTCTCTCCC,sense;antisense,L713L;L713P;L713F
714,V,sgRNA_630;sgRNA_632;sgRNA_1408,3,AGCTTGTACACGTGGTCAAG;CTTGTACACGTGGTCAAGTG;GTACAAGCTGTCTCTCTCCC,sense;sense;antisense,V714I;V714V
715,H,sgRNA_632;sgRNA_633,2,CTTGTACACGTGGTCAAGTG;ACACGTGGTCAAGTGGGCCA,sense;sense,H715H;H715Y;H715C;H715R
716,V,,0,,,
717,V,sgRNA_635,1,GGTCAAGTGGGCCAAGGCCT,sense,V717V
718,K,sgRNA_635;sgRNA_1410,2,GGTCAAGTGGGCCAAGGCCT;CCCACTTGACCACGTGTACA,sense;antisense,K718K;K718E;K718G;K718R
719,W,sgRNA_1410;sgRNA_1411,2,CCCACTTGACCACGTGTACA;CCTTGGCCCACTTGACCACG,antisense;antisense,W719.;W719R
720,A,sgRNA_636;sgRNA_638;sgRNA_1411,3,AAGTGGGCCAAGGCCTTGCC;GGCCAAGGCCTTGCCTGgta;CCTTGGCCCACTTGACCACG,sense;sense;antisense,A720V;A720T;A720A
721,K,sgRNA_638;sgRNA_639;sgRNA_1412,3,GGCCAAGGCCTTGCCTGgta;GCCAAGGCCTTGCCTGgtaa;GGCCTTGGCCCACTTGACCA,sense;sense;antisense,K721R;K721K;K721E;K721G
722,A,sgRNA_639;sgRNA_640,2,GCCAAGGCCTTGCCTGgtaa;GGCCTTGCCTGgtaaggaaa,sense;sense,A722A;A722V
723,L,,0,,,
724,P,sgRNA_640;sgRNA_641;sgRNA_642;sgRNA_643,4,GGCCTTGCCTGgtaaggaaa;GCCTTGCCTGgtaaggaaaa;CCTTGCCTGgtaaggaaaag;TGCCTGgtaaggaaaaggga,sense;sense;sense;sense,P724S;P724F;P724L
725,G,,0,,,
726,F,sgRNA_1417;sgRNA_1418;sgRNA_1419,3,CGGAAGCctggagaagaaga;GCGGAAGCctggagaagaag;TTGCGGAAGCctggagaaga,antisense;antisense;antisense,F726P;F726S;F726L
727,R,sgRNA_648;sgRNA_1419;sgRNA_1420,3,TTCCGCAACTTACACGTGGA;TTGCGGAAGCctggagaaga;AAGTTGCGGAAGCctggaga,sense;antisense;antisense,R727H;R727R;R727C
728,N,sgRNA_648,1,TTCCGCAACTTACACGTGGA,sense,N728D;N728S;N728G
729,L,sgRNA_650,1,CTTACACGTGGACGACCAGA,sense,L729L
730,H,sgRNA_650;sgRNA_651,2,CTTACACGTGGACGACCAGA;TTACACGTGGACGACCAGAT,sense;sense,H730H;H730R;H730Y;H730C
731,V,sgRNA_1424;sgRNA_1425,2,GTCCACGTGTAAGTTGCGGA;GTCGTCCACGTGTAAGTTGC,antisense;antisense,V731T;V731A;V731M;V731I;V731V
732,D,sgRNA_652;sgRNA_1425,2,CACGTGGACGACCAGATGGC;GTCGTCCACGTGTAAGTTGC,sense;antisense,D732N;D732G
733,D,sgRNA_653;sgRNA_1427,2,CGACCAGATGGCTGTCATTC;CTGGTCGTCCACGTGTAAGT,sense;antisense,D733D;D733N
734,Q,sgRNA_653;sgRNA_1428;sgRNA_1429,3,CGACCAGATGGCTGTCATTC;CATCTGGTCGTCCACGTGTA;CAGCCATCTGGTCGTCCACG,sense;antisense;antisense,Q734.;Q734R;Q734Q;Q734W
735,M,sgRNA_653;sgRNA_1429;sgRNA_1430,3,CGACCAGATGGCTGTCATTC;CAGCCATCTGGTCGTCCACG;GACAGCCATCTGGTCGTCCA,sense;antisense;antisense,M735T;M735I;M735V
736,A,sgRNA_654;sgRNA_1429;sgRNA_1430,3,TGGCTGTCATTCAGTACTCC;CAGCCATCTGGTCGTCCACG;GACAGCCATCTGGTCGTCCA,sense;antisense;antisense,A736T;A736A;A736V
737,V,sgRNA_654;sgRNA_655;sgRNA_656;sgRNA_1431,4,TGGCTGTCATTCAGTACTCC;GGCTGTCATTCAGTACTCCT;TGTCATTCAGTACTCCTGGA;CTGAATGACAGCCATCTGGT,sense;sense;sense;antisense,V737A;V737V
738,I,sgRNA_655;sgRNA_656;sgRNA_1431;sgRNA_1432;sgRNA_1433,5,GGCTGTCATTCAGTACTCCT;TGTCATTCAGTACTCCTGGA;CTGAATGACAGCCATCTGGT;GTACTGAATGACAGCCATCT;AGTACTGAATGACAGCCATC,sense;sense;antisense;antisense;antisense,I738T;I738I;I738V
739,Q,sgRNA_656;sgRNA_658;sgRNA_659;sgRNA_1432;sgRNA_1433,5,TGTCATTCAGTACTCCTGGA;TCATTCAGTACTCCTGGATG;CATTCAGTACTCCTGGATGG;GTACTGAATGACAGCCATCT;AGTACTGAATGACAGCCATC,sense;sense;sense;antisense;antisense,Q739W;Q739Q;Q739R;Q739.
740,Y,sgRNA_1433,1,AGTACTGAATGACAGCCATC,antisense,Y740H
741,S,sgRNA_661;sgRNA_662,2,TACTCCTGGATGGGGCTCAT;CTCCTGGATGGGGCTCATGG,sense;sense,S741S;S741F
742,W,sgRNA_1435,1,CCCCATCCAGGAGTACTGAA,antisense,W742.
743,M,sgRNA_662;sgRNA_1435,2,CTCCTGGATGGGGCTCATGG;CCCCATCCAGGAGTACTGAA,sense;antisense,M743T;M743V;M743I
744,G,,0,,,
745,L,sgRNA_664;sgRNA_665;sgRNA_666;sgRNA_1437,4,GGGGCTCATGGTGTTTGCCA;GGGCTCATGGTGTTTGCCAT;GGCTCATGGTGTTTGCCATG;CACCATGAGCCCCATCCAGG,sense;sense;sense;antisense,L745L;L745P;L745F
746,M,sgRNA_664;sgRNA_665;sgRNA_666;sgRNA_1437;sgRNA_1439,5,GGGGCTCATGGTGTTTGCCA;GGGCTCATGGTGTTTGCCAT;GGCTCATGGTGTTTGCCATG;CACCATGAGCCCCATCCAGG;AAACACCATGAGCCCCATCC,sense;sense;sense;antisense;antisense,M746I;M746V;M746T
747,V,sgRNA_1439,1,AAACACCATGAGCCCCATCC,antisense,V747M;V747V;V747A;V747I;V747T
748,F,,0,,,
749,A,,0,,,
750,M,,0,,,
751,G,,0,,,
752,W,,0,,,
753,R,sgRNA_670,1,GGCTGGCGATCCTTCACCAA,sense,R753.
754,S,sgRNA_1442,1,GTGAAGGATCGCCAGCCCAT,antisense,S754P
755,F,sgRNA_671;sgRNA_672;sgRNA_1442;sgRNA_1443,4,CCTTCACCAATGTCAACTCC;CTTCACCAATGTCAACTCCA;GTGAAGGATCGCCAGCCCAT;GGTGAAGGATCGCCAGCCCA,sense;sense;antisense;antisense,F755L;F755P;F755F;F755S
756,T,sgRNA_671;sgRNA_672;sgRNA_673,3,CCTTCACCAATGTCAACTCC;CTTCACCAATGTCAACTCCA;CACCAATGTCAACTCCAGGA,sense;sense;sense,T756A;T756T;T756V;T756I
757,N,sgRNA_672;sgRNA_673;sgRNA_1444;sgRNA_1445,4,CTTCACCAATGTCAACTCCA;CACCAATGTCAACTCCAGGA;GACATTGGTGAAGGATCGCC;AGTTGACATTGGTGAAGGAT,sense;sense;antisense;antisense,N757G;N757S;N757N;N757D
758,V,sgRNA_1445,1,AGTTGACATTGGTGAAGGAT,antisense,V758A;V758T;V758I
759,N,,0,,,
760,S,sgRNA_674;sgRNA_1446;sgRNA_1447,3,AACTCCAGGATGCTCTACTT;CTGGAGTTGACATTGGTGAA;CCTGGAGTTGACATTGGTGA,sense;antisense;antisense,S760S;S760P;S760F
761,R,sgRNA_674;sgRNA_1448;sgRNA_1449;sgRNA_1450,4,AACTCCAGGATGCTCTACTT;CATCCTGGAGTTGACATTGG;AGCATCCTGGAGTTGACATT;GAGCATCCTGGAGTTGACAT,sense;antisense;antisense;antisense,R761R;R761K;R761G
762,M,sgRNA_1449;sgRNA_1450,2,AGCATCCTGGAGTTGACATT;GAGCATCCTGGAGTTGACAT,antisense;antisense,M762T;M762I
763,L,sgRNA_676;sgRNA_1451,2,GCTCTACTTCGCCCCTGATC;GAAGTAGAGCATCCTGGAGT,sense;antisense,L763P;L763L
764,Y,sgRNA_676;sgRNA_677;sgRNA_1451,3,GCTCTACTTCGCCCCTGATC;CTCTACTTCGCCCCTGATCT;GAAGTAGAGCATCCTGGAGT,sense;sense;antisense,Y764Y;Y764C;Y764H
765,F,sgRNA_1452;sgRNA_1454,2,GGCGAAGTAGAGCATCCTGG;AGGGGCGAAGTAGAGCATCC,antisense;antisense,F765S;F765P;F765L
766,A,sgRNA_1454,1,AGGGGCGAAGTAGAGCATCC,antisense,A766T
767,P,sgRNA_1455,1,CCAGATCAGGGGCGAAGTAG,antisense,P767P
768,D,sgRNA_1455;sgRNA_1456,2,CCAGATCAGGGGCGAAGTAG;AACCAGATCAGGGGCGAAGT,antisense;antisense,D768D;D768N
769,L,sgRNA_1456;sgRNA_1457,2,AACCAGATCAGGGGCGAAGT;GAAAACCAGATCAGGGGCGA,antisense;antisense,L769L;L769P
770,V,sgRNA_1457;sgRNA_1458,2,GAAAACCAGATCAGGGGCGA;ATTGAAAACCAGATCAGGGG,antisense;antisense,V770T;V770I;V770A;V770V
771,F,sgRNA_678;sgRNA_1458;sgRNA_1459;sgRNA_1460,4,TTTCAATGAgtaagtgctcc;ATTGAAAACCAGATCAGGGG;TCATTGAAAACCAGATCAGG;cTCATTGAAAACCAGATCAG,sense;antisense;antisense;antisense,F771S;F771P;F771L;F771F
772,N,sgRNA_678;sgRNA_679;sgRNA_680;sgRNA_1460;sgRNA_1461;sgRNA_1462,6,TTTCAATGAgtaagtgctcc;TTCAATGAgtaagtgctcct;TCAATGAgtaagtgctcctg;cTCATTGAAAACCAGATCAG;acTCATTGAAAACCAGATCA;tacTCATTGAAAACCAGATC,sense;sense;sense;antisense;antisense;antisense,N772N;N772S;N772G;N772D
773,E,,0,,,
774,Y,sgRNA_686,1,GTACCGCATGCACAAGTCCC,sense,Y774Y
775,R,sgRNA_686;sgRNA_687;sgRNA_1466;sgRNA_1467,4,GTACCGCATGCACAAGTCCC;CCGCATGCACAAGTCCCGGA;GCATGCGGTACctgggaagg;GTGCATGCGGTACctgggaa,sense;sense;antisense;antisense,R775H;R775C;R775R
776,M,sgRNA_686;sgRNA_687;sgRNA_1467;sgRNA_1469,4,GTACCGCATGCACAAGTCCC;CCGCATGCACAAGTCCCGGA;GTGCATGCGGTACctgggaa;ACTTGTGCATGCGGTACctg,sense;sense;antisense;antisense,M776I;M776V;M776T
777,H,sgRNA_687,1,CCGCATGCACAAGTCCCGGA,sense,H777Y
778,K,,0,,,
779,S,,0,,,
780,R,sgRNA_691;sgRNA_1472;sgRNA_1473,3,TCCCGGATGTACAGCCAGTG;CATCCGGGACTTGTGCATGC;ACATCCGGGACTTGTGCATG,sense;antisense;antisense,R780Q;R780R;R780W
781,M,sgRNA_691,1,TCCCGGATGTACAGCCAGTG,sense,M781V
782,Y,sgRNA_693,1,GTACAGCCAGTGTGTCCGAA,sense,Y782Y
783,S,sgRNA_693;sgRNA_694;sgRNA_695,3,GTACAGCCAGTGTGTCCGAA;ACAGCCAGTGTGTCCGAATG;CAGCCAGTGTGTCCGAATGA,sense;sense;sense,S783G;S783S
784,Q,sgRNA_693;sgRNA_694;sgRNA_695;sgRNA_1477;sgRNA_1479,5,GTACAGCCAGTGTGTCCGAA;ACAGCCAGTGTGTCCGAATG;CAGCCAGTGTGTCCGAATGA;ACACACTGGCTGTACATCCG;GGACACACTGGCTGTACATC,sense;sense;sense;antisense;antisense,Q784.;Q784Q;Q784W;Q784R
785,C,sgRNA_1477;sgRNA_1479,2,ACACACTGGCTGTACATCCG;GGACACACTGGCTGTACATC,antisense;antisense,C785H;C785C;C785R;C785Y
786,V,sgRNA_1479,1,GGACACACTGGCTGTACATC,antisense,V786I
787,R,sgRNA_1480,1,CCTCATTCGGACACACTGGC,antisense,R787Q
788,M,sgRNA_696;sgRNA_1480;sgRNA_1481;sgRNA_1482,4,CGAATGAGGCACCTCTCTCA;CCTCATTCGGACACACTGGC;GTGCCTCATTCGGACACACT;GGTGCCTCATTCGGACACAC,sense;antisense;antisense;antisense,M788T;M788V;M788I
789,R,sgRNA_696;sgRNA_1481;sgRNA_1482,3,CGAATGAGGCACCTCTCTCA;GTGCCTCATTCGGACACACT;GGTGCCTCATTCGGACACAC,sense;antisense;antisense,R789G;R789R;R789K
790,H,sgRNA_698;sgRNA_699,2,AGGCACCTCTCTCAAGAGTT;GGCACCTCTCTCAAGAGTTT,sense;sense,H790R;H790Y;H790H;H790C
791,L,sgRNA_698;sgRNA_699;sgRNA_700;sgRNA_1483,4,AGGCACCTCTCTCAAGAGTT;GGCACCTCTCTCAAGAGTTT;ACCTCTCTCAAGAGTTTGGA;TTGAGAGAGGTGCCTCATTC,sense;sense;sense;antisense,L791F;L791L;L791P
792,S,sgRNA_700;sgRNA_1483,2,ACCTCTCTCAAGAGTTTGGA;TTGAGAGAGGTGCCTCATTC,sense;antisense,S792S;S792F;S792P
793,Q,,0,,,
794,E,,0,,,
795,F,sgRNA_1486;sgRNA_1487,2,CCATCCAAACTCTTGAGAGA;GCCATCCAAACTCTTGAGAG,antisense;antisense,F795S;F795F
796,G,sgRNA_1486;sgRNA_1487;sgRNA_1488,3,CCATCCAAACTCTTGAGAGA;GCCATCCAAACTCTTGAGAG;GAGCCATCCAAACTCTTGAG,antisense;antisense;antisense,G796K;G796R;G796E
797,W,sgRNA_1487;sgRNA_1488;sgRNA_1489;sgRNA_1490,4,GCCATCCAAACTCTTGAGAG;GAGCCATCCAAACTCTTGAG;TGGAGCCATCCAAACTCTTG;TTTGGAGCCATCCAAACTCT,antisense;antisense;antisense;antisense,W797R;W797.;W797Q
798,L,sgRNA_702;sgRNA_703;sgRNA_1489;sgRNA_1490,4,ATGGCTCCAAATCACCCCCC;TGGCTCCAAATCACCCCCCA;TGGAGCCATCCAAACTCTTG;TTTGGAGCCATCCAAACTCT,sense;sense;antisense;antisense,L798F;L798L;L798P
799,Q,sgRNA_702;sgRNA_703,2,ATGGCTCCAAATCACCCCCC;TGGCTCCAAATCACCCCCCA,sense;sense,Q799.;Q799R
800,I,,0,,,
801,T,sgRNA_705,1,TCACCCCCCAGGAATTCCTG,sense,T801T;T801I
802,P,sgRNA_705;sgRNA_706,2,TCACCCCCCAGGAATTCCTG;CCCCCAGGAATTCCTGTGCA,sense;sense,P802L;P802P;P802F;P802S
803,Q,sgRNA_706;sgRNA_1491;sgRNA_1492,3,CCCCCAGGAATTCCTGTGCA;ATTCCTGGGGGGTGATTTGG;GAATTCCTGGGGGGTGATTT,sense;antisense;antisense,Q803.;Q803R;Q803Q;Q803W
804,E,sgRNA_1491;sgRNA_1492,2,ATTCCTGGGGGGTGATTTGG;GAATTCCTGGGGGGTGATTT,antisense;antisense,E804K
805,F,sgRNA_708;sgRNA_1494,2,ATTCCTGTGCATGAAAGCAC;GCACAGGAATTCCTGGGGGG,sense;antisense,F805F;F805S
806,L,sgRNA_708;sgRNA_1494;sgRNA_1495;sgRNA_1496;sgRNA_1497,5,ATTCCTGTGCATGAAAGCAC;GCACAGGAATTCCTGGGGGG;ATGCACAGGAATTCCTGGGG;CATGCACAGGAATTCCTGGG;TCATGCACAGGAATTCCTGG,sense;antisense;antisense;antisense;antisense,L806P;L806L
807,C,sgRNA_1495;sgRNA_1496;sgRNA_1497;sgRNA_1499,4,ATGCACAGGAATTCCTGGGG;CATGCACAGGAATTCCTGGG;TCATGCACAGGAATTCCTGG;TTTCATGCACAGGAATTCCT,antisense;antisense;antisense;antisense,C807Y;C807R;C807H
808,M,sgRNA_1499;sgRNA_1500,2,TTTCATGCACAGGAATTCCT;CTTTCATGCACAGGAATTCC,antisense;antisense,M808T;M808I
809,K,,0,,,
810,A,,0,,,
811,L,sgRNA_1501;sgRNA_1502,2,TAGCAGTGCTTTCATGCACA;GTAGCAGTGCTTTCATGCAC,antisense;antisense,L811P;L811L
812,L,sgRNA_710,1,CACTGCTACTCTTCAGCATT,sense,L812L
813,L,sgRNA_712,1,TACTCTTCAGCATTAgtaag,sense,L813L
814,F,sgRNA_712,1,TACTCTTCAGCATTAgtaag,sense,F814F
815,S,sgRNA_713;sgRNA_1504,2,TTCAGCATTAgtaagtgcct;cTAATGCTGAAGAGTAGCAG,sense;antisense,S815N;S815G;S815S
816,I,sgRNA_713;sgRNA_714;sgRNA_1504;sgRNA_1506,4,TTCAGCATTAgtaagtgcct;AGCATTAgtaagtgcctaga;cTAATGCTGAAGAGTAGCAG;acttacTAATGCTGAAGAGT,sense;sense;antisense;antisense,I816V;I816I;I816T
817,I,,0,,,
818,P,,0,,,
819,V,sgRNA_1512;sgRNA_1514;sgRNA_1515,3,CCACTGGAActgatgtggga;CCATCCACTGGAActgatgt;CCCATCCACTGGAActgatg,antisense;antisense;antisense,V819A;V819M;V819I;V819T;V819V
820,D,sgRNA_1514;sgRNA_1515;sgRNA_1516,3,CCATCCACTGGAActgatgt;CCCATCCACTGGAActgatg;AGCCCATCCACTGGAActga,antisense;antisense;antisense,D820N;D820D
821,G,sgRNA_1516;sgRNA_1517,2,AGCCCATCCACTGGAActga;TTCAGCCCATCCACTGGAAc,antisense;antisense,G821E;G821K;G821R;G821G
822,L,sgRNA_1517,1,TTCAGCCCATCCACTGGAAc,antisense,L822P
823,K,sgRNA_723,1,CTGAAAAATCAAAAATTCTT,sense,K823K;K823R;K823G;K823E
824,N,sgRNA_723;sgRNA_724,2,CTGAAAAATCAAAAATTCTT;AAAAATCAAAAATTCTTTGA,sense;sense,N824G;N824S;N824D
825,Q,sgRNA_724,1,AAAAATCAAAAATTCTTTGA,sense,Q825.;Q825R
826,K,sgRNA_725,1,AAAAATTCTTTGATGAACTT,sense,K826K;K826R
827,F,sgRNA_725;sgRNA_726,2,AAAAATTCTTTGATGAACTT;ATTCTTTGATGAACTTCGAA,sense;sense,F827F
828,F,,0,,,
829,D,,0,,,
830,E,,0,,,
831,L,,0,,,
832,R,sgRNA_727;sgRNA_728;sgRNA_1518,3,ACTTCGAATGAACTACATCA;CTTCGAATGAACTACATCAA;GTTCATTCGAAGTTCATCAA,sense;sense;antisense,R832Q;R832.;R832R;R832W
833,M,sgRNA_727;sgRNA_728;sgRNA_1518,3,ACTTCGAATGAACTACATCA;CTTCGAATGAACTACATCAA;GTTCATTCGAAGTTCATCAA,sense;sense;antisense,M833T;M833I;M833V
834,N,sgRNA_729,1,ATGAACTACATCAAGGAACT,sense,N834N;N834G;N834S;N834D
835,Y,sgRNA_729;sgRNA_730,2,ATGAACTACATCAAGGAACT;ACTACATCAAGGAACTCGAT,sense;sense,Y835Y;Y835C
836,I,sgRNA_730;sgRNA_1519,2,ACTACATCAAGGAACTCGAT;CCTTGATGTAGTTCATTCGA,sense;antisense,I836I;I836V;I836T
837,K,sgRNA_1520,1,GTTCCTTGATGTAGTTCATT,antisense,K837K
838,E,sgRNA_731;sgRNA_1520,2,AAGGAACTCGATCGTATCAT;GTTCCTTGATGTAGTTCATT,sense;antisense,E838G;E838E;E838K
839,L,sgRNA_731;sgRNA_732;sgRNA_1521,3,AAGGAACTCGATCGTATCAT;AACTCGATCGTATCATTGCA;ACGATCGAGTTCCTTGATGT,sense;sense;antisense,L839P;L839F;L839L
840,D,sgRNA_732;sgRNA_1521;sgRNA_1522,3,AACTCGATCGTATCATTGCA;ACGATCGAGTTCCTTGATGT;GATACGATCGAGTTCCTTGA,sense;antisense;antisense,D840D;D840G;D840N
841,R,sgRNA_1522;sgRNA_1523,2,GATACGATCGAGTTCCTTGA;AATGATACGATCGAGTTCCT,antisense;antisense,R841H;R841R
842,I,sgRNA_1523,1,AATGATACGATCGAGTTCCT,antisense,I842T
843,I,sgRNA_1524,1,TGCATGCAATGATACGATCG,antisense,I843I
844,A,sgRNA_1524,1,TGCATGCAATGATACGATCG,antisense,A844T
845,C,sgRNA_1524,1,TGCATGCAATGATACGATCG,antisense,C845R
846,K,,0,,,
847,R,sgRNA_734,1,AAAGAAAAAATCCCACATCC,sense,R847R
848,K,sgRNA_734,1,AAAGAAAAAATCCCACATCC,sense,K848R;K848G;K848E;K848K
849,N,sgRNA_735,1,AAAATCCCACATCCTGCTCA,sense,N849S
850,P,sgRNA_735;sgRNA_736,2,AAAATCCCACATCCTGCTCA;ATCCCACATCCTGCTCAAGA,sense;sense,P850S;P850L;P850P;P850F
851,T,sgRNA_736,1,ATCCCACATCCTGCTCAAGA,sense,T851I;T851T;T851V;T851A;T851M
852,S,,0,,,
853,C,sgRNA_737,1,CTGCTCAAGACGCTTCTACC,sense,C853C
854,S,sgRNA_737,1,CTGCTCAAGACGCTTCTACC,sense,S854S;S854L
855,R,sgRNA_737;sgRNA_1526;sgRNA_1527;sgRNA_1528,4,CTGCTCAAGACGCTTCTACC;AGCGTCTTGAGCAGGATGTG;AAGCGTCTTGAGCAGGATGT;GAAGCGTCTTGAGCAGGATG,sense;antisense;antisense;antisense,R855G;R855K
856,R,sgRNA_738;sgRNA_1527;sgRNA_1528;sgRNA_1529,4,ACGCTTCTACCAGCTCACCA;AAGCGTCTTGAGCAGGATGT;GAAGCGTCTTGAGCAGGATG;TAGAAGCGTCTTGAGCAGGA,sense;antisense;antisense;antisense,R856R;R856H
857,F,sgRNA_738;sgRNA_1529;sgRNA_1530;sgRNA_1531,4,ACGCTTCTACCAGCTCACCA;TAGAAGCGTCTTGAGCAGGA;TGGTAGAAGCGTCTTGAGCA;CTGGTAGAAGCGTCTTGAGC,sense;antisense;antisense;antisense,F857F;F857L;F857S;F857P
858,Y,sgRNA_739;sgRNA_1530;sgRNA_1531,3,CTACCAGCTCACCAAGCTCC;TGGTAGAAGCGTCTTGAGCA;CTGGTAGAAGCGTCTTGAGC,sense;antisense;antisense,Y858Y;Y858H
859,Q,sgRNA_739;sgRNA_740;sgRNA_1532;sgRNA_1533,4,CTACCAGCTCACCAAGCTCC;TACCAGCTCACCAAGCTCCT;GAGCTGGTAGAAGCGTCTTG;GTGAGCTGGTAGAAGCGTCT,sense;sense;antisense;antisense,Q859Q;Q859.;Q859W;Q859R
860,L,sgRNA_739;sgRNA_740;sgRNA_1533,3,CTACCAGCTCACCAAGCTCC;TACCAGCTCACCAAGCTCCT;GTGAGCTGGTAGAAGCGTCT,sense;sense;antisense,L860P;L860F
861,T,sgRNA_741,1,CTCACCAAGCTCCTGGACTC,sense,T861V;T861A;T861I;T861T
862,K,sgRNA_741;sgRNA_1535;sgRNA_1536,3,CTCACCAAGCTCCTGGACTC;GAGCTTGGTGAGCTGGTAGA;CAGGAGCTTGGTGAGCTGGT,sense;antisense;antisense,K862K;K862G;K862R;K862E
863,L,sgRNA_743;sgRNA_1536;sgRNA_1537,3,CAAGCTCCTGGACTCCGTGC;CAGGAGCTTGGTGAGCTGGT;GTCCAGGAGCTTGGTGAGCT,sense;antisense;antisense,L863L;L863F;L863P
864,L,sgRNA_743;sgRNA_744;sgRNA_1537;sgRNA_1538,4,CAAGCTCCTGGACTCCGTGC;CTCCTGGACTCCGTGCAGCC;GTCCAGGAGCTTGGTGAGCT;AGTCCAGGAGCTTGGTGAGC,sense;sense;antisense;antisense,L864L;L864P
865,D,sgRNA_744;sgRNA_1538,2,CTCCTGGACTCCGTGCAGCC;AGTCCAGGAGCTTGGTGAGC,sense;antisense,D865N;D865G
866,S,sgRNA_1540;sgRNA_1541,2,CACGGAGTCCAGGAGCTTGG;TGCACGGAGTCCAGGAGCTT,antisense;antisense,S866P
867,V,sgRNA_1541;sgRNA_1542;sgRNA_1543,3,TGCACGGAGTCCAGGAGCTT;CTGCACGGAGTCCAGGAGCT;cAGGCTGCACGGAGTCCAGG,antisense;antisense;antisense,V867V;V867A;V867T;V867M;V867I
868,Q,sgRNA_1543;sgRNA_1545,2,cAGGCTGCACGGAGTCCAGG;ttacAGGCTGCACGGAGTCC,antisense;antisense,Q868Q
869,P,sgRNA_748;sgRNA_749;sgRNA_1545,3,GCAGCCTgtaagcaaacgat;AGCCTgtaagcaaacgatgg;ttacAGGCTGCACGGAGTCC,sense;sense;antisense,P869L;P869S;P869P;P869F
870,I,sgRNA_1551,1,GCAATctgtagggaacaata,antisense,I870T
871,A,sgRNA_1553,1,CAGCTCTCTCGCAATctgta,antisense,A871A
872,R,sgRNA_1552;sgRNA_1553,2,AGCTCTCTCGCAATctgtag;CAGCTCTCTCGCAATctgta,antisense;antisense,R872K
873,E,sgRNA_1552;sgRNA_1553;sgRNA_1554,3,AGCTCTCTCGCAATctgtag;CAGCTCTCTCGCAATctgta;GCAGCTCTCTCGCAATctgt,antisense;antisense;antisense,E873K;E873E
874,L,sgRNA_757,1,GAGCTGCATCAGTTCACTTT,sense,L874L
875,H,sgRNA_757,1,GAGCTGCATCAGTTCACTTT,sense,H875R;H875C;H875Y
876,Q,sgRNA_1556,1,GTGAACTGATGCAGCTCTCT,antisense,Q876Q
877,F,sgRNA_1556,1,GTGAACTGATGCAGCTCTCT,antisense,F877S;F877L;F877P
878,T,sgRNA_1557,1,GGTCAAAAGTGAACTGATGC,antisense,T878T
879,F,sgRNA_1557;sgRNA_1558,2,GGTCAAAAGTGAACTGATGC;GCAGGTCAAAAGTGAACTGA,antisense;antisense,F879S;F879P;F879L;F879F
880,D,sgRNA_1557;sgRNA_1558,2,GGTCAAAAGTGAACTGATGC;GCAGGTCAAAAGTGAACTGA,antisense;antisense,D880N
881,L,sgRNA_1559,1,TTAGCAGGTCAAAAGTGAAC,antisense,L881L;L881P
882,L,sgRNA_758;sgRNA_759;sgRNA_1560,3,CCTGCTAATCAAGTCACACA;CTGCTAATCAAGTCACACAT;CTTGATTAGCAGGTCAAAAG,sense;sense;antisense,L882L;L882P
883,I,sgRNA_758;sgRNA_759;sgRNA_761;sgRNA_1560;sgRNA_1561,5,CCTGCTAATCAAGTCACACA;CTGCTAATCAAGTCACACAT;TAATCAAGTCACACATGGTG;CTTGATTAGCAGGTCAAAAG;GACTTGATTAGCAGGTCAAA,sense;sense;sense;antisense;antisense,I883I;I883V;I883T
884,K,sgRNA_761;sgRNA_762,2,TAATCAAGTCACACATGGTG;ATCAAGTCACACATGGTGAG,sense;sense,K884E;K884R;K884G
885,S,sgRNA_762;sgRNA_763;sgRNA_764,3,ATCAAGTCACACATGGTGAG;CAAGTCACACATGGTGAGCG;AAGTCACACATGGTGAGCGT,sense;sense;sense,S885L;S885S
886,H,sgRNA_763;sgRNA_764,2,CAAGTCACACATGGTGAGCG;AAGTCACACATGGTGAGCGT,sense;sense,H886Y;H886C;H886R
887,M,sgRNA_1564,1,TCACCATGTGTGACTTGATT,antisense,M887I;M887T
888,V,sgRNA_1564;sgRNA_1565,2,TCACCATGTGTGACTTGATT;CACGCTCACCATGTGTGACT,antisense;antisense,V888A;V888M;V888V
889,S,sgRNA_766;sgRNA_767;sgRNA_1565,3,ATGGTGAGCGTGGACTTTCC;GAGCGTGGACTTTCCGGAAA;CACGCTCACCATGTGTGACT,sense;sense;antisense,S889G;S889S;S889N
890,V,sgRNA_1566,1,AAGTCCACGCTCACCATGTG,antisense,V890I;V890A;V890T;V890M;V890V
891,D,sgRNA_768;sgRNA_769;sgRNA_1566,3,CGTGGACTTTCCGGAAATGA;GTGGACTTTCCGGAAATGAT;AAGTCCACGCTCACCATGTG,sense;sense;antisense,D891G;D891N;D891D
892,F,sgRNA_1568,1,CGGAAAGTCCACGCTCACCA,antisense,F892F;F892P;F892L;F892S
893,P,sgRNA_770;sgRNA_771,2,GACTTTCCGGAAATGATGGC;CTTTCCGGAAATGATGGCAG,sense;sense,P893L;P893S
894,E,,0,,,
895,M,sgRNA_1569,1,CATCATTTCCGGAAAGTCCA,antisense,M895T;M895I
896,M,sgRNA_772;sgRNA_1570,2,ATGATGGCAGAGATCATCTC;CTCTGCCATCATTTCCGGAA,sense;antisense,M896T;M896I;M896V
897,A,sgRNA_772;sgRNA_773;sgRNA_1570,3,ATGATGGCAGAGATCATCTC;GATGGCAGAGATCATCTCTG;CTCTGCCATCATTTCCGGAA,sense;sense;antisense,A897T;A897A;A897V
898,E,sgRNA_774;sgRNA_1571;sgRNA_1572,3,GCAGAGATCATCTCTGTGCA;TGATCTCTGCCATCATTTCC;ATGATCTCTGCCATCATTTC,sense;antisense;antisense,E898G;E898K;E898E
899,I,sgRNA_774;sgRNA_775;sgRNA_1572,3,GCAGAGATCATCTCTGTGCA;AGAGATCATCTCTGTGCAAG;ATGATCTCTGCCATCATTTC,sense;sense;antisense,I899I;I899V;I899T
900,I,sgRNA_775;sgRNA_776,2,AGAGATCATCTCTGTGCAAG;CATCTCTGTGCAAGTGCCCA,sense;sense,I900V;I900I
901,S,sgRNA_776,1,CATCTCTGTGCAAGTGCCCA,sense,S901F
902,V,sgRNA_1573,1,ACTTGCACAGAGATGATCTC,antisense,V902M;V902V;V902T;V902I;V902A
903,Q,,0,,,
904,V,sgRNA_1574,1,CTTGGGCACTTGCACAGAGA,antisense,V904V;V904A
905,P,sgRNA_777;sgRNA_778,2,CAAGTGCCCAAGATCCTTTC;AAGTGCCCAAGATCCTTTCT,sense;sense,P905S;P905P;P905F;P905L
906,K,sgRNA_780;sgRNA_1575;sgRNA_1576,3,CCCAAGATCCTTTCTGGGAA;GATCTTGGGCACTTGCACAG;AGGATCTTGGGCACTTGCAC,sense;antisense;antisense,K906K;K906E;K906R;K906G
907,I,sgRNA_780;sgRNA_781;sgRNA_1576,3,CCCAAGATCCTTTCTGGGAA;GATCCTTTCTGGGAAAGTCA;AGGATCTTGGGCACTTGCAC,sense;sense;antisense,I907T;I907I;I907V
908,L,sgRNA_781,1,GATCCTTTCTGGGAAAGTCA,sense,L908F
909,S,sgRNA_1578,1,CTTTCCCAGAAAGGATCTTG,antisense,S909S
910,G,sgRNA_1578;sgRNA_1579;sgRNA_1580,3,CTTTCCCAGAAAGGATCTTG;ACTTTCCCAGAAAGGATCTT;GACTTTCCCAGAAAGGATCT,antisense;antisense;antisense,G910R;G910G;G910E;G910K
911,K,,0,,,
912,V,sgRNA_1581,1,GGGCTTGACTTTCCCAGAAA,antisense,V912A
913,K,sgRNA_1581;sgRNA_1582,2,GGGCTTGACTTTCCCAGAAA;TGGGCTTGACTTTCCCAGAA,antisense;antisense,K913K
914,P,sgRNA_782,1,GCCCATCTATTTCCACACCC,sense,P914P
915,I,sgRNA_782;sgRNA_783;sgRNA_1583,3,GCCCATCTATTTCCACACCC;CCATCTATTTCCACACCCAG;TAGATGGGCTTGACTTTCCC,sense;sense;antisense,I915T;I915I;I915V
916,Y,sgRNA_783,1,CCATCTATTTCCACACCCAG,sense,Y916C
917,F,sgRNA_1584,1,GGTGTGGAAATAGATGGGCT,antisense,F917S
918,H,sgRNA_785;sgRNA_786,2,TTCCACACCCAGTGAagcat;TCCACACCCAGTGAagcatt,sense;sense,H918C;H918Y;H918R;H918H
919,T,sgRNA_785;sgRNA_786,2,TTCCACACCCAGTGAagcat;TCCACACCCAGTGAagcatt,sense;sense,T919T;T919A;T919V;T919I
920,Q,sgRNA_1588,1,gctTCACTGGGTGTGGAAAT,antisense,Q920Q
921,.,sgRNA_1588,1,gctTCACTGGGTGTGGAAAT,antisense,.921R;.921Q;.921.
