position,amino_acid,guide_IDs,guide_counts,sgRNA_seqs,sgRNA_strands,AtoG_mutations
1,M,sgRNA_5;sgRNA_7,2,tcaaggATGGAAGTGCAGTT;aaggATGGAAGTGCAGTTAG,sense;sense,M1V
2,E,sgRNA_8;sgRNA_9;sgRNA_10,3,gATGGAAGTGCAGTTAGGGC;ATGGAAGTGCAGTTAGGGCT;TGGAAGTGCAGTTAGGGCTG,sense;sense;sense,E2E;E2G
3,V,sgRNA_789,1,TGCACTTCCATccttgagct,antisense,V3A
4,Q,sgRNA_11;sgRNA_12;sgRNA_13,3,AAGTGCAGTTAGGGCTGGGA;AGTGCAGTTAGGGCTGGGAA;GTGCAGTTAGGGCTGGGAAG,sense;sense;sense,Q4R
5,L,sgRNA_791,1,CCTAACTGCACTTCCATcct,antisense,L5P;L5L;L5S
6,G,,0,,,
7,L,,0,,,
8,G,sgRNA_14;sgRNA_15,2,GGCTGGGAAGGGTCTACCCT;GCTGGGAAGGGTCTACCCTC,sense;sense,G8G
9,R,sgRNA_15,1,GCTGGGAAGGGTCTACCCTC,sense,R9G
10,V,,0,,,
11,Y,,0,,,
12,P,,0,,,
13,R,,0,,,
14,P,,0,,,
15,P,,0,,,
16,S,sgRNA_794,1,CTTGGACGGCGGCCGAGGGT,antisense,S16P
17,K,,0,,,
18,T,,0,,,
19,Y,sgRNA_23;sgRNA_798;sgRNA_799,3,GACCTACCGAGGAGCTTTCC;GGTAGGTCTTGGACGGCGGC;CTCGGTAGGTCTTGGACGGC,sense;antisense;antisense,Y19C;Y19H
20,R,sgRNA_24,1,CCGAGGAGCTTTCCAGAATC,sense,R20R
21,G,sgRNA_24,1,CCGAGGAGCTTTCCAGAATC,sense,G21G
22,A,sgRNA_804,1,GAAAGCTCCTCGGTAGGTCT,antisense,A22A
23,F,sgRNA_805;sgRNA_806,2,TTCTGGAAAGCTCCTCGGTA;ATTCTGGAAAGCTCCTCGGT,antisense;antisense,F23L;F23S;F23P
24,Q,sgRNA_26,1,CTTTCCAGAATCTGTTCCAG,sense,Q24R
25,N,sgRNA_28;sgRNA_807;sgRNA_808,3,CCAGAATCTGTTCCAGAGCG;CAGATTCTGGAAAGCTCCTC;ACAGATTCTGGAAAGCTCCT,sense;antisense;antisense,N25N;N25G;N25S;N25D
26,L,,0,,,
27,F,,0,,,
28,Q,sgRNA_31,1,CTGTTCCAGAGCGTGCGCGA,sense,Q28R
29,S,,0,,,
30,V,,0,,,
31,R,,0,,,
32,E,sgRNA_34;sgRNA_35;sgRNA_36,3,GCGCGAAGTGATCCAGAACC;CGCGAAGTGATCCAGAACCC;GCGAAGTGATCCAGAACCCG,sense;sense;sense,E32E;E32G
33,V,sgRNA_813,1,GATCACTTCGCGCACGCTCT,antisense,V33A
34,I,sgRNA_815,1,GTTCTGGATCACTTCGCGCA,antisense,I34T
35,Q,sgRNA_37;sgRNA_38,2,TGATCCAGAACCCGGGCCCC;GATCCAGAACCCGGGCCCCA,sense;sense,Q35R
36,N,sgRNA_38,1,GATCCAGAACCCGGGCCCCA,sense,N36D
37,P,,0,,,
38,G,,0,,,
39,P,,0,,,
40,R,sgRNA_43,1,CCCCAGGCACCCAGAGGCCG,sense,R40G
41,H,,0,,,
42,P,sgRNA_46,1,CACCCAGAGGCCGCGAGCGC,sense,P42P
43,E,sgRNA_46,1,CACCCAGAGGCCGCGAGCGC,sense,E43G
44,A,,0,,,
45,A,,0,,,
46,S,sgRNA_47;sgRNA_48,2,GCCGCGAGCGCAGCACCTCC;CCGCGAGCGCAGCACCTCCC,sense;sense,S46G
47,A,sgRNA_50,1,GCGCAGCACCTCCCGGCGCC,sense,A47A
48,A,sgRNA_50;sgRNA_51,2,GCGCAGCACCTCCCGGCGCC;AGCACCTCCCGGCGCCAGTT,sense;sense,A48A
49,P,sgRNA_832,1,GCCGGGAGGTGCTGCGCTCG,antisense,P49P
50,P,,0,,,
51,G,,0,,,
52,A,,0,,,
53,S,sgRNA_55;sgRNA_836,2,CGCCAGTTTGCTGCTGCTGC;AGCAAACTGGCGCCGGGAGG,sense;antisense,S53S;S53G
54,L,sgRNA_836;sgRNA_838;sgRNA_841,3,AGCAAACTGGCGCCGGGAGG;AGCAGCAAACTGGCGCCGGG;CAGCAGCAGCAAACTGGCGC,antisense;antisense;antisense,L54S;L54P;L54L
55,L,sgRNA_838;sgRNA_840;sgRNA_841;sgRNA_842,4,AGCAGCAAACTGGCGCCGGG;AGCAGCAGCAAACTGGCGCC;CAGCAGCAGCAAACTGGCGC;CTGCAGCAGCAGCAAACTGG,antisense;antisense;antisense;antisense,L55P
56,L,sgRNA_840;sgRNA_842,2,AGCAGCAGCAAACTGGCGCC;CTGCAGCAGCAGCAAACTGG,antisense;antisense,L56P
57,L,sgRNA_843;sgRNA_844,2,TGCTGCAGCAGCAGCAAACT;CTGCTGCAGCAGCAGCAAAC,antisense;antisense,L57P
58,Q,,0,,,
59,Q,,0,,,
60,Q,,0,,,
61,Q,,0,,,
62,Q,,0,,,
63,Q,,0,,,
64,Q,,0,,,
65,Q,,0,,,
66,Q,,0,,,
67,Q,,0,,,
68,Q,,0,,,
69,Q,,0,,,
70,Q,,0,,,
71,Q,,0,,,
72,Q,,0,,,
73,Q,,0,,,
74,Q,,0,,,
75,Q,sgRNA_61,1,CAGCAGCAGCAGCAGCAGCA,sense,Q75R
76,Q,sgRNA_61,1,CAGCAGCAGCAGCAGCAGCA,sense,Q76R
77,Q,sgRNA_63,1,AGCAGCAGCAGCAAGAGACT,sense,Q77R
78,Q,sgRNA_63,1,AGCAGCAGCAGCAAGAGACT,sense,Q78R
79,Q,sgRNA_64,1,AGCAGCAAGAGACTAGCCCC,sense,Q79R
80,Q,sgRNA_64,1,AGCAGCAAGAGACTAGCCCC,sense,Q80Q;Q80R
81,E,,0,,,
82,T,sgRNA_850,1,GGCTAGTCTCTTGCTGCTGC,antisense,T82T
83,S,sgRNA_68,1,GACTAGCCCCAGGCAGCAGC,sense,S83G
84,P,,0,,,
85,R,sgRNA_69;sgRNA_70,2,TAGCCCCAGGCAGCAGCAGC;CCCCAGGCAGCAGCAGCAGC,sense;sense,R85G
86,Q,,0,,,
87,Q,sgRNA_74,1,CAGCAGCAGCAGCAGCAGGG,sense,Q87R
88,Q,sgRNA_74;sgRNA_76,2,CAGCAGCAGCAGCAGCAGGG;CAGCAGCAGCAGCAGGGTGA,sense;sense,Q88R
89,Q,sgRNA_76;sgRNA_77;sgRNA_78,3,CAGCAGCAGCAGCAGGGTGA;CAGCAGCAGCAGGGTGAGGA;AGCAGCAGCAGGGTGAGGAT,sense;sense;sense,Q89R
90,Q,sgRNA_77;sgRNA_78,2,CAGCAGCAGCAGGGTGAGGA;AGCAGCAGCAGGGTGAGGAT,sense;sense,Q90R
91,Q,,0,,,
92,G,sgRNA_860;sgRNA_861,2,CCTCACCCTGCTGCTGCTGC;CATCCTCACCCTGCTGCTGC,antisense;antisense,G92G
93,E,sgRNA_79,1,GGTGAGGATGGTTCTCCCCA,sense,E93G
94,D,sgRNA_79;sgRNA_862;sgRNA_863,3,GGTGAGGATGGTTCTCCCCA;AACCATCCTCACCCTGCTGC;GAGAACCATCCTCACCCTGC,sense;antisense;antisense,D94G;D94D
95,G,sgRNA_863;sgRNA_864,2,GAGAACCATCCTCACCCTGC;GGGGAGAACCATCCTCACCC,antisense;antisense,G95G
96,S,sgRNA_863;sgRNA_864,2,GAGAACCATCCTCACCCTGC;GGGGAGAACCATCCTCACCC,antisense;antisense,S96P;S96S
97,P,,0,,,
98,Q,sgRNA_82;sgRNA_83,2,TCTCCCCAAGCCCATCGTAG;CTCCCCAAGCCCATCGTAGA,sense;sense,Q98Q;Q98R
99,A,,0,,,
100,H,sgRNA_84;sgRNA_85,2,GCCCATCGTAGAGGCCCCAC;CCCATCGTAGAGGCCCCACA,sense;sense,H100R
101,R,sgRNA_865;sgRNA_866,2,CCTCTACGATGGGCTTGGGG;GGCCTCTACGATGGGCTTGG,antisense;antisense,R101R
102,R,,0,,,
103,G,,0,,,
104,P,,0,,,
105,T,sgRNA_88;sgRNA_89,2,CCCCACAGGCTACCTGGTCC;CCCACAGGCTACCTGGTCCT,sense;sense,T105T;T105A
106,G,,0,,,
107,Y,sgRNA_91,1,AGGCTACCTGGTCCTGGATG,sense,Y107C
108,L,sgRNA_874,1,CAGGACCAGGTAGCCTGTGG,antisense,L108P
109,V,sgRNA_874;sgRNA_875;sgRNA_877,3,CAGGACCAGGTAGCCTGTGG;CCAGGACCAGGTAGCCTGTG;ATCCAGGACCAGGTAGCCTG,antisense;antisense;antisense,V109A
110,L,sgRNA_877,1,ATCCAGGACCAGGTAGCCTG,antisense,L110P
111,D,sgRNA_879,1,TTCCTCATCCAGGACCAGGT,antisense,D111D
112,E,,0,,,
113,E,sgRNA_94;sgRNA_95,2,TGAGGAACAGCAACCTTCAC;GGAACAGCAACCTTCACAGC,sense;sense,E113E;E113G
114,Q,sgRNA_95,1,GGAACAGCAACCTTCACAGC,sense,Q114R
115,Q,sgRNA_96,1,ACAGCAACCTTCACAGCCGC,sense,Q115Q;Q115R
116,P,,0,,,
117,S,,0,,,
118,Q,,0,,,
119,P,,0,,,
120,Q,sgRNA_102,1,AGCCGCAGTCGGCCCTGGAG,sense,Q120R
121,S,sgRNA_885,1,CCGACTGCGGCTGTGAAGGT,antisense,S121P
122,A,,0,,,
123,L,sgRNA_888;sgRNA_889,2,TCCAGGGCCGACTGCGGCTG;ACTCCAGGGCCGACTGCGGC,antisense;antisense,L123P
124,E,sgRNA_105,1,CCCTGGAGTGCCACCCCGAG,sense,E124G
125,C,sgRNA_890;sgRNA_891;sgRNA_892,3,GGCACTCCAGGGCCGACTGC;TGGCACTCCAGGGCCGACTG;GGTGGCACTCCAGGGCCGAC,antisense;antisense;antisense,C125R
126,H,sgRNA_108;sgRNA_109,2,AGTGCCACCCCGAGAGAGGT;TGCCACCCCGAGAGAGGTTG,sense;sense,H126R
127,P,,0,,,
128,E,sgRNA_110,1,CCCGAGAGAGGTTGCGTCCC,sense,E128G
129,R,sgRNA_110,1,CCCGAGAGAGGTTGCGTCCC,sense,R129G
130,G,sgRNA_897;sgRNA_898,2,GACGCAACCTCTCTCGGGGT;GGACGCAACCTCTCTCGGGG,antisense;antisense,G130G
131,C,sgRNA_897;sgRNA_898,2,GACGCAACCTCTCTCGGGGT;GGACGCAACCTCTCTCGGGG,antisense;antisense,C131R
132,V,sgRNA_899;sgRNA_901;sgRNA_902,3,TGGGACGCAACCTCTCTCGG;TCTGGGACGCAACCTCTCTC;CTCTGGGACGCAACCTCTCT,antisense;antisense;antisense,V132A
133,P,sgRNA_116;sgRNA_117,2,GTCCCAGAGCCTGGAGCCGC;CCCAGAGCCTGGAGCCGCCG,sense;sense,P133P
134,E,sgRNA_116;sgRNA_117;sgRNA_118,3,GTCCCAGAGCCTGGAGCCGC;CCCAGAGCCTGGAGCCGCCG;CCAGAGCCTGGAGCCGCCGT,sense;sense;sense,E134G
135,P,,0,,,
136,G,sgRNA_120,1,CTGGAGCCGCCGTGGCCGCC,sense,G136G
137,A,,0,,,
138,A,,0,,,
139,V,,0,,,
140,A,,0,,,
141,A,,0,,,
142,S,sgRNA_126;sgRNA_127,2,GGCCGCCAGCAAGGGGCTGC;CGCCAGCAAGGGGCTGCCGC,sense;sense,S142G
143,K,sgRNA_127;sgRNA_128,2,CGCCAGCAAGGGGCTGCCGC;CAGCAAGGGGCTGCCGCAGC,sense;sense,K143R;K143E;K143G
144,G,,0,,,
145,L,sgRNA_913;sgRNA_914,2,TGCGGCAGCCCCTTGCTGGC;CTGCGGCAGCCCCTTGCTGG,antisense;antisense,L145P
146,P,,0,,,
147,Q,,0,,,
148,Q,,0,,,
149,L,,0,,,
150,P,sgRNA_135,1,CTGCCAGCACCTCCGGACGA,sense,P150P
151,A,sgRNA_136,1,CCAGCACCTCCGGACGAGGA,sense,A151A
152,P,sgRNA_921,1,CCGGAGGTGCTGGCAGCTGC,antisense,P152P
153,P,,0,,,
154,D,,0,,,
155,E,,0,,,
156,D,sgRNA_927,1,CTGAGTCATCCTCGTCCGGA,antisense,D156D
157,D,,0,,,
158,S,sgRNA_139;sgRNA_140;sgRNA_927;sgRNA_929;sgRNA_930,5,TGACTCAGCTGCCCCATCCA;CTCAGCTGCCCCATCCACGT;CTGAGTCATCCTCGTCCGGA;CAGCTGAGTCATCCTCGTCC;GCAGCTGAGTCATCCTCGTC,sense;sense;antisense;antisense;antisense,S158P;S158S
159,A,sgRNA_931,1,TGGGGCAGCTGAGTCATCCT,antisense,A159A
160,A,,0,,,
161,P,sgRNA_141;sgRNA_142,2,TGCCCCATCCACGTTGTCCC;CCCATCCACGTTGTCCCTGC,sense;sense,P161P
162,S,,0,,,
163,T,sgRNA_142,1,CCCATCCACGTTGTCCCTGC,sense,T163A
164,L,sgRNA_933;sgRNA_934,2,GACAACGTGGATGGGGCAGC;AGGGACAACGTGGATGGGGC,antisense;antisense,L164P;L164L;L164S
165,S,sgRNA_934,1,AGGGACAACGTGGATGGGGC,antisense,S165P
166,L,sgRNA_937;sgRNA_938,2,CCAGCAGGGACAACGTGGAT;CCCAGCAGGGACAACGTGGA,antisense;antisense,L166P
167,L,sgRNA_938;sgRNA_939;sgRNA_940,3,CCCAGCAGGGACAACGTGGA;GGGCCCAGCAGGGACAACGT;GGGGCCCAGCAGGGACAACG,antisense;antisense;antisense,L167P
168,G,,0,,,
169,P,,0,,,
170,T,sgRNA_147;sgRNA_944,2,GCCCCACTTTCCCCGGCTTA;CGGGGAAAGTGGGGCCCAGC,sense;antisense,T170T;T170A
171,F,sgRNA_944,1,CGGGGAAAGTGGGGCCCAGC,antisense,F171L;F171P;F171S
172,P,,0,,,
173,G,,0,,,
174,L,sgRNA_947;sgRNA_948,2,TGCTTAAGCCGGGGAAAGTG;CTGCTTAAGCCGGGGAAAGT,antisense;antisense,L174S;L174L;L174P
175,S,,0,,,
176,S,,0,,,
177,C,sgRNA_951;sgRNA_952,2,GGAGCAGCTGCTTAAGCCGG;CGGAGCAGCTGCTTAAGCCG,antisense;antisense,C177R
178,S,sgRNA_952;sgRNA_954,2,CGGAGCAGCTGCTTAAGCCG;AGCGGAGCAGCTGCTTAAGC,antisense;antisense,S178P
179,A,sgRNA_955,1,GTCAGCGGAGCAGCTGCTTA,antisense,A179A
180,D,sgRNA_153,1,CGCTGACCTTAAAGACATCC,sense,D180G
181,L,sgRNA_956;sgRNA_957,2,TTTAAGGTCAGCGGAGCAGC;GTCTTTAAGGTCAGCGGAGC,antisense;antisense,L181L;L181P
182,K,sgRNA_156;sgRNA_157,2,CCTTAAAGACATCCTGAGCG;CTTAAAGACATCCTGAGCGA,sense;sense,K182G;K182R;K182E;K182K
183,D,sgRNA_157;sgRNA_158,2,CTTAAAGACATCCTGAGCGA;AAGACATCCTGAGCGAGGCC,sense;sense,D183G
184,I,sgRNA_158;sgRNA_959,2,AAGACATCCTGAGCGAGGCC;AGGATGTCTTTAAGGTCAGC,sense;antisense,I184T;I184V
185,L,sgRNA_962,1,CTCGCTCAGGATGTCTTTAA,antisense,L185P
186,S,sgRNA_159,1,CCTGAGCGAGGCCAGCACCA,sense,S186G
187,E,,0,,,
188,A,,0,,,
189,S,,0,,,
190,T,sgRNA_160,1,CAGCACCATGCAACTCCTTC,sense,T190A
191,M,sgRNA_160;sgRNA_967,2,CAGCACCATGCAACTCCTTC;GAGTTGCATGGTGCTGGCCT,sense;antisense,M191V;M191T
192,Q,sgRNA_161;sgRNA_162,2,CATGCAACTCCTTCAGCAAC;GCAACTCCTTCAGCAACAGC,sense;sense,Q192R;Q192Q
193,L,sgRNA_968;sgRNA_969,2,TGAAGGAGTTGCATGGTGCT;CTGAAGGAGTTGCATGGTGC,antisense;antisense,L193P
194,L,sgRNA_968;sgRNA_969;sgRNA_970,3,TGAAGGAGTTGCATGGTGCT;CTGAAGGAGTTGCATGGTGC;TTGCTGAAGGAGTTGCATGG,antisense;antisense;antisense,L194L;L194P
195,Q,sgRNA_164;sgRNA_165,2,CTCCTTCAGCAACAGCAGCA;CTTCAGCAACAGCAGCAGGA,sense;sense,Q195R
196,Q,sgRNA_165;sgRNA_166,2,CTTCAGCAACAGCAGCAGGA;CAGCAACAGCAGCAGGAAGC,sense;sense,Q196R;Q196Q
197,Q,sgRNA_166,1,CAGCAACAGCAGCAGGAAGC,sense,Q197R
198,Q,sgRNA_167,1,CAGCAGCAGGAAGCAGTATC,sense,Q198R
199,Q,sgRNA_167;sgRNA_168;sgRNA_169,3,CAGCAGCAGGAAGCAGTATC;CAGCAGGAAGCAGTATCCGA;AGCAGGAAGCAGTATCCGAA,sense;sense;sense,Q199R
200,E,sgRNA_168;sgRNA_169;sgRNA_170,3,CAGCAGGAAGCAGTATCCGA;AGCAGGAAGCAGTATCCGAA;AGGAAGCAGTATCCGAAGGC,sense;sense;sense,E200G;E200E
201,A,sgRNA_170;sgRNA_171,2,AGGAAGCAGTATCCGAAGGC;AAGCAGTATCCGAAGGCAGC,sense;sense,A201A
202,V,sgRNA_171;sgRNA_172;sgRNA_979,3,AAGCAGTATCCGAAGGCAGC;CAGTATCCGAAGGCAGCAGC;CGGATACTGCTTCCTGCTGC,sense;sense;antisense,V202A;V202V
203,S,sgRNA_979;sgRNA_980,2,CGGATACTGCTTCCTGCTGC;CTTCGGATACTGCTTCCTGC,antisense;antisense,S203P
204,E,sgRNA_174;sgRNA_175;sgRNA_176,3,TATCCGAAGGCAGCAGCAGC;ATCCGAAGGCAGCAGCAGCG;CCGAAGGCAGCAGCAGCGGG,sense;sense;sense,E204E;E204G
205,G,,0,,,
206,S,sgRNA_178,1,AGGCAGCAGCAGCGGGAGAG,sense,S206G
207,S,sgRNA_178;sgRNA_179;sgRNA_180;sgRNA_181,4,AGGCAGCAGCAGCGGGAGAG;GCAGCAGCAGCGGGAGAGCG;CAGCAGCAGCGGGAGAGCGA;AGCAGCAGCGGGAGAGCGAG,sense;sense;sense;sense,S207G
208,S,sgRNA_180;sgRNA_181;sgRNA_182;sgRNA_183,4,CAGCAGCAGCGGGAGAGCGA;AGCAGCAGCGGGAGAGCGAG;CAGCAGCGGGAGAGCGAGGG;AGCAGCGGGAGAGCGAGGGA,sense;sense;sense;sense,S208G
209,G,,0,,,
210,R,sgRNA_184;sgRNA_185;sgRNA_187,3,CGGGAGAGCGAGGGAGGCCT;GGGAGAGCGAGGGAGGCCTC;GAGAGCGAGGGAGGCCTCGG,sense;sense;sense,R210R;R210G
211,A,,0,,,
212,R,sgRNA_187;sgRNA_188,2,GAGAGCGAGGGAGGCCTCGG;AGAGCGAGGGAGGCCTCGGG,sense;sense,R212G
213,E,,0,,,
214,A,,0,,,
215,S,,0,,,
216,G,,0,,,
217,A,,0,,,
218,P,,0,,,
219,T,sgRNA_990;sgRNA_991,2,GAGGAAGTGGGAGCCCCCGA;GGAGGAAGTGGGAGCCCCCG,antisense;antisense,T219T
220,S,sgRNA_990;sgRNA_991,2,GAGGAAGTGGGAGCCCCCGA;GGAGGAAGTGGGAGCCCCCG,antisense;antisense,S220P
221,S,,0,,,
222,K,sgRNA_192;sgRNA_193,2,CCTCCAAGGACAATTACTTA;CTCCAAGGACAATTACTTAG,sense;sense,K222G;K222E;K222R
223,D,,0,,,
224,N,sgRNA_996,1,GTAATTGTCCTTGGAGGAAG,antisense,N224N
225,Y,sgRNA_196,1,CAATTACTTAGGGGGCACTT,sense,Y225C
226,L,sgRNA_1000;sgRNA_1001,2,CCCCCTAAGTAATTGTCCTT;GCCCCCTAAGTAATTGTCCT,antisense;antisense,L226L;L226S;L226P
227,G,,0,,,
228,G,,0,,,
229,T,sgRNA_197;sgRNA_1002,2,GGGGGCACTTCGACCATTTC;CGAAGTGCCCCCTAAGTAAT,sense;antisense,T229T;T229A
230,S,,0,,,
231,T,sgRNA_198,1,ACTTCGACCATTTCTGACAA,sense,T231A
232,I,sgRNA_199,1,GACCATTTCTGACAACGCCA,sense,I232V
233,S,sgRNA_1004,1,GTTGTCAGAAATGGTCGAAG,antisense,S233S
234,D,sgRNA_202;sgRNA_203,2,TTCTGACAACGCCAAGGAGT;CTGACAACGCCAAGGAGTTG,sense;sense,D234G
235,N,sgRNA_202;sgRNA_203,2,TTCTGACAACGCCAAGGAGT;CTGACAACGCCAAGGAGTTG,sense;sense,N235S;N235D;N235G
236,A,,0,,,
237,K,sgRNA_204;sgRNA_205;sgRNA_206,3,CAACGCCAAGGAGTTGTGTA;AACGCCAAGGAGTTGTGTAA;GCCAAGGAGTTGTGTAAGGC,sense;sense;sense,K237G;K237E;K237R
238,E,sgRNA_206;sgRNA_207,2,GCCAAGGAGTTGTGTAAGGC;CAAGGAGTTGTGTAAGGCAG,sense;sense,E238G
239,L,sgRNA_1009;sgRNA_1010,2,CACAACTCCTTGGCGTTGTC;CTTACACAACTCCTTGGCGT,antisense;antisense,L239S;L239L;L239P
240,C,sgRNA_1010;sgRNA_1011,2,CTTACACAACTCCTTGGCGT;TGCCTTACACAACTCCTTGG,antisense;antisense,C240C;C240R
241,K,sgRNA_210,1,GTTGTGTAAGGCAGTGTCGG,sense,K241E
242,A,sgRNA_211;sgRNA_212;sgRNA_213,3,TAAGGCAGTGTCGGTGTCCA;AAGGCAGTGTCGGTGTCCAT;AGGCAGTGTCGGTGTCCATG,sense;sense;sense,A242A
243,V,,0,,,
244,S,,0,,,
245,V,,0,,,
246,S,,0,,,
247,M,sgRNA_218;sgRNA_220;sgRNA_221,3,GGTGTCCATGGGCCTGGGTG;GTCCATGGGCCTGGGTGTGG;TCCATGGGCCTGGGTGTGGA,sense;sense;sense,M247V
248,G,,0,,,
249,L,,0,,,
250,G,,0,,,
251,V,sgRNA_1016;sgRNA_1017,2,GCCTCCACACCCAGGCCCAT;CGCCTCCACACCCAGGCCCA,antisense;antisense,V251A
252,E,sgRNA_226;sgRNA_227,2,TGTGGAGGCGTTGGAGCATC;TGGAGGCGTTGGAGCATCTG,sense;sense,E252G
253,A,,0,,,
254,L,sgRNA_1018;sgRNA_1019,2,CTCCAACGCCTCCACACCCA;GCTCCAACGCCTCCACACCC,antisense;antisense,L254S;L254L;L254P
255,E,sgRNA_228;sgRNA_229;sgRNA_230,3,GCGTTGGAGCATCTGAGTCC;CGTTGGAGCATCTGAGTCCA;GTTGGAGCATCTGAGTCCAG,sense;sense;sense,E255G
256,H,,0,,,
257,L,,0,,,
258,S,sgRNA_232,1,GCATCTGAGTCCAGGGGAAC,sense,S258G
259,P,sgRNA_233;sgRNA_235;sgRNA_236;sgRNA_237,4,TGAGTCCAGGGGAACAGCTT;AGTCCAGGGGAACAGCTTCG;GTCCAGGGGAACAGCTTCGG;TCCAGGGGAACAGCTTCGGG,sense;sense;sense;sense,P259P
260,G,,0,,,
261,E,sgRNA_238;sgRNA_239,2,CCAGGGGAACAGCTTCGGGG;GGGAACAGCTTCGGGGGGAT,sense;sense,E261E;E261G
262,Q,sgRNA_239,1,GGGAACAGCTTCGGGGGGAT,sense,Q262R
263,L,sgRNA_1023,1,CCCCCCGAAGCTGTTCCCCT,antisense,L263L
264,R,,0,,,
265,G,,0,,,
266,D,sgRNA_1025,1,ACATGCAATCCCCCCGAAGC,antisense,D266D
267,C,sgRNA_1025,1,ACATGCAATCCCCCCGAAGC,antisense,C267R
268,M,sgRNA_242;sgRNA_1026,2,TTGCATGTACGCCCCACTTT;CGTACATGCAATCCCCCCGA,sense;antisense,M268T;M268V
269,Y,sgRNA_1026;sgRNA_1027,2,CGTACATGCAATCCCCCCGA;GGGCGTACATGCAATCCCCC,antisense;antisense,Y269H
270,A,,0,,,
271,P,,0,,,
272,L,sgRNA_1028,1,TCCCAAAAGTGGGGCGTACA,antisense,L272P;L272L
273,L,sgRNA_1028,1,TCCCAAAAGTGGGGCGTACA,antisense,L273P;L273S;L273L
274,G,sgRNA_244,1,TGGGAGTTCCACCCGCTGTG,sense,G274G
275,V,sgRNA_1029;sgRNA_1030;sgRNA_1031;sgRNA_1032,4,TGGAACTCCCAAAAGTGGGG;GGTGGAACTCCCAAAAGTGG;GGGTGGAACTCCCAAAAGTG;CGGGTGGAACTCCCAAAAGT,antisense;antisense;antisense;antisense,V275A;V275V
276,P,,0,,,
277,P,,0,,,
278,A,,0,,,
279,V,,0,,,
280,R,sgRNA_1035,1,GAGTGGGACGCACAGCGGGT,antisense,R280R
281,P,,0,,,
282,T,sgRNA_248;sgRNA_1037;sgRNA_1039,3,CCCACTCCTTGTGCCCCATT;AAGGAGTGGGACGCACAGCG;ACAAGGAGTGGGACGCACAG,sense;antisense;antisense,T282T;T282A
283,P,sgRNA_1039;sgRNA_1040,2,ACAAGGAGTGGGACGCACAG;GCACAAGGAGTGGGACGCAC,antisense;antisense,P283P
284,C,sgRNA_1040,1,GCACAAGGAGTGGGACGCAC,antisense,C284R
285,A,,0,,,
286,P,sgRNA_251;sgRNA_252,2,GCCCCATTGGCCGAATGCAA;CCCCATTGGCCGAATGCAAA,sense;sense,P286P
287,L,sgRNA_1042;sgRNA_1044;sgRNA_1045,3,CCAATGGGGCACAAGGAGTG;GGCCAATGGGGCACAAGGAG;TCGGCCAATGGGGCACAAGG,antisense;antisense;antisense,L287P;L287S;L287L
288,A,,0,,,
289,E,sgRNA_253,1,GGCCGAATGCAAAGGTTCTC,sense,E289G;E289E
290,C,sgRNA_1048,1,CCTTTGCATTCGGCCAATGG,antisense,C290R
291,K,sgRNA_255,1,TGCAAAGGTTCTCTGCTAGA,sense,K291E;K291R;K291K;K291G
292,G,,0,,,
293,S,sgRNA_1053,1,TAGCAGAGAACCTTTGCATT,antisense,S293S
294,L,sgRNA_1053,1,TAGCAGAGAACCTTTGCATT,antisense,L294P
295,L,sgRNA_259,1,CTCTGCTAGACGACAGCGCA,sense,L295L
296,D,sgRNA_261,1,TAGACGACAGCGCAGGCAAG,sense,D296G
297,D,sgRNA_261,1,TAGACGACAGCGCAGGCAAG,sense,D297G
298,S,sgRNA_262,1,GACAGCGCAGGCAAGAGCAC,sense,S298G
299,A,sgRNA_263,1,AGCGCAGGCAAGAGCACTGA,sense,A299A
300,G,,0,,,
301,K,,0,,,
302,S,sgRNA_265,1,AAGAGCACTGAAGATACTGC,sense,S302G
303,T,sgRNA_265;sgRNA_266;sgRNA_1059;sgRNA_1060,4,AAGAGCACTGAAGATACTGC;GAGCACTGAAGATACTGCTG;TTCAGTGCTCTTGCCTGCGC;ATCTTCAGTGCTCTTGCCTG,sense;sense;antisense;antisense,T303A;T303T
304,E,,0,,,
305,D,sgRNA_1062,1,AGCAGTATCTTCAGTGCTCT,antisense,D305D
306,T,sgRNA_1062,1,AGCAGTATCTTCAGTGCTCT,antisense,T306T
307,A,sgRNA_1063,1,ATACTCAGCAGTATCTTCAG,antisense,A307A
308,E,sgRNA_267;sgRNA_269,2,TGCTGAGTATTCCCCTTTCA;CTGAGTATTCCCCTTTCAAG,sense;sense,E308G
309,Y,sgRNA_269;sgRNA_271;sgRNA_1064,3,CTGAGTATTCCCCTTTCAAG;AGTATTCCCCTTTCAAGGGA;GAATACTCAGCAGTATCTTC,sense;sense;antisense,Y309C;Y309H
310,S,,0,,,
311,P,,0,,,
312,F,,0,,,
313,K,sgRNA_273,1,TCAAGGGAGGTTACACCAAA,sense,K313R
314,G,sgRNA_273;sgRNA_274,2,TCAAGGGAGGTTACACCAAA;CAAGGGAGGTTACACCAAAG,sense;sense,G314G
315,G,sgRNA_1067;sgRNA_1068;sgRNA_1069,3,GTGTAACCTCCCTTGAAAGG;GGTGTAACCTCCCTTGAAAG;TGGTGTAACCTCCCTTGAAA,antisense;antisense;antisense,G315G
316,Y,sgRNA_275;sgRNA_276;sgRNA_277;sgRNA_1067;sgRNA_1068;sgRNA_1069,6,GGAGGTTACACCAAAGGGCT;GGTTACACCAAAGGGCTAGA;GTTACACCAAAGGGCTAGAA;GTGTAACCTCCCTTGAAAGG;GGTGTAACCTCCCTTGAAAG;TGGTGTAACCTCCCTTGAAA,sense;sense;sense;antisense;antisense;antisense,Y316H;Y316C
317,T,sgRNA_276;sgRNA_277;sgRNA_278,3,GGTTACACCAAAGGGCTAGA;GTTACACCAAAGGGCTAGAA;TACACCAAAGGGCTAGAAGG,sense;sense;sense,T317A
318,K,sgRNA_278;sgRNA_279,2,TACACCAAAGGGCTAGAAGG;CACCAAAGGGCTAGAAGGCG,sense;sense,K318R;K318K;K318G;K318E
319,G,,0,,,
320,L,sgRNA_281;sgRNA_282,2,GGGCTAGAAGGCGAGAGCCT;GGCTAGAAGGCGAGAGCCTA,sense;sense,L320L
321,E,sgRNA_281;sgRNA_282;sgRNA_283,3,GGGCTAGAAGGCGAGAGCCT;GGCTAGAAGGCGAGAGCCTA;TAGAAGGCGAGAGCCTAGGC,sense;sense;sense,E321G;E321E
322,G,,0,,,
323,E,sgRNA_284;sgRNA_285,2,GGCGAGAGCCTAGGCTGCTC;GCGAGAGCCTAGGCTGCTCT,sense;sense,E323G
324,S,sgRNA_284;sgRNA_285,2,GGCGAGAGCCTAGGCTGCTC;GCGAGAGCCTAGGCTGCTCT,sense;sense,S324G
325,L,sgRNA_287;sgRNA_1075,2,AGCCTAGGCTGCTCTGGCAG;AGCCTAGGCTCTCGCCTTCT,sense;antisense,L325P;L325L
326,G,,0,,,
327,C,,0,,,
328,S,,0,,,
329,G,,0,,,
330,S,sgRNA_292,1,CTCTGGCAGCGCTGCAGCAG,sense,S330G
331,A,,0,,,
332,A,sgRNA_296,1,CGCTGCAGCAGGGAGCTCCG,sense,A332A
333,A,,0,,,
334,G,,0,,,
335,S,,0,,,
336,S,sgRNA_1083;sgRNA_1084,2,CCCGGAGCTCCCTGCTGCAG;GTCCCGGAGCTCCCTGCTGC,antisense;antisense,S336P
337,G,,0,,,
338,T,sgRNA_299,1,CTCCGGGACACTTGAACTGC,sense,T338A
339,L,sgRNA_1086,1,TCAAGTGTCCCGGAGCTCCC,antisense,L339P
340,E,sgRNA_300,1,ACTTGAACTGCCGTCTACCC,sense,E340G;E340E
341,L,sgRNA_1087;sgRNA_1088;sgRNA_1089,3,CGGCAGTTCAAGTGTCCCGG;GACGGCAGTTCAAGTGTCCC;AGACGGCAGTTCAAGTGTCC,antisense;antisense;antisense,L341P
342,P,,0,,,
343,S,sgRNA_1090;sgRNA_1091,2,AGGGTAGACGGCAGTTCAAG;ACAGGGTAGACGGCAGTTCA,antisense;antisense,S343P;S343S
344,T,,0,,,
345,L,,0,,,
346,S,sgRNA_1092,1,AGAGAGACAGGGTAGACGGC,antisense,S346S;S346P
347,L,sgRNA_1094,1,TTGTAGAGAGACAGGGTAGA,antisense,L347P
348,Y,sgRNA_305;sgRNA_1094,2,TCTCTACAAGTCCGGAGCAC;TTGTAGAGAGACAGGGTAGA,sense;antisense,Y348H;Y348C
349,K,sgRNA_305;sgRNA_307,2,TCTCTACAAGTCCGGAGCAC;TACAAGTCCGGAGCACTGGA,sense;sense,K349R;K349E;K349G
350,S,sgRNA_1097;sgRNA_1098,2,TCCGGACTTGTAGAGAGACA;CTCCGGACTTGTAGAGAGAC,antisense;antisense,S350P
351,G,sgRNA_310,1,TCCGGAGCACTGGACGAGGC,sense,G351G
352,A,sgRNA_312,1,AGCACTGGACGAGGCAGCTG,sense,A352A
353,L,sgRNA_1101;sgRNA_1102,2,GTCCAGTGCTCCGGACTTGT;CTCGTCCAGTGCTCCGGACT,antisense;antisense,L353P
354,D,,0,,,
355,E,sgRNA_314,1,ACGAGGCAGCTGCGTACCAG,sense,E355G
356,A,sgRNA_314,1,ACGAGGCAGCTGCGTACCAG,sense,A356A
357,A,sgRNA_1105,1,TACGCAGCTGCCTCGTCCAG,antisense,A357A
358,A,,0,,,
359,Y,,0,,,
360,Q,,0,,,
361,S,sgRNA_1108,1,TCGCGACTCTGGTACGCAGC,antisense,S361S
362,R,,0,,,
363,D,,0,,,
364,Y,sgRNA_318;sgRNA_1110;sgRNA_1111,3,GACTACTACAACTTTCCACT;TAGTAGTCGCGACTCTGGTA;GTTGTAGTAGTCGCGACTCT,sense;antisense;antisense,Y364C;Y364H
365,Y,sgRNA_318;sgRNA_1112,2,GACTACTACAACTTTCCACT;AGTTGTAGTAGTCGCGACTC,sense;antisense,Y365C;Y365H
366,N,sgRNA_319;sgRNA_320,2,CTACAACTTTCCACTGGCTC;TACAACTTTCCACTGGCTCT,sense;sense,N366S;N366D;N366G
367,F,sgRNA_1114,1,CAGTGGAAAGTTGTAGTAGT,antisense,F367S;F367F
368,P,sgRNA_323,1,TCCACTGGCTCTGGCCGGAC,sense,P368P
369,L,sgRNA_1115;sgRNA_1116,2,AGCCAGTGGAAAGTTGTAGT;CAGAGCCAGTGGAAAGTTGT,antisense;antisense,L369P
370,A,sgRNA_1116,1,CAGAGCCAGTGGAAAGTTGT,antisense,A370A
371,L,sgRNA_1118,1,TCCGGCCAGAGCCAGTGGAA,antisense,L371P
372,A,,0,,,
373,G,sgRNA_326,1,CGGACCGCCGCCCCCTCCGC,sense,G373G
374,P,,0,,,
375,P,,0,,,
376,P,,0,,,
377,P,sgRNA_1124;sgRNA_1125,2,GGCGGAGGGGGCGGCGGTCC;CGGCGGAGGGGGCGGCGGTC,antisense;antisense,P377P
378,P,,0,,,
379,P,,0,,,
380,P,sgRNA_1128;sgRNA_1129;sgRNA_1130,3,GGGGAGGCGGCGGAGGGGGC;TGGGGAGGCGGCGGAGGGGG;GATGGGGAGGCGGCGGAGGG,antisense;antisense;antisense,P380P
381,P,,0,,,
382,H,sgRNA_1132;sgRNA_1133;sgRNA_1135,3,GGGATGGGGAGGCGGCGGAG;GGGGATGGGGAGGCGGCGGA;CGTGGGGATGGGGAGGCGGC,antisense;antisense;antisense,H382H
383,P,,0,,,
384,H,sgRNA_331,1,CCCCACGCTCGCATCAAGCT,sense,H384R
385,A,sgRNA_1139;sgRNA_1140,2,TGCGAGCGTGGGGATGGGGA;ATGCGAGCGTGGGGATGGGG,antisense;antisense,A385A
386,R,,0,,,
387,I,sgRNA_333;sgRNA_1142;sgRNA_1143,3,TCGCATCAAGCTGGAGAACC;TTGATGCGAGCGTGGGGATG;CTTGATGCGAGCGTGGGGAT,sense;antisense;antisense,I387V;I387T
388,K,sgRNA_333;sgRNA_335,2,TCGCATCAAGCTGGAGAACC;ATCAAGCTGGAGAACCCGCT,sense;sense,K388R;K388G;K388E
389,L,sgRNA_1146;sgRNA_1147;sgRNA_1148;sgRNA_1149,4,TCCAGCTTGATGCGAGCGTG;CTCCAGCTTGATGCGAGCGT;TCTCCAGCTTGATGCGAGCG;GTTCTCCAGCTTGATGCGAG,antisense;antisense;antisense;antisense,L389P
390,E,sgRNA_336;sgRNA_337,2,CTGGAGAACCCGCTGGACTA;TGGAGAACCCGCTGGACTAC,sense;sense,E390G
391,N,sgRNA_336;sgRNA_337;sgRNA_338,3,CTGGAGAACCCGCTGGACTA;TGGAGAACCCGCTGGACTAC;AGAACCCGCTGGACTACGGC,sense;sense;sense,N391D;N391G;N391S
392,P,,0,,,
393,L,sgRNA_1153,1,GTCCAGCGGGTTCTCCAGCT,antisense,L393P
394,D,,0,,,
395,Y,sgRNA_344;sgRNA_1154,2,GACTACGGCAGCGCCTGGGC;CGTAGTCCAGCGGGTTCTCC,sense;antisense,Y395C;Y395H
396,G,,0,,,
397,S,sgRNA_345;sgRNA_346;sgRNA_347,3,TACGGCAGCGCCTGGGCGGC;CGGCAGCGCCTGGGCGGCTG;GGCAGCGCCTGGGCGGCTGC,sense;sense;sense,S397G
398,A,,0,,,
399,W,,0,,,
400,A,,0,,,
401,A,sgRNA_1160;sgRNA_1161,2,CGCAGCCGCCCAGGCGCTGC;CGCCGCAGCCGCCCAGGCGC,antisense;antisense,A401A
402,A,,0,,,
403,A,,0,,,
404,A,,0,,,
405,Q,,0,,,
406,C,sgRNA_1165,1,CGGCACTGCGCCGCCGCAGC,antisense,C406R
407,R,,0,,,
408,Y,sgRNA_361;sgRNA_1168,2,GCCGCTATGGGGACCTGGCG;TCCCCATAGCGGCACTGCGC,sense;antisense,Y408C;Y408Y;Y408H
409,G,,0,,,
410,D,sgRNA_363;sgRNA_364,2,GGGGACCTGGCGAGCCTGCA;GGGACCTGGCGAGCCTGCAT,sense;sense,D410G
411,L,sgRNA_1171,1,GCTCGCCAGGTCCCCATAGC,antisense,L411P
412,A,,0,,,
413,S,sgRNA_366;sgRNA_367;sgRNA_369,3,CCTGGCGAGCCTGCATGGCG;CTGGCGAGCCTGCATGGCGC;GCGAGCCTGCATGGCGCGGG,sense;sense;sense,S413G
414,L,,0,,,
415,H,sgRNA_371;sgRNA_372;sgRNA_1175,3,CCTGCATGGCGCGGGTGCAG;CTGCATGGCGCGGGTGCAGC;CCGCGCCATGCAGGCTCGCC,sense;sense;antisense,H415H;H415R
416,G,,0,,,
417,A,,0,,,
418,G,sgRNA_1178,1,CCGCTGCACCCGCGCCATGC,antisense,G418G
419,A,sgRNA_377;sgRNA_378,2,GTGCAGCGGGACCCGGTTCT;TGCAGCGGGACCCGGTTCTG,sense;sense,A419A
420,A,,0,,,
421,G,,0,,,
422,P,,0,,,
423,G,,0,,,
424,S,sgRNA_1182,1,GACCCAGAACCGGGTCCCGC,antisense,S424P;S424S
425,G,,0,,,
426,S,sgRNA_1183,1,GGTGACCCAGAACCGGGTCC,antisense,S426P
427,P,,0,,,
428,S,sgRNA_1184;sgRNA_1186,2,CTGAGGGTGACCCAGAACCG;GGCTGAGGGTGACCCAGAAC,antisense;antisense,S428P
429,A,,0,,,
430,A,,0,,,
431,A,sgRNA_1188;sgRNA_1189,2,GAGGAAGCGGCGGCTGAGGG;ATGAGGAAGCGGCGGCTGAG,antisense;antisense,A431A
432,S,sgRNA_1188;sgRNA_1189;sgRNA_1190,3,GAGGAAGCGGCGGCTGAGGG;ATGAGGAAGCGGCGGCTGAG;GATGAGGAAGCGGCGGCTGA,antisense;antisense;antisense,S432P
433,S,sgRNA_1189;sgRNA_1190;sgRNA_1192,3,ATGAGGAAGCGGCGGCTGAG;GATGAGGAAGCGGCGGCTGA;CAGGATGAGGAAGCGGCGGC,antisense;antisense;antisense,S433P
434,S,sgRNA_1192;sgRNA_1193,2,CAGGATGAGGAAGCGGCGGC;TGCCAGGATGAGGAAGCGGC,antisense;antisense,S434P
435,W,sgRNA_1193;sgRNA_1194;sgRNA_1195,3,TGCCAGGATGAGGAAGCGGC;GTGCCAGGATGAGGAAGCGG;GTGTGCCAGGATGAGGAAGC,antisense;antisense;antisense,W435R
436,H,,0,,,
437,T,sgRNA_386;sgRNA_1198;sgRNA_1199,3,CACACTCTCTTCACAGCCGA;AAGAGAGTGTGCCAGGATGA;GAAGAGAGTGTGCCAGGATG,sense;antisense;antisense,T437A;T437T
438,L,sgRNA_1198;sgRNA_1199,2,AAGAGAGTGTGCCAGGATGA;GAAGAGAGTGTGCCAGGATG,antisense;antisense,L438P
439,F,sgRNA_1202,1,GGCTGTGAAGAGAGTGTGCC,antisense,F439S
440,T,sgRNA_390,1,CACAGCCGAAGAAGGCCAGT,sense,T440T
441,A,,0,,,
442,E,sgRNA_392,1,CCGAAGAAGGCCAGTTGTAT,sense,E442E;E442G
443,E,sgRNA_392;sgRNA_393,2,CCGAAGAAGGCCAGTTGTAT;AGAAGGCCAGTTGTATGGAC,sense;sense,E443E;E443G
444,G,,0,,,
445,Q,sgRNA_394;sgRNA_395;sgRNA_396,3,AAGGCCAGTTGTATGGACCG;GGCCAGTTGTATGGACCGTG;GCCAGTTGTATGGACCGTGT,sense;sense;sense,Q445R
446,L,sgRNA_1210;sgRNA_1211,2,CCATACAACTGGCCTTCTTC;TCCATACAACTGGCCTTCTT,antisense;antisense,L446S;L446P;L446L
447,Y,sgRNA_397;sgRNA_399;sgRNA_400;sgRNA_1210;sgRNA_1211,5,CAGTTGTATGGACCGTGTGG;TTGTATGGACCGTGTGGTGG;TGTATGGACCGTGTGGTGGT;CCATACAACTGGCCTTCTTC;TCCATACAACTGGCCTTCTT,sense;sense;sense;antisense;antisense,Y447Y;Y447H;Y447C
448,G,sgRNA_400;sgRNA_401;sgRNA_402;sgRNA_403,4,TGTATGGACCGTGTGGTGGT;TATGGACCGTGTGGTGGTGG;ATGGACCGTGTGGTGGTGGT;TGGACCGTGTGGTGGTGGTG,sense;sense;sense;sense,G448G
449,P,,0,,,
450,C,sgRNA_1213,1,CACCACACGGTCCATACAAC,antisense,C450C;C450R
451,G,,0,,,
452,G,,0,,,
453,G,sgRNA_1214,1,CACCCCCACCACCACCACAC,antisense,G453G
454,G,,0,,,
455,G,,0,,,
456,G,,0,,,
457,G,,0,,,
458,G,,0,,,
459,G,,0,,,
460,G,,0,,,
461,G,,0,,,
462,G,,0,,,
463,G,,0,,,
464,G,,0,,,
465,G,,0,,,
466,G,,0,,,
467,G,,0,,,
468,G,,0,,,
469,G,,0,,,
470,G,,0,,,
471,G,,0,,,
472,G,,0,,,
473,G,,0,,,
474,E,sgRNA_429,1,GGCGGCGAGGCGGGAGCTGT,sense,E474G
475,A,,0,,,
476,G,sgRNA_430;sgRNA_431,2,GCGGGAGCTGTAGCCCCCTA;CGGGAGCTGTAGCCCCCTAC,sense;sense,G476G
477,A,sgRNA_1220;sgRNA_1221,2,TACAGCTCCCGCCTCGCCGC;GGCTACAGCTCCCGCCTCGC,antisense;antisense,A477A
478,V,sgRNA_1221;sgRNA_1222,2,GGCTACAGCTCCCGCCTCGC;GGGGGCTACAGCTCCCGCCT,antisense;antisense,V478A
479,A,,0,,,
480,P,,0,,,
481,Y,sgRNA_1223,1,CCGTAGGGGGCTACAGCTCC,antisense,Y481H
482,G,,0,,,
483,Y,sgRNA_434;sgRNA_435;sgRNA_1224,3,CGGCTACACTCGGCCCCCTC;GGCTACACTCGGCCCCCTCA;GTGTAGCCGTAGGGGGCTAC,sense;sense;antisense,Y483H;Y483C
484,T,sgRNA_434;sgRNA_435;sgRNA_437;sgRNA_1225;sgRNA_1226;sgRNA_1227,6,CGGCTACACTCGGCCCCCTC;GGCTACACTCGGCCCCCTCA;CTACACTCGGCCCCCTCAGG;GGCCGAGTGTAGCCGTAGGG;GGGCCGAGTGTAGCCGTAGG;GGGGCCGAGTGTAGCCGTAG,sense;sense;sense;antisense;antisense;antisense,T484T;T484A
485,R,,0,,,
486,P,,0,,,
487,P,sgRNA_1231,1,CCCCTGAGGGGGCCGAGTGT,antisense,P487P
488,Q,,0,,,
489,G,,0,,,
490,L,sgRNA_1234,1,CCGCCAGCCCCTGAGGGGGC,antisense,L490P
491,A,,0,,,
492,G,,0,,,
493,Q,,0,,,
494,E,,0,,,
495,S,sgRNA_448,1,GAAAGCGACTTCACCGCACC,sense,S495G
496,D,sgRNA_448;sgRNA_449,2,GAAAGCGACTTCACCGCACC;AGCGACTTCACCGCACCTGA,sense;sense,D496G
497,F,sgRNA_1243,1,TGCGGTGAAGTCGCTTTCCT,antisense,F497S
498,T,sgRNA_450;sgRNA_452,2,CGACTTCACCGCACCTGATG;CTTCACCGCACCTGATGTGT,sense;sense,T498A
499,A,,0,,,
500,P,,0,,,
501,D,sgRNA_456;sgRNA_1246,2,CTGATGTGTGGTACCCTGGC;CCACACATCAGGTGCGGTGA,sense;antisense,D501G;D501D
502,V,sgRNA_1246;sgRNA_1247,2,CCACACATCAGGTGCGGTGA;GTACCACACATCAGGTGCGG,antisense;antisense,V502A
503,W,sgRNA_1247,1,GTACCACACATCAGGTGCGG,antisense,W503R
504,Y,sgRNA_458;sgRNA_459;sgRNA_460,3,GTGTGGTACCCTGGCGGCAT;GTGGTACCCTGGCGGCATGG;GGTACCCTGGCGGCATGGTG,sense;sense;sense,Y504C
505,P,sgRNA_1251;sgRNA_1252,2,CGCCAGGGTACCACACATCA;CCGCCAGGGTACCACACATC,antisense;antisense,P505P
506,G,,0,,,
507,G,,0,,,
508,M,,0,,,
509,V,sgRNA_1253,1,TCTGCTCACCATGCCGCCAG,antisense,V509A
510,S,,0,,,
511,R,sgRNA_464,1,TGAGCAGAGTGCCCTATCCC,sense,R511G;R511R
512,V,sgRNA_1256;sgRNA_1257,2,GGGCACTCTGCTCACCATGC;ATAGGGCACTCTGCTCACCA,antisense;antisense,V512A
513,P,,0,,,
514,Y,sgRNA_465;sgRNA_466,2,TGCCCTATCCCAGTCCCACT;CCCTATCCCAGTCCCACTTG,sense;sense,Y514C
515,P,,0,,,
516,S,sgRNA_1258,1,GGGACTGGGATAGGGCACTC,antisense,S516S
517,P,,0,,,
518,T,sgRNA_468;sgRNA_1259;sgRNA_1260;sgRNA_1261,4,AGTCCCACTTGTGTCAAAAG;CACAAGTGGGACTGGGATAG;ACACAAGTGGGACTGGGATA;GACACAAGTGGGACTGGGAT,sense;antisense;antisense;antisense,T518A;T518T
519,C,sgRNA_1259;sgRNA_1260;sgRNA_1261,3,CACAAGTGGGACTGGGATAG;ACACAAGTGGGACTGGGATA;GACACAAGTGGGACTGGGAT,antisense;antisense;antisense,C519C;C519R
520,V,,0,,,
521,K,sgRNA_472;sgRNA_473,2,TCAAAAGCGAAATGGGCCCC;CAAAAGCGAAATGGGCCCCT,sense;sense,K521K;K521R
522,S,sgRNA_472;sgRNA_473,2,TCAAAAGCGAAATGGGCCCC;CAAAAGCGAAATGGGCCCCT,sense;sense,S522G
523,E,sgRNA_474;sgRNA_475,2,AAGCGAAATGGGCCCCTGGA;AGCGAAATGGGCCCCTGGAT,sense;sense,E523E;E523G
524,M,sgRNA_474;sgRNA_475,2,AAGCGAAATGGGCCCCTGGA;AGCGAAATGGGCCCCTGGAT,sense;sense,M524V
525,G,,0,,,
526,P,,0,,,
527,W,,0,,,
528,M,sgRNA_477,1,CCCTGGATGGATAGCTACTC,sense,M528V
529,D,,0,,,
530,S,sgRNA_479,1,GATAGCTACTCCGGACCTTA,sense,S530G
531,Y,sgRNA_479;sgRNA_480;sgRNA_481;sgRNA_482;sgRNA_1265;sgRNA_1266,6,GATAGCTACTCCGGACCTTA;ATAGCTACTCCGGACCTTAC;TAGCTACTCCGGACCTTACG;AGCTACTCCGGACCTTACGG;CGGAGTAGCTATCCATCCAG;CCGGAGTAGCTATCCATCCA,sense;sense;sense;sense;antisense;antisense,Y531H;Y531C
532,S,sgRNA_1265;sgRNA_1266;sgRNA_1267,3,CGGAGTAGCTATCCATCCAG;CCGGAGTAGCTATCCATCCA;TCCGGAGTAGCTATCCATCC,antisense;antisense;antisense,S532P
533,G,sgRNA_483;sgRNA_485,2,CTCCGGACCTTACGGGGACA;CGGACCTTACGGGGACATGC,sense;sense,G533G
534,P,,0,,,
535,Y,sgRNA_486,1,CCTTACGGGGACATGCGgta,sense,Y535C
536,G,,0,,,
537,D,,0,,,
538,M,sgRNA_1270;sgRNA_1271,2,CGCATGTCCCCGTAAGGTCC;cCGCATGTCCCCGTAAGGTC,antisense;antisense,M538T
539,R,,0,,,
540,L,,0,,,
541,E,sgRNA_492,1,TTGGAGACTGCCAGGGACCA,sense,E541G
542,T,sgRNA_492,1,TTGGAGACTGCCAGGGACCA,sense,T542A
543,A,,0,,,
544,R,sgRNA_493,1,GACTGCCAGGGACCATGTTT,sense,R544G
545,D,,0,,,
546,H,,0,,,
547,V,sgRNA_1279,1,GGCAAAACATGGTCCCTGGC,antisense,V547V;V547A
548,L,sgRNA_1279;sgRNA_1280;sgRNA_1281,3,GGCAAAACATGGTCCCTGGC;ATGGGCAAAACATGGTCCCT;AATGGGCAAAACATGGTCCC,antisense;antisense;antisense,L548S;L548P;L548L
549,P,,0,,,
550,I,sgRNA_1282;sgRNA_1283,2,ATAGTCAATGGGCAAAACAT;AATAGTCAATGGGCAAAACA,antisense;antisense,I550T;I550I
551,D,,0,,,
552,Y,sgRNA_494;sgRNA_1283,2,TGACTATTACTTTCCACCCC;AATAGTCAATGGGCAAAACA,sense;antisense,Y552C;Y552H
553,Y,sgRNA_495,1,CTATTACTTTCCACCCCAGA,sense,Y553C
554,F,sgRNA_1284;sgRNA_1285;sgRNA_1286,3,GTGGAAAGTAATAGTCAATG;GGTGGAAAGTAATAGTCAAT;GGGTGGAAAGTAATAGTCAA,antisense;antisense;antisense,F554F;F554P;F554L;F554S
555,P,sgRNA_496;sgRNA_497,2,ACTTTCCACCCCAGAAGACC;TCCACCCCAGAAGACCTGCC,sense;sense,P555P
556,P,,0,,,
557,Q,sgRNA_498,1,CCCAGAAGACCTGCCTGATC,sense,Q557R
558,K,sgRNA_498,1,CCCAGAAGACCTGCCTGATC,sense,K558R;K558G;K558E
559,T,sgRNA_501,1,AAGACCTGCCTGATCTGTGG,sense,T559A
560,C,sgRNA_1289;sgRNA_1290,2,TCAGGCAGGTCTTCTGGGGT;ATCAGGCAGGTCTTCTGGGG,antisense;antisense,C560R
561,L,sgRNA_1290;sgRNA_1291,2,ATCAGGCAGGTCTTCTGGGG;AGATCAGGCAGGTCTTCTGG,antisense;antisense,L561P
562,I,sgRNA_1294,1,CACAGATCAGGCAGGTCTTC,antisense,I562T
563,C,sgRNA_1294,1,CACAGATCAGGCAGGTCTTC,antisense,C563R
564,G,sgRNA_505;sgRNA_506,2,TCTGTGGAGATGAAGCTTCT;CTGTGGAGATGAAGCTTCTG,sense;sense,G564G
565,D,sgRNA_1296;sgRNA_1297;sgRNA_1298,3,TTCATCTCCACAGATCAGGC;AGCTTCATCTCCACAGATCA;AAGCTTCATCTCCACAGATC,antisense;antisense;antisense,D565D
566,E,,0,,,
567,A,,0,,,
568,S,,0,,,
569,G,,0,,,
570,C,,0,,,
571,H,sgRNA_511,1,GTCACTATGGAGCTCTCACA,sense,H571R
572,Y,sgRNA_511;sgRNA_512;sgRNA_513;sgRNA_1300,4,GTCACTATGGAGCTCTCACA;CACTATGGAGCTCTCACATG;ACTATGGAGCTCTCACATGT;GCTCCATAGTGACACCCAGA,sense;sense;sense;antisense,Y572C;Y572H;Y572Y
573,G,sgRNA_513,1,ACTATGGAGCTCTCACATGT,sense,G573G
574,A,,0,,,
575,L,,0,,,
576,T,sgRNA_516,1,TCTCACATGTGGAAGCTGCA,sense,T576A;T576T
577,C,sgRNA_1302,1,CACATGTGAGAGCTCCATAG,antisense,C577R
578,G,,0,,,
579,S,,0,,,
580,C,sgRNA_1305,1,CCTTGCAGCTTCCACATGTG,antisense,C580R
581,K,sgRNA_518;sgRNA_519,2,GCTGCAAGGTCTTCTTCAAA;TGCAAGGTCTTCTTCAAAAG,sense;sense,K581E;K581R;K581G
582,V,sgRNA_1307,1,AAGACCTTGCAGCTTCCACA,antisense,V582A
583,F,,0,,,
584,F,,0,,,
585,K,sgRNA_522;sgRNA_523,2,TTCTTCAAAAGAGCCGCTGA;TCTTCAAAAGAGCCGCTGAA,sense;sense,K585K;K585G;K585R;K585E
586,R,sgRNA_524;sgRNA_526,2,AAAAGAGCCGCTGAAGgtaa;AAGAGCCGCTGAAGgtaaag,sense;sense,R586G;R586R
587,A,,0,,,
588,A,,0,,,
589,E,sgRNA_527,1,CCGCTGAAGgtaaagggtct,sense,E589G;E589E
590,G,,0,,,
591,K,,0,,,
592,Q,sgRNA_534,1,AACAGAAGTACCTGTGCGCC,sense,Q592R
593,K,sgRNA_534;sgRNA_535,2,AACAGAAGTACCTGTGCGCC;AGAAGTACCTGTGCGCCAGC,sense;sense,K593R;K593G;K593E
594,Y,sgRNA_535;sgRNA_1315,2,AGAAGTACCTGTGCGCCAGC;ACAGGTACTTCTGTTTCCct,sense;antisense,Y594H;Y594C
595,L,,0,,,
596,C,,0,,,
597,A,,0,,,
598,S,,0,,,
599,R,,0,,,
600,N,sgRNA_1319,1,AATCATTTCTGCTGGCGCAC,antisense,N600N
601,D,sgRNA_1320,1,AGTGCAATCATTTCTGCTGG,antisense,D601D
602,C,sgRNA_1320,1,AGTGCAATCATTTCTGCTGG,antisense,C602R
603,T,sgRNA_539;sgRNA_1322;sgRNA_1323,3,ATTGCACTATTGATAAATTC;AATAGTGCAATCATTTCTGC;ATCAATAGTGCAATCATTTC,sense;antisense;antisense,T603A;T603T
604,I,sgRNA_540;sgRNA_541;sgRNA_1323,3,GCACTATTGATAAATTCCGA;CACTATTGATAAATTCCGAA;ATCAATAGTGCAATCATTTC,sense;sense;antisense,I604T;I604I;I604V
605,D,,0,,,
606,K,sgRNA_542,1,ATAAATTCCGAAGGAAAAAT,sense,K606K;K606R
607,F,sgRNA_1324,1,CCTTCGGAATTTATCAATAG,antisense,F607S
608,R,,0,,,
609,R,,0,,,
610,K,sgRNA_543;sgRNA_544,2,GAAGGAAAAATTGTCCATCT;GGAAAAATTGTCCATCTTGT,sense;sense,K610G;K610E;K610R;K610K
611,N,sgRNA_544,1,GGAAAAATTGTCCATCTTGT,sense,N611G;N611S;N611D
612,C,,0,,,
613,P,sgRNA_545;sgRNA_546,2,ATTGTCCATCTTGTCGTCTT;TTGTCCATCTTGTCGTCTTC,sense;sense,P613P
614,S,,0,,,
615,C,,0,,,
616,R,,0,,,
617,L,sgRNA_1326,1,ATTTCCGAAGACGACAAGAT,antisense,L617L
618,R,,0,,,
619,K,sgRNA_550;sgRNA_551,2,CTTCGGAAATGTTATGAAGC;TTCGGAAATGTTATGAAGCA,sense;sense,K619R;K619E;K619G;K619K
620,C,sgRNA_1329,1,CTTCATAACATTTCCGAAGA,antisense,C620C
621,Y,sgRNA_1329,1,CTTCATAACATTTCCGAAGA,antisense,Y621H;Y621Y
622,E,sgRNA_554;sgRNA_555;sgRNA_556,3,TTATGAAGCAGGGATGACTC;TATGAAGCAGGGATGACTCT;ATGAAGCAGGGATGACTCTG,sense;sense;sense,E622G;E622E
623,A,sgRNA_556;sgRNA_557;sgRNA_558,3,ATGAAGCAGGGATGACTCTG;GAAGCAGGGATGACTCTGGG;AAGCAGGGATGACTCTGGGA,sense;sense;sense,A623A
624,G,,0,,,
625,M,sgRNA_559,1,AGGGATGACTCTGGGAGgta,sense,M625V
626,T,sgRNA_559,1,AGGGATGACTCTGGGAGgta,sense,T626A
627,L,,0,,,
628,G,,0,,,
629,A,,0,,,
630,R,,0,,,
631,K,sgRNA_566,1,CCCGGAAGCTGAAGAAACTT,sense,K631G;K631R;K631E
632,L,sgRNA_1340;sgRNA_1341;sgRNA_1342,3,CTTCAGCTTCCGGGctattg;TCTTCAGCTTCCGGGctatt;TTCTTCAGCTTCCGGGctat,antisense;antisense;antisense,L632P
633,K,sgRNA_567,1,GCTGAAGAAACTTGGTAATC,sense,K633G;K633E;K633R
634,K,sgRNA_567,1,GCTGAAGAAACTTGGTAATC,sense,K634E
635,L,sgRNA_1343;sgRNA_1344;sgRNA_1345,3,CCAAGTTTCTTCAGCTTCCG;ACCAAGTTTCTTCAGCTTCC;TACCAAGTTTCTTCAGCTTC,antisense;antisense;antisense,L635L;L635P
636,G,sgRNA_1346,1,TCAGATTACCAAGTTTCTTC,antisense,G636G
637,N,sgRNA_568;sgRNA_569;sgRNA_571;sgRNA_1346,4,ACTTGGTAATCTGAAACTAC;CTTGGTAATCTGAAACTACA;GGTAATCTGAAACTACAGGA;TCAGATTACCAAGTTTCTTC,sense;sense;sense;antisense,N637N;N637S;N637G;N637D
638,L,,0,,,
639,K,sgRNA_572;sgRNA_573;sgRNA_574,3,AATCTGAAACTACAGGAGGA;ATCTGAAACTACAGGAGGAA;CTGAAACTACAGGAGGAAGG,sense;sense;sense,K639R;K639G;K639E;K639K
640,L,sgRNA_576,1,AAACTACAGGAGGAAGGAGA,sense,L640L
641,Q,sgRNA_576,1,AAACTACAGGAGGAAGGAGA,sense,Q641R
642,E,sgRNA_577,1,AGGAGGAAGGAGAGGCTTCC,sense,E642G
643,E,sgRNA_577,1,AGGAGGAAGGAGAGGCTTCC,sense,E643G;E643E
644,G,,0,,,
645,E,sgRNA_578,1,GAGAGGCTTCCAGCACCACC,sense,E645G
646,A,sgRNA_1350,1,TGGAAGCCTCTCCTTCCTCC,antisense,A646A
647,S,sgRNA_1350,1,TGGAAGCCTCTCCTTCCTCC,antisense,S647P
648,S,,0,,,
649,T,sgRNA_580,1,CAGCACCACCAGCCCCACTG,sense,T649A
650,T,sgRNA_580;sgRNA_582,2,CAGCACCACCAGCCCCACTG;CACCACCAGCCCCACTGAGG,sense;sense,T650A
651,S,sgRNA_582,1,CACCACCAGCCCCACTGAGG,sense,S651G
652,P,,0,,,
653,T,sgRNA_583;sgRNA_1353;sgRNA_1354,3,CCCCACTGAGGAGACAACCC;CTCAGTGGGGCTGGTGGTGC;CTCCTCAGTGGGGCTGGTGG,sense;antisense;antisense,T653A;T653T
654,E,,0,,,
655,E,sgRNA_585,1,TGAGGAGACAACCCAGAAGC,sense,E655G
656,T,sgRNA_585;sgRNA_586;sgRNA_587,3,TGAGGAGACAACCCAGAAGC;GAGACAACCCAGAAGCTGAC;GACAACCCAGAAGCTGACAG,sense;sense;sense,T656T;T656A
657,T,sgRNA_586;sgRNA_587,2,GAGACAACCCAGAAGCTGAC;GACAACCCAGAAGCTGACAG,sense;sense,T657A
658,Q,,0,,,
659,K,,0,,,
660,L,,0,,,
661,T,sgRNA_588;sgRNA_589;sgRNA_590,3,AAGCTGACAGTGTCACACAT;CTGACAGTGTCACACATTGA;TGACAGTGTCACACATTGAA,sense;sense;sense,T661T;T661A
662,V,sgRNA_1364;sgRNA_1365;sgRNA_1366,3,GACACTGTCAGCTTCTGGGT;TGTGACACTGTCAGCTTCTG;GTGTGACACTGTCAGCTTCT,antisense;antisense;antisense,V662A
663,S,sgRNA_1365;sgRNA_1366;sgRNA_1367,3,TGTGACACTGTCAGCTTCTG;GTGTGACACTGTCAGCTTCT;TGTGTGACACTGTCAGCTTC,antisense;antisense;antisense,S663P
664,H,sgRNA_592,1,CACACATTGAAGGCTATGAA,sense,H664R
665,I,sgRNA_592;sgRNA_1368,2,CACACATTGAAGGCTATGAA;CTTCAATGTGTGACACTGTC,sense;antisense,I665T;I665I;I665V
666,E,,0,,,
667,G,,0,,,
668,Y,sgRNA_1370,1,CATTCATAGCCTTCAATGTG,antisense,Y668Y;Y668H
669,E,sgRNA_594,1,TGAATGTCAGCCCATCTTTC,sense,E669E
670,C,sgRNA_1372,1,CTGACATTCATAGCCTTCAA,antisense,C670R;C670C
671,Q,sgRNA_595,1,TGTCAGCCCATCTTTCTGAA,sense,Q671R
672,P,,0,,,
673,I,sgRNA_597;sgRNA_1373,2,CCCATCTTTCTGAATGTCCT;AAAGATGGGCTGACATTCAT,sense;antisense,I673T;I673V
674,F,,0,,,
675,L,,0,,,
676,N,sgRNA_599;sgRNA_1375,2,CTGAATGTCCTGGAAGCCAT;CCAGGACATTCAGAAAGATG,sense;antisense,N676G;N676D;N676S;N676N
677,V,sgRNA_1375;sgRNA_1377,2,CCAGGACATTCAGAAAGATG;TTCCAGGACATTCAGAAAGA,antisense;antisense,V677A
678,L,sgRNA_1377;sgRNA_1378,2,TTCCAGGACATTCAGAAAGA;GGCTTCCAGGACATTCAGAA,antisense;antisense,L678P
679,E,sgRNA_601;sgRNA_602;sgRNA_603,3,GTCCTGGAAGCCATTGAGCC;TCCTGGAAGCCATTGAGCCA;CTGGAAGCCATTGAGCCAGG,sense;sense;sense,E679E;E679G
680,A,,0,,,
681,I,sgRNA_604;sgRNA_605,2,GAAGCCATTGAGCCAGGTGT;AGCCATTGAGCCAGGTGTAG,sense;sense,I681V
682,E,sgRNA_606,1,CCATTGAGCCAGGTGTAGTG,sense,E682G
683,P,sgRNA_608;sgRNA_609,2,GAGCCAGGTGTAGTGTGTGC;AGCCAGGTGTAGTGTGTGCT,sense;sense,P683P
684,G,,0,,,
685,V,sgRNA_1383,1,ACACACTACACCTGGCTCAA,antisense,V685A
686,V,sgRNA_1383,1,ACACACTACACCTGGCTCAA,antisense,V686A
687,C,sgRNA_1384,1,GTCCAGCACACACTACACCT,antisense,C687C
688,A,sgRNA_1384,1,GTCCAGCACACACTACACCT,antisense,A688A
689,G,sgRNA_611,1,TGCTGGACACGACAACAACC,sense,G689G
690,H,,0,,,
691,D,,0,,,
692,N,,0,,,
693,N,sgRNA_613,1,AACAACCAGCCCGACTCCTT,sense,N693G;N693D;N693S
694,Q,sgRNA_613;sgRNA_614,2,AACAACCAGCCCGACTCCTT;AACCAGCCCGACTCCTTTGC,sense;sense,Q694R
695,P,,0,,,
696,D,,0,,,
697,S,sgRNA_1389,1,AAAGGAGTCGGGCTGGTTGT,antisense,S697P
698,F,sgRNA_1390;sgRNA_1391,2,TGCAAAGGAGTCGGGCTGGT;GGCTGCAAAGGAGTCGGGCT,antisense;antisense,F698F;F698L;F698P;F698S
699,A,,0,,,
700,A,,0,,,
701,L,sgRNA_1393;sgRNA_1394;sgRNA_1395,3,GCAAGGCTGCAAAGGAGTCG;AGCAAGGCTGCAAAGGAGTC;GAGCAAGGCTGCAAAGGAGT,antisense;antisense;antisense,L701L;L701P;L701S
702,L,sgRNA_1397;sgRNA_1398,2,CTAGAGAGCAAGGCTGCAAA;GCTAGAGAGCAAGGCTGCAA,antisense;antisense,L702P
703,S,sgRNA_1397;sgRNA_1398,2,CTAGAGAGCAAGGCTGCAAA;GCTAGAGAGCAAGGCTGCAA,antisense;antisense,S703S;S703P
704,S,sgRNA_618;sgRNA_619;sgRNA_620;sgRNA_621,4,GCTCTCTAGCCTCAATGAAC;CTCTCTAGCCTCAATGAACT;TCTCTAGCCTCAATGAACTG;TCTAGCCTCAATGAACTGGG,sense;sense;sense;sense,S704G
705,L,sgRNA_1400;sgRNA_1401,2,TCATTGAGGCTAGAGAGCAA;TTCATTGAGGCTAGAGAGCA,antisense;antisense,L705P
706,N,sgRNA_622;sgRNA_623;sgRNA_1401;sgRNA_1402,4,TAGCCTCAATGAACTGGGAG;GCCTCAATGAACTGGGAGAG;TTCATTGAGGCTAGAGAGCA;CCAGTTCATTGAGGCTAGAG,sense;sense;antisense;antisense,N706S;N706D;N706G;N706N
707,E,,0,,,
708,L,sgRNA_1403;sgRNA_1404,2,TCCCAGTTCATTGAGGCTAG;TCTCCCAGTTCATTGAGGCT,antisense;antisense,L708P
709,G,,0,,,
710,E,sgRNA_626,1,GGAGAGAGACAGCTTGTACA,sense,E710G
711,R,sgRNA_626;sgRNA_627;sgRNA_628,3,GGAGAGAGACAGCTTGTACA;AGAGAGACAGCTTGTACACG;GAGAGACAGCTTGTACACGT,sense;sense;sense,R711G;R711R
712,Q,sgRNA_628,1,GAGAGACAGCTTGTACACGT,sense,Q712R
713,L,sgRNA_1408,1,GTACAAGCTGTCTCTCTCCC,antisense,L713L;L713P
714,V,sgRNA_630;sgRNA_632,2,AGCTTGTACACGTGGTCAAG;CTTGTACACGTGGTCAAGTG,sense;sense,V714V
715,H,sgRNA_632,1,CTTGTACACGTGGTCAAGTG,sense,H715R
716,V,,0,,,
717,V,,0,,,
718,K,sgRNA_635,1,GGTCAAGTGGGCCAAGGCCT,sense,K718E;K718G;K718R
719,W,sgRNA_1410,1,CCCACTTGACCACGTGTACA,antisense,W719R
720,A,,0,,,
721,K,sgRNA_638;sgRNA_639,2,GGCCAAGGCCTTGCCTGgta;GCCAAGGCCTTGCCTGgtaa,sense;sense,K721R;K721E;K721G
722,A,,0,,,
723,L,,0,,,
724,P,,0,,,
725,G,,0,,,
726,F,sgRNA_1417;sgRNA_1418;sgRNA_1419,3,CGGAAGCctggagaagaaga;GCGGAAGCctggagaagaag;TTGCGGAAGCctggagaaga,antisense;antisense;antisense,F726P;F726S;F726L
727,R,,0,,,
728,N,sgRNA_648,1,TTCCGCAACTTACACGTGGA,sense,N728D;N728S;N728G
729,L,sgRNA_650,1,CTTACACGTGGACGACCAGA,sense,L729L
730,H,sgRNA_650;sgRNA_651,2,CTTACACGTGGACGACCAGA;TTACACGTGGACGACCAGAT,sense;sense,H730R
731,V,sgRNA_1424;sgRNA_1425,2,GTCCACGTGTAAGTTGCGGA;GTCGTCCACGTGTAAGTTGC,antisense;antisense,V731A
732,D,sgRNA_652,1,CACGTGGACGACCAGATGGC,sense,D732G
733,D,,0,,,
734,Q,sgRNA_653,1,CGACCAGATGGCTGTCATTC,sense,Q734R
735,M,sgRNA_653;sgRNA_1429;sgRNA_1430,3,CGACCAGATGGCTGTCATTC;CAGCCATCTGGTCGTCCACG;GACAGCCATCTGGTCGTCCA,sense;antisense;antisense,M735T;M735V
736,A,sgRNA_1430,1,GACAGCCATCTGGTCGTCCA,antisense,A736A
737,V,sgRNA_1431,1,CTGAATGACAGCCATCTGGT,antisense,V737A
738,I,sgRNA_655;sgRNA_656;sgRNA_1431;sgRNA_1432;sgRNA_1433,5,GGCTGTCATTCAGTACTCCT;TGTCATTCAGTACTCCTGGA;CTGAATGACAGCCATCTGGT;GTACTGAATGACAGCCATCT;AGTACTGAATGACAGCCATC,sense;sense;antisense;antisense;antisense,I738T;I738I;I738V
739,Q,sgRNA_658;sgRNA_659,2,TCATTCAGTACTCCTGGATG;CATTCAGTACTCCTGGATGG,sense;sense,Q739R
740,Y,sgRNA_1433,1,AGTACTGAATGACAGCCATC,antisense,Y740H
741,S,,0,,,
742,W,,0,,,
743,M,sgRNA_662;sgRNA_1435,2,CTCCTGGATGGGGCTCATGG;CCCCATCCAGGAGTACTGAA,sense;antisense,M743T;M743V
744,G,,0,,,
745,L,sgRNA_1437,1,CACCATGAGCCCCATCCAGG,antisense,L745P
746,M,sgRNA_664;sgRNA_665;sgRNA_666;sgRNA_1437;sgRNA_1439,5,GGGGCTCATGGTGTTTGCCA;GGGCTCATGGTGTTTGCCAT;GGCTCATGGTGTTTGCCATG;CACCATGAGCCCCATCCAGG;AAACACCATGAGCCCCATCC,sense;sense;sense;antisense;antisense,M746V;M746T
747,V,sgRNA_1439,1,AAACACCATGAGCCCCATCC,antisense,V747A
748,F,,0,,,
749,A,,0,,,
750,M,,0,,,
751,G,,0,,,
752,W,,0,,,
753,R,,0,,,
754,S,sgRNA_1442,1,GTGAAGGATCGCCAGCCCAT,antisense,S754P
755,F,sgRNA_1442;sgRNA_1443,2,GTGAAGGATCGCCAGCCCAT;GGTGAAGGATCGCCAGCCCA,antisense;antisense,F755L;F755P;F755S
756,T,sgRNA_671;sgRNA_672,2,CCTTCACCAATGTCAACTCC;CTTCACCAATGTCAACTCCA,sense;sense,T756A
757,N,sgRNA_672;sgRNA_673;sgRNA_1444;sgRNA_1445,4,CTTCACCAATGTCAACTCCA;CACCAATGTCAACTCCAGGA;GACATTGGTGAAGGATCGCC;AGTTGACATTGGTGAAGGAT,sense;sense;antisense;antisense,N757G;N757S;N757N;N757D
758,V,sgRNA_1445,1,AGTTGACATTGGTGAAGGAT,antisense,V758A
759,N,,0,,,
760,S,sgRNA_1446;sgRNA_1447,2,CTGGAGTTGACATTGGTGAA;CCTGGAGTTGACATTGGTGA,antisense;antisense,S760P
761,R,sgRNA_674,1,AACTCCAGGATGCTCTACTT,sense,R761G
762,M,sgRNA_1449;sgRNA_1450,2,AGCATCCTGGAGTTGACATT;GAGCATCCTGGAGTTGACAT,antisense;antisense,M762T
763,L,sgRNA_1451,1,GAAGTAGAGCATCCTGGAGT,antisense,L763P
764,Y,sgRNA_676;sgRNA_677;sgRNA_1451,3,GCTCTACTTCGCCCCTGATC;CTCTACTTCGCCCCTGATCT;GAAGTAGAGCATCCTGGAGT,sense;sense;antisense,Y764C;Y764H
765,F,sgRNA_1452;sgRNA_1454,2,GGCGAAGTAGAGCATCCTGG;AGGGGCGAAGTAGAGCATCC,antisense;antisense,F765S;F765P;F765L
766,A,,0,,,
767,P,sgRNA_1455,1,CCAGATCAGGGGCGAAGTAG,antisense,P767P
768,D,sgRNA_1455;sgRNA_1456,2,CCAGATCAGGGGCGAAGTAG;AACCAGATCAGGGGCGAAGT,antisense;antisense,D768D
769,L,sgRNA_1456;sgRNA_1457,2,AACCAGATCAGGGGCGAAGT;GAAAACCAGATCAGGGGCGA,antisense;antisense,L769P
770,V,sgRNA_1457;sgRNA_1458,2,GAAAACCAGATCAGGGGCGA;ATTGAAAACCAGATCAGGGG,antisense;antisense,V770A;V770V
771,F,sgRNA_1458;sgRNA_1459;sgRNA_1460,3,ATTGAAAACCAGATCAGGGG;TCATTGAAAACCAGATCAGG;cTCATTGAAAACCAGATCAG,antisense;antisense;antisense,F771S;F771P;F771L
772,N,sgRNA_678;sgRNA_679;sgRNA_680;sgRNA_1460;sgRNA_1461;sgRNA_1462,6,TTTCAATGAgtaagtgctcc;TTCAATGAgtaagtgctcct;TCAATGAgtaagtgctcctg;cTCATTGAAAACCAGATCAG;acTCATTGAAAACCAGATCA;tacTCATTGAAAACCAGATC,sense;sense;sense;antisense;antisense;antisense,N772N;N772S;N772G;N772D
773,E,,0,,,
774,Y,,0,,,
775,R,,0,,,
776,M,sgRNA_686;sgRNA_687;sgRNA_1467,3,GTACCGCATGCACAAGTCCC;CCGCATGCACAAGTCCCGGA;GTGCATGCGGTACctgggaa,sense;sense;antisense,M776V;M776T
777,H,,0,,,
778,K,,0,,,
779,S,,0,,,
780,R,,0,,,
781,M,sgRNA_691,1,TCCCGGATGTACAGCCAGTG,sense,M781V
782,Y,,0,,,
783,S,sgRNA_693,1,GTACAGCCAGTGTGTCCGAA,sense,S783G
784,Q,sgRNA_694;sgRNA_695,2,ACAGCCAGTGTGTCCGAATG;CAGCCAGTGTGTCCGAATGA,sense;sense,Q784R
785,C,sgRNA_1477;sgRNA_1479,2,ACACACTGGCTGTACATCCG;GGACACACTGGCTGTACATC,antisense;antisense,C785C;C785R
786,V,,0,,,
787,R,,0,,,
788,M,sgRNA_696;sgRNA_1480;sgRNA_1481,3,CGAATGAGGCACCTCTCTCA;CCTCATTCGGACACACTGGC;GTGCCTCATTCGGACACACT,sense;antisense;antisense,M788T;M788V
789,R,sgRNA_696,1,CGAATGAGGCACCTCTCTCA,sense,R789G
790,H,sgRNA_698;sgRNA_699,2,AGGCACCTCTCTCAAGAGTT;GGCACCTCTCTCAAGAGTTT,sense;sense,H790R
791,L,sgRNA_1483,1,TTGAGAGAGGTGCCTCATTC,antisense,L791P
792,S,sgRNA_1483,1,TTGAGAGAGGTGCCTCATTC,antisense,S792S;S792P
793,Q,,0,,,
794,E,,0,,,
795,F,sgRNA_1486;sgRNA_1487,2,CCATCCAAACTCTTGAGAGA;GCCATCCAAACTCTTGAGAG,antisense;antisense,F795S;F795F
796,G,,0,,,
797,W,sgRNA_1487;sgRNA_1488;sgRNA_1489,3,GCCATCCAAACTCTTGAGAG;GAGCCATCCAAACTCTTGAG;TGGAGCCATCCAAACTCTTG,antisense;antisense;antisense,W797R
798,L,sgRNA_1489;sgRNA_1490,2,TGGAGCCATCCAAACTCTTG;TTTGGAGCCATCCAAACTCT,antisense;antisense,L798P
799,Q,sgRNA_703,1,TGGCTCCAAATCACCCCCCA,sense,Q799R
800,I,,0,,,
801,T,,0,,,
802,P,,0,,,
803,Q,sgRNA_706,1,CCCCCAGGAATTCCTGTGCA,sense,Q803R
804,E,,0,,,
805,F,sgRNA_1494,1,GCACAGGAATTCCTGGGGGG,antisense,F805S
806,L,sgRNA_1494;sgRNA_1495;sgRNA_1496,3,GCACAGGAATTCCTGGGGGG;ATGCACAGGAATTCCTGGGG;CATGCACAGGAATTCCTGGG,antisense;antisense;antisense,L806P
807,C,sgRNA_1495;sgRNA_1496;sgRNA_1497,3,ATGCACAGGAATTCCTGGGG;CATGCACAGGAATTCCTGGG;TCATGCACAGGAATTCCTGG,antisense;antisense;antisense,C807R
808,M,sgRNA_1499;sgRNA_1500,2,TTTCATGCACAGGAATTCCT;CTTTCATGCACAGGAATTCC,antisense;antisense,M808T
809,K,,0,,,
810,A,,0,,,
811,L,sgRNA_1501;sgRNA_1502,2,TAGCAGTGCTTTCATGCACA;GTAGCAGTGCTTTCATGCAC,antisense;antisense,L811P
812,L,sgRNA_710,1,CACTGCTACTCTTCAGCATT,sense,L812L
813,L,,0,,,
814,F,,0,,,
815,S,sgRNA_713,1,TTCAGCATTAgtaagtgcct,sense,S815G
816,I,sgRNA_713;sgRNA_714;sgRNA_1504;sgRNA_1506,4,TTCAGCATTAgtaagtgcct;AGCATTAgtaagtgcctaga;cTAATGCTGAAGAGTAGCAG;acttacTAATGCTGAAGAGT,sense;sense;antisense;antisense,I816V;I816I;I816T
817,I,,0,,,
818,P,,0,,,
819,V,sgRNA_1514;sgRNA_1515,2,CCATCCACTGGAActgatgt;CCCATCCACTGGAActgatg,antisense;antisense,V819A
820,D,sgRNA_1515;sgRNA_1516,2,CCCATCCACTGGAActgatg;AGCCCATCCACTGGAActga,antisense;antisense,D820D
821,G,,0,,,
822,L,sgRNA_1517,1,TTCAGCCCATCCACTGGAAc,antisense,L822P
823,K,sgRNA_723,1,CTGAAAAATCAAAAATTCTT,sense,K823K;K823R;K823G;K823E
824,N,sgRNA_723;sgRNA_724,2,CTGAAAAATCAAAAATTCTT;AAAAATCAAAAATTCTTTGA,sense;sense,N824G;N824S;N824D
825,Q,sgRNA_724,1,AAAAATCAAAAATTCTTTGA,sense,Q825R
826,K,sgRNA_725,1,AAAAATTCTTTGATGAACTT,sense,K826K;K826R
827,F,,0,,,
828,F,,0,,,
829,D,,0,,,
830,E,,0,,,
831,L,,0,,,
832,R,sgRNA_727;sgRNA_728,2,ACTTCGAATGAACTACATCA;CTTCGAATGAACTACATCAA,sense;sense,R832R
833,M,sgRNA_727;sgRNA_728;sgRNA_1518,3,ACTTCGAATGAACTACATCA;CTTCGAATGAACTACATCAA;GTTCATTCGAAGTTCATCAA,sense;sense;antisense,M833T;M833V
834,N,sgRNA_729,1,ATGAACTACATCAAGGAACT,sense,N834S;N834D;N834G
835,Y,sgRNA_729;sgRNA_730,2,ATGAACTACATCAAGGAACT;ACTACATCAAGGAACTCGAT,sense;sense,Y835C
836,I,sgRNA_730;sgRNA_1519,2,ACTACATCAAGGAACTCGAT;CCTTGATGTAGTTCATTCGA,sense;antisense,I836V;I836T
837,K,,0,,,
838,E,sgRNA_731,1,AAGGAACTCGATCGTATCAT,sense,E838G;E838E
839,L,sgRNA_1521,1,ACGATCGAGTTCCTTGATGT,antisense,L839P
840,D,sgRNA_732;sgRNA_1521;sgRNA_1522,3,AACTCGATCGTATCATTGCA;ACGATCGAGTTCCTTGATGT;GATACGATCGAGTTCCTTGA,sense;antisense;antisense,D840D;D840G
841,R,sgRNA_1522;sgRNA_1523,2,GATACGATCGAGTTCCTTGA;AATGATACGATCGAGTTCCT,antisense;antisense,R841R
842,I,sgRNA_1523,1,AATGATACGATCGAGTTCCT,antisense,I842T
843,I,sgRNA_1524,1,TGCATGCAATGATACGATCG,antisense,I843I
844,A,,0,,,
845,C,sgRNA_1524,1,TGCATGCAATGATACGATCG,antisense,C845R
846,K,,0,,,
847,R,sgRNA_734,1,AAAGAAAAAATCCCACATCC,sense,R847R
848,K,sgRNA_734,1,AAAGAAAAAATCCCACATCC,sense,K848R;K848G;K848E;K848K
849,N,sgRNA_735,1,AAAATCCCACATCCTGCTCA,sense,N849S
850,P,,0,,,
851,T,sgRNA_736,1,ATCCCACATCCTGCTCAAGA,sense,T851A;T851T
852,S,,0,,,
853,C,,0,,,
854,S,sgRNA_737,1,CTGCTCAAGACGCTTCTACC,sense,S854S
855,R,sgRNA_737,1,CTGCTCAAGACGCTTCTACC,sense,R855G
856,R,,0,,,
857,F,sgRNA_1529;sgRNA_1530;sgRNA_1531,3,TAGAAGCGTCTTGAGCAGGA;TGGTAGAAGCGTCTTGAGCA;CTGGTAGAAGCGTCTTGAGC,antisense;antisense;antisense,F857L;F857S;F857P
858,Y,sgRNA_1530;sgRNA_1531,2,TGGTAGAAGCGTCTTGAGCA;CTGGTAGAAGCGTCTTGAGC,antisense;antisense,Y858H
859,Q,sgRNA_739;sgRNA_740,2,CTACCAGCTCACCAAGCTCC;TACCAGCTCACCAAGCTCCT,sense;sense,Q859R
860,L,sgRNA_1533,1,GTGAGCTGGTAGAAGCGTCT,antisense,L860P
861,T,sgRNA_741,1,CTCACCAAGCTCCTGGACTC,sense,T861A
862,K,sgRNA_741,1,CTCACCAAGCTCCTGGACTC,sense,K862G;K862R;K862E
863,L,sgRNA_1536;sgRNA_1537,2,CAGGAGCTTGGTGAGCTGGT;GTCCAGGAGCTTGGTGAGCT,antisense;antisense,L863P
864,L,sgRNA_1537;sgRNA_1538,2,GTCCAGGAGCTTGGTGAGCT;AGTCCAGGAGCTTGGTGAGC,antisense;antisense,L864P
865,D,sgRNA_744,1,CTCCTGGACTCCGTGCAGCC,sense,D865G
866,S,sgRNA_1540;sgRNA_1541,2,CACGGAGTCCAGGAGCTTGG;TGCACGGAGTCCAGGAGCTT,antisense;antisense,S866P
867,V,sgRNA_1541;sgRNA_1542,2,TGCACGGAGTCCAGGAGCTT;CTGCACGGAGTCCAGGAGCT,antisense;antisense,V867A
868,Q,,0,,,
869,P,sgRNA_1545,1,ttacAGGCTGCACGGAGTCC,antisense,P869P
870,I,sgRNA_1551,1,GCAATctgtagggaacaata,antisense,I870T
871,A,,0,,,
872,R,,0,,,
873,E,,0,,,
874,L,,0,,,
875,H,sgRNA_757,1,GAGCTGCATCAGTTCACTTT,sense,H875R
876,Q,,0,,,
877,F,sgRNA_1556,1,GTGAACTGATGCAGCTCTCT,antisense,F877S;F877L;F877P
878,T,sgRNA_1557,1,GGTCAAAAGTGAACTGATGC,antisense,T878T
879,F,sgRNA_1557;sgRNA_1558,2,GGTCAAAAGTGAACTGATGC;GCAGGTCAAAAGTGAACTGA,antisense;antisense,F879L;F879S;F879P;F879F
880,D,,0,,,
881,L,sgRNA_1559,1,TTAGCAGGTCAAAAGTGAAC,antisense,L881P
882,L,sgRNA_758;sgRNA_759;sgRNA_1560,3,CCTGCTAATCAAGTCACACA;CTGCTAATCAAGTCACACAT;CTTGATTAGCAGGTCAAAAG,sense;sense;antisense,L882L;L882P
883,I,sgRNA_758;sgRNA_759;sgRNA_1560;sgRNA_1561,4,CCTGCTAATCAAGTCACACA;CTGCTAATCAAGTCACACAT;CTTGATTAGCAGGTCAAAAG;GACTTGATTAGCAGGTCAAA,sense;sense;antisense;antisense,I883V;I883T
884,K,sgRNA_761;sgRNA_762,2,TAATCAAGTCACACATGGTG;ATCAAGTCACACATGGTGAG,sense;sense,K884E;K884R;K884G
885,S,sgRNA_763;sgRNA_764,2,CAAGTCACACATGGTGAGCG;AAGTCACACATGGTGAGCGT,sense;sense,S885S
886,H,sgRNA_764,1,AAGTCACACATGGTGAGCGT,sense,H886R
887,M,sgRNA_1564,1,TCACCATGTGTGACTTGATT,antisense,M887T
888,V,sgRNA_1565,1,CACGCTCACCATGTGTGACT,antisense,V888A
889,S,sgRNA_766,1,ATGGTGAGCGTGGACTTTCC,sense,S889G
890,V,sgRNA_1566,1,AAGTCCACGCTCACCATGTG,antisense,V890A
891,D,sgRNA_768;sgRNA_769,2,CGTGGACTTTCCGGAAATGA;GTGGACTTTCCGGAAATGAT,sense;sense,D891G
892,F,sgRNA_1568,1,CGGAAAGTCCACGCTCACCA,antisense,F892F;F892P;F892L;F892S
893,P,,0,,,
894,E,,0,,,
895,M,sgRNA_1569,1,CATCATTTCCGGAAAGTCCA,antisense,M895T
896,M,sgRNA_772;sgRNA_1570,2,ATGATGGCAGAGATCATCTC;CTCTGCCATCATTTCCGGAA,sense;antisense,M896T;M896V
897,A,sgRNA_773,1,GATGGCAGAGATCATCTCTG,sense,A897A
898,E,sgRNA_774,1,GCAGAGATCATCTCTGTGCA,sense,E898G
899,I,sgRNA_774;sgRNA_775;sgRNA_1572,3,GCAGAGATCATCTCTGTGCA;AGAGATCATCTCTGTGCAAG;ATGATCTCTGCCATCATTTC,sense;sense;antisense,I899V;I899T
900,I,sgRNA_775,1,AGAGATCATCTCTGTGCAAG,sense,I900V
901,S,,0,,,
902,V,sgRNA_1573,1,ACTTGCACAGAGATGATCTC,antisense,V902A
903,Q,,0,,,
904,V,sgRNA_1574,1,CTTGGGCACTTGCACAGAGA,antisense,V904A
905,P,,0,,,
906,K,sgRNA_780,1,CCCAAGATCCTTTCTGGGAA,sense,K906E;K906R;K906G
907,I,sgRNA_780;sgRNA_1576,2,CCCAAGATCCTTTCTGGGAA;AGGATCTTGGGCACTTGCAC,sense;antisense,I907T;I907V
908,L,,0,,,
909,S,sgRNA_1578,1,CTTTCCCAGAAAGGATCTTG,antisense,S909S
910,G,,0,,,
911,K,,0,,,
912,V,sgRNA_1581,1,GGGCTTGACTTTCCCAGAAA,antisense,V912A
913,K,,0,,,
914,P,,0,,,
915,I,sgRNA_782;sgRNA_1583,2,GCCCATCTATTTCCACACCC;TAGATGGGCTTGACTTTCCC,sense;antisense,I915T;I915V
916,Y,sgRNA_783,1,CCATCTATTTCCACACCCAG,sense,Y916C
917,F,sgRNA_1584,1,GGTGTGGAAATAGATGGGCT,antisense,F917S
918,H,sgRNA_785;sgRNA_786,2,TTCCACACCCAGTGAagcat;TCCACACCCAGTGAagcatt,sense;sense,H918R
919,T,sgRNA_785;sgRNA_786,2,TTCCACACCCAGTGAagcat;TCCACACCCAGTGAagcatt,sense;sense,T919A
920,Q,,0,,,
921,.,sgRNA_1588,1,gctTCACTGGGTGTGGAAAT,antisense,.921R
