position,amino_acid,guide_IDs,guide_counts,sgRNA_seqs,sgRNA_strands,CtoT_mutations
1,M,sgRNA_787;sgRNA_788,2,CTTCCATccttgagcttggc;GCACTTCCATccttgagctt,antisense;antisense,M1I
2,E,sgRNA_787;sgRNA_788;sgRNA_789,3,CTTCCATccttgagcttggc;GCACTTCCATccttgagctt;TGCACTTCCATccttgagct,antisense;antisense;antisense,E2K
3,V,sgRNA_788;sgRNA_789;sgRNA_790,3,GCACTTCCATccttgagctt;TGCACTTCCATccttgagct;TAACTGCACTTCCATccttg,antisense;antisense;antisense,V3M;V3V
4,Q,sgRNA_11;sgRNA_12;sgRNA_13;sgRNA_790;sgRNA_791,5,AAGTGCAGTTAGGGCTGGGA;AGTGCAGTTAGGGCTGGGAA;GTGCAGTTAGGGCTGGGAAG;TAACTGCACTTCCATccttg;CCTAACTGCACTTCCATcct,sense;sense;sense;antisense;antisense,Q4.;Q4Q
5,L,,0,,,
6,G,,0,,,
7,L,,0,,,
8,G,,0,,,
9,R,sgRNA_792,1,AGACCCTTCCCAGCCCTAAC,antisense,R9K;R9R
10,V,sgRNA_17;sgRNA_792,2,AAGGGTCTACCCTCGGCCGC;AGACCCTTCCCAGCCCTAAC,sense;antisense,V10I;V10V
11,Y,sgRNA_18,1,CTACCCTCGGCCGCCGTCCA,sense,Y11Y
12,P,sgRNA_18,1,CTACCCTCGGCCGCCGTCCA,sense,P12F;P12L;P12S
13,R,sgRNA_18,1,CTACCCTCGGCCGCCGTCCA,sense,R13W
14,P,sgRNA_19,1,GGCCGCCGTCCAAGACCTAC,sense,P14L
15,P,sgRNA_19;sgRNA_20;sgRNA_21;sgRNA_794,4,GGCCGCCGTCCAAGACCTAC;CCGCCGTCCAAGACCTACCG;CGCCGTCCAAGACCTACCGA;CTTGGACGGCGGCCGAGGGT,sense;sense;sense;antisense,P15P;P15L;P15S
16,S,sgRNA_20;sgRNA_21;sgRNA_22,3,CCGCCGTCCAAGACCTACCG;CGCCGTCCAAGACCTACCGA;CCGTCCAAGACCTACCGAGG,sense;sense;sense,S16F;S16S
17,K,sgRNA_795;sgRNA_796;sgRNA_797;sgRNA_798,4,GGTCTTGGACGGCGGCCGAG;AGGTCTTGGACGGCGGCCGA;TAGGTCTTGGACGGCGGCCG;GGTAGGTCTTGGACGGCGGC,antisense;antisense;antisense;antisense,K17K
18,T,sgRNA_23,1,GACCTACCGAGGAGCTTTCC,sense,T18T
19,Y,sgRNA_23,1,GACCTACCGAGGAGCTTTCC,sense,Y19Y
20,R,sgRNA_23;sgRNA_800;sgRNA_801;sgRNA_802,4,GACCTACCGAGGAGCTTTCC;CCTCGGTAGGTCTTGGACGG;CTCCTCGGTAGGTCTTGGAC;GCTCCTCGGTAGGTCTTGGA,sense;antisense;antisense;antisense,R20Q;R20.
21,G,sgRNA_801;sgRNA_802;sgRNA_803;sgRNA_804,4,CTCCTCGGTAGGTCTTGGAC;GCTCCTCGGTAGGTCTTGGA;AAAGCTCCTCGGTAGGTCTT;GAAAGCTCCTCGGTAGGTCT,antisense;antisense;antisense;antisense,G21K;G21E;G21R
22,A,sgRNA_803;sgRNA_804,2,AAAGCTCCTCGGTAGGTCTT;GAAAGCTCCTCGGTAGGTCT,antisense;antisense,A22T
23,F,sgRNA_25;sgRNA_26,2,AGCTTTCCAGAATCTGTTCC;CTTTCCAGAATCTGTTCCAG,sense;sense,F23F
24,Q,sgRNA_25;sgRNA_26;sgRNA_27;sgRNA_806;sgRNA_807;sgRNA_808,6,AGCTTTCCAGAATCTGTTCC;CTTTCCAGAATCTGTTCCAG;TTCCAGAATCTGTTCCAGAG;ATTCTGGAAAGCTCCTCGGT;CAGATTCTGGAAAGCTCCTC;ACAGATTCTGGAAAGCTCCT,sense;sense;sense;antisense;antisense;antisense,Q24.;Q24Q
25,N,,0,,,
26,L,sgRNA_28;sgRNA_29;sgRNA_30,3,CCAGAATCTGTTCCAGAGCG;AGAATCTGTTCCAGAGCGTG;AATCTGTTCCAGAGCGTGCG,sense;sense;sense,L26L
27,F,sgRNA_31;sgRNA_32,2,CTGTTCCAGAGCGTGCGCGA;GTTCCAGAGCGTGCGCGAAG,sense;sense,F27F
28,Q,sgRNA_31;sgRNA_32;sgRNA_810;sgRNA_811,4,CTGTTCCAGAGCGTGCGCGA;GTTCCAGAGCGTGCGCGAAG;CACGCTCTGGAACAGATTCT;GCACGCTCTGGAACAGATTC,sense;sense;antisense;antisense,Q28Q;Q28.
29,S,sgRNA_33;sgRNA_810;sgRNA_811,3,GAGCGTGCGCGAAGTGATCC;CACGCTCTGGAACAGATTCT;GCACGCTCTGGAACAGATTC,sense;antisense;antisense,S29N;S29S
30,V,sgRNA_811;sgRNA_812,2,GCACGCTCTGGAACAGATTC;CTTCGCGCACGCTCTGGAAC,antisense;antisense,V30V;V30M
31,R,sgRNA_33;sgRNA_34;sgRNA_812,3,GAGCGTGCGCGAAGTGATCC;GCGCGAAGTGATCCAGAACC;CTTCGCGCACGCTCTGGAAC,sense;sense;antisense,R31R;R31C;R31H
32,E,sgRNA_812,1,CTTCGCGCACGCTCTGGAAC,antisense,E32K
33,V,sgRNA_813;sgRNA_814,2,GATCACTTCGCGCACGCTCT;GGATCACTTCGCGCACGCTC,antisense;antisense,V33V;V33M;V33I
34,I,sgRNA_37;sgRNA_38,2,TGATCCAGAACCCGGGCCCC;GATCCAGAACCCGGGCCCCA,sense;sense,I34I
35,Q,sgRNA_37;sgRNA_38;sgRNA_815;sgRNA_816,4,TGATCCAGAACCCGGGCCCC;GATCCAGAACCCGGGCCCCA;GTTCTGGATCACTTCGCGCA;CCGGGTTCTGGATCACTTCG,sense;sense;antisense;antisense,Q35Q;Q35.
36,N,,0,,,
37,P,sgRNA_39;sgRNA_817,2,AACCCGGGCCCCAGGCACCC;GCCCGGGTTCTGGATCACTT,sense;antisense,P37L;P37P;P37S
38,G,sgRNA_40;sgRNA_41,2,CCCGGGCCCCAGGCACCCAG;CCGGGCCCCAGGCACCCAGA,sense;sense,G38G
39,P,sgRNA_40;sgRNA_41;sgRNA_42;sgRNA_43,4,CCCGGGCCCCAGGCACCCAG;CCGGGCCCCAGGCACCCAGA;GGCCCCAGGCACCCAGAGGC;CCCCAGGCACCCAGAGGCCG,sense;sense;sense;sense,P39L;P39F;P39S;P39P
40,R,sgRNA_818;sgRNA_819,2,GTGCCTGGGGCCCGGGTTCT;GGTGCCTGGGGCCCGGGTTC,antisense;antisense,R40R;R40K
41,H,sgRNA_43;sgRNA_44;sgRNA_45,3,CCCCAGGCACCCAGAGGCCG;CCAGGCACCCAGAGGCCGCG;AGGCACCCAGAGGCCGCGAG,sense;sense;sense,H41H;H41Y
42,P,sgRNA_45;sgRNA_46,2,AGGCACCCAGAGGCCGCGAG;CACCCAGAGGCCGCGAGCGC,sense;sense,P42S;P42L
43,E,sgRNA_821;sgRNA_822;sgRNA_823;sgRNA_824,4,CCTCTGGGTGCCTGGGGCCC;GCCTCTGGGTGCCTGGGGCC;CGCGGCCTCTGGGTGCCTGG;TCGCGGCCTCTGGGTGCCTG,antisense;antisense;antisense;antisense,E43E;E43K
44,A,sgRNA_823;sgRNA_824;sgRNA_825,3,CGCGGCCTCTGGGTGCCTGG;TCGCGGCCTCTGGGTGCCTG;CTCGCGGCCTCTGGGTGCCT,antisense;antisense;antisense,A44T
45,A,sgRNA_47;sgRNA_48;sgRNA_824;sgRNA_825;sgRNA_826;sgRNA_827,6,GCCGCGAGCGCAGCACCTCC;CCGCGAGCGCAGCACCTCCC;TCGCGGCCTCTGGGTGCCTG;CTCGCGGCCTCTGGGTGCCT;GCTCGCGGCCTCTGGGTGCC;CTGCGCTCGCGGCCTCTGGG,sense;sense;antisense;antisense;antisense;antisense,A45V;A45A;A45T
46,S,sgRNA_48;sgRNA_49;sgRNA_827;sgRNA_828,4,CCGCGAGCGCAGCACCTCCC;GCGAGCGCAGCACCTCCCGG;CTGCGCTCGCGGCCTCTGGG;TGCTGCGCTCGCGGCCTCTG,sense;sense;antisense;antisense,S46N;S46S
47,A,sgRNA_49;sgRNA_50;sgRNA_827;sgRNA_828;sgRNA_829;sgRNA_830,6,GCGAGCGCAGCACCTCCCGG;GCGCAGCACCTCCCGGCGCC;CTGCGCTCGCGGCCTCTGGG;TGCTGCGCTCGCGGCCTCTG;GTGCTGCGCTCGCGGCCTCT;GGTGCTGCGCTCGCGGCCTC,sense;sense;antisense;antisense;antisense;antisense,A47V;A47T
48,A,sgRNA_50;sgRNA_829;sgRNA_830,3,GCGCAGCACCTCCCGGCGCC;GTGCTGCGCTCGCGGCCTCT;GGTGCTGCGCTCGCGGCCTC,sense;antisense;antisense,A48T;A48V
49,P,sgRNA_51,1,AGCACCTCCCGGCGCCAGTT,sense,P49S;P49F;P49L
50,P,sgRNA_51;sgRNA_52;sgRNA_53,3,AGCACCTCCCGGCGCCAGTT;ACCTCCCGGCGCCAGTTTGC;TCCCGGCGCCAGTTTGCTGC,sense;sense;sense,P50L;P50F;P50P;P50S
51,G,sgRNA_53;sgRNA_54;sgRNA_833;sgRNA_834,4,TCCCGGCGCCAGTTTGCTGC;CGGCGCCAGTTTGCTGCTGC;GCGCCGGGAGGTGCTGCGCT;ACTGGCGCCGGGAGGTGCTG,sense;sense;antisense;antisense,G51N;G51D;G51S;G51G
52,A,sgRNA_54;sgRNA_55;sgRNA_834;sgRNA_835,4,CGGCGCCAGTTTGCTGCTGC;CGCCAGTTTGCTGCTGCTGC;ACTGGCGCCGGGAGGTGCTG;AAACTGGCGCCGGGAGGTGC,sense;sense;antisense;antisense,A52A;A52V;A52T
53,S,sgRNA_835;sgRNA_836,2,AAACTGGCGCCGGGAGGTGC;AGCAAACTGGCGCCGGGAGG,antisense;antisense,S53N
54,L,sgRNA_837;sgRNA_838;sgRNA_839;sgRNA_841,4,GCAGCAAACTGGCGCCGGGA;AGCAGCAAACTGGCGCCGGG;GCAGCAGCAAACTGGCGCCG;CAGCAGCAGCAAACTGGCGC,antisense;antisense;antisense;antisense,L54L
55,L,sgRNA_56;sgRNA_57;sgRNA_839;sgRNA_840;sgRNA_841;sgRNA_842,6,CAGTTTGCTGCTGCTGCAGC;TTTGCTGCTGCTGCAGCAGC;GCAGCAGCAAACTGGCGCCG;AGCAGCAGCAAACTGGCGCC;CAGCAGCAGCAAACTGGCGC;CTGCAGCAGCAGCAAACTGG,sense;sense;antisense;antisense;antisense;antisense,L55L
56,L,sgRNA_57;sgRNA_58;sgRNA_842,3,TTTGCTGCTGCTGCAGCAGC;GCTGCTGCTGCAGCAGCAGC;CTGCAGCAGCAGCAAACTGG,sense;sense;antisense,L56L
57,L,sgRNA_58;sgRNA_59;sgRNA_843;sgRNA_844,4,GCTGCTGCTGCAGCAGCAGC;GCTGCTGCAGCAGCAGCAGC;TGCTGCAGCAGCAGCAAACT;CTGCTGCAGCAGCAGCAAAC,sense;sense;antisense;antisense,L57L
58,Q,sgRNA_59;sgRNA_60;sgRNA_844,3,GCTGCTGCAGCAGCAGCAGC;GCTGCAGCAGCAGCAGCAGC;CTGCTGCAGCAGCAGCAAAC,sense;sense;antisense,Q58.;Q58Q
59,Q,sgRNA_60;sgRNA_845,2,GCTGCAGCAGCAGCAGCAGC;GCTGCTGCTGCTGCAGCAGC,sense;antisense,Q59.;Q59Q
60,Q,sgRNA_845;sgRNA_846,2,GCTGCTGCTGCTGCAGCAGC;GCTGCTGCTGCTGCTGCAGC,antisense;antisense,Q60Q
61,Q,sgRNA_846,1,GCTGCTGCTGCTGCTGCAGC,antisense,Q61Q
62,Q,,0,,,
63,Q,,0,,,
64,Q,,0,,,
65,Q,,0,,,
66,Q,,0,,,
67,Q,,0,,,
68,Q,,0,,,
69,Q,,0,,,
70,Q,,0,,,
71,Q,,0,,,
72,Q,,0,,,
73,Q,,0,,,
74,Q,,0,,,
75,Q,sgRNA_61,1,CAGCAGCAGCAGCAGCAGCA,sense,Q75.
76,Q,sgRNA_61;sgRNA_62,2,CAGCAGCAGCAGCAGCAGCA;GCAGCAGCAGCAGCAGCAAG,sense;sense,Q76.
77,Q,sgRNA_62,1,GCAGCAGCAGCAGCAGCAAG,sense,Q77.
78,Q,sgRNA_63;sgRNA_847,2,AGCAGCAGCAGCAAGAGACT;CTTGCTGCTGCTGCTGCTGC,sense;antisense,Q78.;Q78Q
79,Q,sgRNA_847;sgRNA_848,2,CTTGCTGCTGCTGCTGCTGC;TCTCTTGCTGCTGCTGCTGC,antisense;antisense,Q79Q
80,Q,sgRNA_64;sgRNA_65,2,AGCAGCAAGAGACTAGCCCC;GCAGCAAGAGACTAGCCCCA,sense;sense,Q80.
81,E,sgRNA_848;sgRNA_849;sgRNA_850,3,TCTCTTGCTGCTGCTGCTGC;TAGTCTCTTGCTGCTGCTGC;GGCTAGTCTCTTGCTGCTGC,antisense;antisense;antisense,E81K;E81E
82,T,sgRNA_67,1,AGAGACTAGCCCCAGGCAGC,sense,T82I
83,S,sgRNA_68;sgRNA_69;sgRNA_851,3,GACTAGCCCCAGGCAGCAGC;TAGCCCCAGGCAGCAGCAGC;TGGGGCTAGTCTCTTGCTGC,sense;sense;antisense,S83S;S83N
84,P,sgRNA_68;sgRNA_69;sgRNA_70,3,GACTAGCCCCAGGCAGCAGC;TAGCCCCAGGCAGCAGCAGC;CCCCAGGCAGCAGCAGCAGC,sense;sense;sense,P84S;P84F;P84L;P84P
85,R,sgRNA_853,1,GCTGCCTGGGGCTAGTCTCT,antisense,R85R;R85K
86,Q,sgRNA_70;sgRNA_71;sgRNA_72;sgRNA_854,4,CCCCAGGCAGCAGCAGCAGC;CAGGCAGCAGCAGCAGCAGC;AGGCAGCAGCAGCAGCAGCA;TGCTGCTGCTGCCTGGGGCT,sense;sense;sense;antisense,Q86.;Q86Q
87,Q,sgRNA_71;sgRNA_72;sgRNA_73;sgRNA_74;sgRNA_855,5,CAGGCAGCAGCAGCAGCAGC;AGGCAGCAGCAGCAGCAGCA;GGCAGCAGCAGCAGCAGCAG;CAGCAGCAGCAGCAGCAGGG;CTGCTGCTGCTGCTGCCTGG,sense;sense;sense;sense;antisense,Q87Q;Q87.
88,Q,sgRNA_74;sgRNA_75;sgRNA_76;sgRNA_855;sgRNA_856;sgRNA_857;sgRNA_858,7,CAGCAGCAGCAGCAGCAGGG;GCAGCAGCAGCAGCAGGGTG;CAGCAGCAGCAGCAGGGTGA;CTGCTGCTGCTGCTGCCTGG;GCTGCTGCTGCTGCTGCCTG;TGCTGCTGCTGCTGCTGCCT;CTGCTGCTGCTGCTGCTGCC,sense;sense;sense;antisense;antisense;antisense;antisense,Q88.;Q88Q
89,Q,sgRNA_75;sgRNA_76;sgRNA_77;sgRNA_856;sgRNA_858,5,GCAGCAGCAGCAGCAGGGTG;CAGCAGCAGCAGCAGGGTGA;CAGCAGCAGCAGGGTGAGGA;GCTGCTGCTGCTGCTGCCTG;CTGCTGCTGCTGCTGCTGCC,sense;sense;sense;antisense;antisense,Q89Q;Q89.
90,Q,sgRNA_77;sgRNA_78;sgRNA_859,3,CAGCAGCAGCAGGGTGAGGA;AGCAGCAGCAGGGTGAGGAT;CACCCTGCTGCTGCTGCTGC,sense;sense;antisense,Q90Q;Q90.
91,Q,sgRNA_859;sgRNA_860,2,CACCCTGCTGCTGCTGCTGC;CCTCACCCTGCTGCTGCTGC,antisense;antisense,Q91Q
92,G,sgRNA_859;sgRNA_860,2,CACCCTGCTGCTGCTGCTGC;CCTCACCCTGCTGCTGCTGC,antisense;antisense,G92S;G92N;G92D
93,E,sgRNA_860;sgRNA_861;sgRNA_862,3,CCTCACCCTGCTGCTGCTGC;CATCCTCACCCTGCTGCTGC;AACCATCCTCACCCTGCTGC,antisense;antisense;antisense,E93K;E93E
94,D,sgRNA_861;sgRNA_862,2,CATCCTCACCCTGCTGCTGC;AACCATCCTCACCCTGCTGC,antisense;antisense,D94N
95,G,sgRNA_862;sgRNA_863,2,AACCATCCTCACCCTGCTGC;GAGAACCATCCTCACCCTGC,antisense;antisense,G95D;G95S;G95N
96,S,sgRNA_80;sgRNA_81,2,ATGGTTCTCCCCAAGCCCAT;GTTCTCCCCAAGCCCATCGT,sense;sense,S96F
97,P,sgRNA_81;sgRNA_82;sgRNA_83,3,GTTCTCCCCAAGCCCATCGT;TCTCCCCAAGCCCATCGTAG;CTCCCCAAGCCCATCGTAGA,sense;sense;sense,P97L;P97S;P97P;P97F
98,Q,sgRNA_82;sgRNA_83,2,TCTCCCCAAGCCCATCGTAG;CTCCCCAAGCCCATCGTAGA,sense;sense,Q98.
99,A,,0,,,
100,H,sgRNA_84,1,GCCCATCGTAGAGGCCCCAC,sense,H100Y
101,R,sgRNA_84;sgRNA_85;sgRNA_865,3,GCCCATCGTAGAGGCCCCAC;CCCATCGTAGAGGCCCCACA;CCTCTACGATGGGCTTGGGG,sense;sense;antisense,R101C;R101H
102,R,sgRNA_865;sgRNA_866;sgRNA_867;sgRNA_868,4,CCTCTACGATGGGCTTGGGG;GGCCTCTACGATGGGCTTGG;GGGCCTCTACGATGGGCTTG;GGGGCCTCTACGATGGGCTT,antisense;antisense;antisense;antisense,R102K
103,G,sgRNA_86;sgRNA_87;sgRNA_866;sgRNA_867;sgRNA_868;sgRNA_869,6,TAGAGGCCCCACAGGCTACC;AGAGGCCCCACAGGCTACCT;GGCCTCTACGATGGGCTTGG;GGGCCTCTACGATGGGCTTG;GGGGCCTCTACGATGGGCTT;TGGGGCCTCTACGATGGGCT,sense;sense;antisense;antisense;antisense;antisense,G103G;G103N;G103S;G103D
104,P,sgRNA_86;sgRNA_87;sgRNA_88,3,TAGAGGCCCCACAGGCTACC;AGAGGCCCCACAGGCTACCT;CCCCACAGGCTACCTGGTCC,sense;sense;sense,P104L;P104P;P104S;P104F
105,T,sgRNA_88;sgRNA_89,2,CCCCACAGGCTACCTGGTCC;CCCACAGGCTACCTGGTCCT,sense;sense,T105I
106,G,sgRNA_90;sgRNA_91;sgRNA_872;sgRNA_873,4,ACAGGCTACCTGGTCCTGGA;AGGCTACCTGGTCCTGGATG;AGCCTGTGGGGCCTCTACGA;GGTAGCCTGTGGGGCCTCTA,sense;sense;antisense;antisense,G106G;G106S;G106D;G106N
107,Y,sgRNA_91;sgRNA_92,2,AGGCTACCTGGTCCTGGATG;GGCTACCTGGTCCTGGATGA,sense;sense,Y107Y
108,L,sgRNA_91;sgRNA_92;sgRNA_874;sgRNA_875,4,AGGCTACCTGGTCCTGGATG;GGCTACCTGGTCCTGGATGA;CAGGACCAGGTAGCCTGTGG;CCAGGACCAGGTAGCCTGTG,sense;sense;antisense;antisense,L108L
109,V,sgRNA_93;sgRNA_874;sgRNA_875;sgRNA_876,4,CCTGGTCCTGGATGAGGAAC;CAGGACCAGGTAGCCTGTGG;CCAGGACCAGGTAGCCTGTG;TCCAGGACCAGGTAGCCTGT,sense;antisense;antisense;antisense,V109I;V109V
110,L,sgRNA_93;sgRNA_877;sgRNA_878,3,CCTGGTCCTGGATGAGGAAC;ATCCAGGACCAGGTAGCCTG;TCATCCAGGACCAGGTAGCC,sense;antisense;antisense,L110L
111,D,sgRNA_878,1,TCATCCAGGACCAGGTAGCC,antisense,D111N
112,E,sgRNA_879;sgRNA_880;sgRNA_881,3,TTCCTCATCCAGGACCAGGT;CTGTTCCTCATCCAGGACCA;GCTGTTCCTCATCCAGGACC,antisense;antisense;antisense,E112K;E112E
113,E,sgRNA_880;sgRNA_881,2,CTGTTCCTCATCCAGGACCA;GCTGTTCCTCATCCAGGACC,antisense;antisense,E113K
114,Q,sgRNA_94;sgRNA_95;sgRNA_882;sgRNA_883,4,TGAGGAACAGCAACCTTCAC;GGAACAGCAACCTTCACAGC;AGGTTGCTGTTCCTCATCCA;AAGGTTGCTGTTCCTCATCC,sense;sense;antisense;antisense,Q114.;Q114Q
115,Q,sgRNA_95;sgRNA_96,2,GGAACAGCAACCTTCACAGC;ACAGCAACCTTCACAGCCGC,sense;sense,Q115.
116,P,sgRNA_96;sgRNA_97;sgRNA_98,3,ACAGCAACCTTCACAGCCGC;GCAACCTTCACAGCCGCAGT;CAACCTTCACAGCCGCAGTC,sense;sense;sense,P116L;P116S;P116F
117,S,sgRNA_98,1,CAACCTTCACAGCCGCAGTC,sense,S117L
118,Q,sgRNA_99;sgRNA_100;sgRNA_884,3,TTCACAGCCGCAGTCGGCCC;TCACAGCCGCAGTCGGCCCT;ACTGCGGCTGTGAAGGTTGC,sense;sense;antisense,Q118.;Q118Q
119,P,sgRNA_99;sgRNA_100;sgRNA_101;sgRNA_102;sgRNA_884;sgRNA_885,6,TTCACAGCCGCAGTCGGCCC;TCACAGCCGCAGTCGGCCCT;ACAGCCGCAGTCGGCCCTGG;AGCCGCAGTCGGCCCTGGAG;ACTGCGGCTGTGAAGGTTGC;CCGACTGCGGCTGTGAAGGT,sense;sense;sense;sense;antisense;antisense,P119L;P119S;P119P
120,Q,sgRNA_101;sgRNA_102;sgRNA_885;sgRNA_886,4,ACAGCCGCAGTCGGCCCTGG;AGCCGCAGTCGGCCCTGGAG;CCGACTGCGGCTGTGAAGGT;GGGCCGACTGCGGCTGTGAA,sense;sense;antisense;antisense,Q120.;Q120Q
121,S,sgRNA_886;sgRNA_887,2,GGGCCGACTGCGGCTGTGAA;AGGGCCGACTGCGGCTGTGA,antisense;antisense,S121S
122,A,sgRNA_103;sgRNA_104;sgRNA_886;sgRNA_887;sgRNA_888,5,TCGGCCCTGGAGTGCCACCC;GGCCCTGGAGTGCCACCCCG;GGGCCGACTGCGGCTGTGAA;AGGGCCGACTGCGGCTGTGA;TCCAGGGCCGACTGCGGCTG,sense;sense;antisense;antisense;antisense,A122T;A122A;A122V
123,L,sgRNA_103;sgRNA_104;sgRNA_889;sgRNA_890,4,TCGGCCCTGGAGTGCCACCC;GGCCCTGGAGTGCCACCCCG;ACTCCAGGGCCGACTGCGGC;GGCACTCCAGGGCCGACTGC,sense;sense;antisense;antisense,L123L
124,E,sgRNA_889;sgRNA_890;sgRNA_891;sgRNA_892,4,ACTCCAGGGCCGACTGCGGC;GGCACTCCAGGGCCGACTGC;TGGCACTCCAGGGCCGACTG;GGTGGCACTCCAGGGCCGAC,antisense;antisense;antisense;antisense,E124K;E124E
125,C,sgRNA_107;sgRNA_108;sgRNA_891;sgRNA_892,4,TGGAGTGCCACCCCGAGAGA;AGTGCCACCCCGAGAGAGGT;TGGCACTCCAGGGCCGACTG;GGTGGCACTCCAGGGCCGAC,sense;sense;antisense;antisense,C125C;C125Y
126,H,sgRNA_108;sgRNA_109,2,AGTGCCACCCCGAGAGAGGT;TGCCACCCCGAGAGAGGTTG,sense;sense,H126H;H126Y
127,P,sgRNA_109,1,TGCCACCCCGAGAGAGGTTG,sense,P127F;P127L;P127S
128,E,sgRNA_894;sgRNA_895;sgRNA_896,3,CTCTCGGGGTGGCACTCCAG;TCTCTCGGGGTGGCACTCCA;CTCTCTCGGGGTGGCACTCC,antisense;antisense;antisense,E128E;E128K
129,R,,0,,,
130,G,sgRNA_897,1,GACGCAACCTCTCTCGGGGT,antisense,G130D
131,C,sgRNA_113;sgRNA_114;sgRNA_897;sgRNA_898;sgRNA_899,5,GAGGTTGCGTCCCAGAGCCT;GGTTGCGTCCCAGAGCCTGG;GACGCAACCTCTCTCGGGGT;GGACGCAACCTCTCTCGGGG;TGGGACGCAACCTCTCTCGG,sense;sense;antisense;antisense;antisense,C131Y;C131C
132,V,sgRNA_115;sgRNA_898;sgRNA_899;sgRNA_900;sgRNA_901,5,TGCGTCCCAGAGCCTGGAGC;GGACGCAACCTCTCTCGGGG;TGGGACGCAACCTCTCTCGG;CTGGGACGCAACCTCTCTCG;TCTGGGACGCAACCTCTCTC,sense;antisense;antisense;antisense;antisense,V132V;V132I
133,P,sgRNA_115;sgRNA_116,2,TGCGTCCCAGAGCCTGGAGC;GTCCCAGAGCCTGGAGCCGC,sense;sense,P133S;P133L
134,E,,0,,,
135,P,sgRNA_117;sgRNA_118;sgRNA_119,3,CCCAGAGCCTGGAGCCGCCG;CCAGAGCCTGGAGCCGCCGT;GAGCCTGGAGCCGCCGTGGC,sense;sense;sense,P135S;P135F;P135L
136,G,sgRNA_903,1,GGCGGCTCCAGGCTCTGGGA,antisense,G136E
137,A,sgRNA_120;sgRNA_121;sgRNA_903,3,CTGGAGCCGCCGTGGCCGCC;AGCCGCCGTGGCCGCCAGCA;GGCGGCTCCAGGCTCTGGGA,sense;sense;antisense,A137A;A137T;A137V
138,A,sgRNA_121;sgRNA_122;sgRNA_123;sgRNA_124;sgRNA_904;sgRNA_905;sgRNA_906,7,AGCCGCCGTGGCCGCCAGCA;GCCGCCGTGGCCGCCAGCAA;CCGCCGTGGCCGCCAGCAAG;CGCCGTGGCCGCCAGCAAGG;CACGGCGGCTCCAGGCTCTG;CCACGGCGGCTCCAGGCTCT;GCCACGGCGGCTCCAGGCTC,sense;sense;sense;sense;antisense;antisense;antisense,A138T;A138V;A138A
139,V,sgRNA_905;sgRNA_906;sgRNA_907,3,CCACGGCGGCTCCAGGCTCT;GCCACGGCGGCTCCAGGCTC;TGGCGGCCACGGCGGCTCCA,antisense;antisense;antisense,V139V;V139M
140,A,sgRNA_125;sgRNA_126;sgRNA_907;sgRNA_908,4,CGTGGCCGCCAGCAAGGGGC;GGCCGCCAGCAAGGGGCTGC;TGGCGGCCACGGCGGCTCCA;CTGGCGGCCACGGCGGCTCC,sense;sense;antisense;antisense,A140T;A140V;A140A
141,A,sgRNA_126;sgRNA_127;sgRNA_907;sgRNA_908,4,GGCCGCCAGCAAGGGGCTGC;CGCCAGCAAGGGGCTGCCGC;TGGCGGCCACGGCGGCTCCA;CTGGCGGCCACGGCGGCTCC,sense;sense;antisense;antisense,A141T;A141V;A141A
142,S,sgRNA_127;sgRNA_128;sgRNA_909;sgRNA_910,4,CGCCAGCAAGGGGCTGCCGC;CAGCAAGGGGCTGCCGCAGC;CCCTTGCTGGCGGCCACGGC;CCCCTTGCTGGCGGCCACGG,sense;sense;antisense;antisense,S142N;S142S
143,K,sgRNA_910;sgRNA_911;sgRNA_912,3,CCCCTTGCTGGCGGCCACGG;AGCCCCTTGCTGGCGGCCAC;CAGCCCCTTGCTGGCGGCCA,antisense;antisense;antisense,K143K
144,G,sgRNA_911;sgRNA_912,2,AGCCCCTTGCTGGCGGCCAC;CAGCCCCTTGCTGGCGGCCA,antisense;antisense,G144E;G144R;G144G;G144K
145,L,sgRNA_129;sgRNA_130;sgRNA_913;sgRNA_914,4,CAAGGGGCTGCCGCAGCAGC;GGGCTGCCGCAGCAGCTGCC;TGCGGCAGCCCCTTGCTGGC;CTGCGGCAGCCCCTTGCTGG,sense;sense;antisense;antisense,L145L
146,P,sgRNA_130;sgRNA_914;sgRNA_915;sgRNA_916,4,GGGCTGCCGCAGCAGCTGCC;CTGCGGCAGCCCCTTGCTGG;TGCTGCGGCAGCCCCTTGCT;CTGCTGCGGCAGCCCCTTGC,sense;antisense;antisense;antisense,P146L;P146P;P146S
147,Q,sgRNA_916;sgRNA_917,2,CTGCTGCGGCAGCCCCTTGC;CAGCTGCTGCGGCAGCCCCT,antisense;antisense,Q147Q
148,Q,sgRNA_131;sgRNA_132;sgRNA_917,3,GCAGCAGCTGCCAGCACCTC;CAGCAGCTGCCAGCACCTCC;CAGCTGCTGCGGCAGCCCCT,sense;sense;antisense,Q148.;Q148Q
149,L,sgRNA_131;sgRNA_132;sgRNA_133;sgRNA_918,4,GCAGCAGCTGCCAGCACCTC;CAGCAGCTGCCAGCACCTCC;CAGCTGCCAGCACCTCCGGA;GTGCTGGCAGCTGCTGCGGC,sense;sense;sense;antisense,L149L
150,P,sgRNA_133;sgRNA_134;sgRNA_135,3,CAGCTGCCAGCACCTCCGGA;GCTGCCAGCACCTCCGGACG;CTGCCAGCACCTCCGGACGA,sense;sense;sense,P150L;P150S
151,A,sgRNA_135;sgRNA_136;sgRNA_918;sgRNA_919;sgRNA_920,5,CTGCCAGCACCTCCGGACGA;CCAGCACCTCCGGACGAGGA;GTGCTGGCAGCTGCTGCGGC;GAGGTGCTGGCAGCTGCTGC;GGAGGTGCTGGCAGCTGCTG,sense;sense;antisense;antisense;antisense,A151V;A151T
152,P,sgRNA_136,1,CCAGCACCTCCGGACGAGGA,sense,P152L;P152F;P152S
153,P,sgRNA_137;sgRNA_922;sgRNA_923,3,CCTCCGGACGAGGATGACTC;CGTCCGGAGGTGCTGGCAGC;CCTCGTCCGGAGGTGCTGGC,sense;antisense;antisense,P153L;P153P;P153S
154,D,sgRNA_138;sgRNA_922;sgRNA_923,3,CCGGACGAGGATGACTCAGC;CGTCCGGAGGTGCTGGCAGC;CCTCGTCCGGAGGTGCTGGC,sense;antisense;antisense,D154D;D154N
155,E,sgRNA_923;sgRNA_924;sgRNA_925,3,CCTCGTCCGGAGGTGCTGGC;CATCCTCGTCCGGAGGTGCT;TCATCCTCGTCCGGAGGTGC,antisense;antisense;antisense,E155K;E155E
156,D,sgRNA_924;sgRNA_925;sgRNA_926,3,CATCCTCGTCCGGAGGTGCT;TCATCCTCGTCCGGAGGTGC;GAGTCATCCTCGTCCGGAGG,antisense;antisense;antisense,D156N
157,D,sgRNA_139;sgRNA_926;sgRNA_927;sgRNA_928,4,TGACTCAGCTGCCCCATCCA;GAGTCATCCTCGTCCGGAGG;CTGAGTCATCCTCGTCCGGA;GCTGAGTCATCCTCGTCCGG,sense;antisense;antisense;antisense,D157N;D157D
158,S,sgRNA_139,1,TGACTCAGCTGCCCCATCCA,sense,S158L
159,A,sgRNA_140;sgRNA_929;sgRNA_930,3,CTCAGCTGCCCCATCCACGT;CAGCTGAGTCATCCTCGTCC;GCAGCTGAGTCATCCTCGTC,sense;antisense;antisense,A159V;A159T
160,A,sgRNA_141;sgRNA_931,2,TGCCCCATCCACGTTGTCCC;TGGGGCAGCTGAGTCATCCT,sense;antisense,A160T;A160A
161,P,sgRNA_141,1,TGCCCCATCCACGTTGTCCC,sense,P161L;P161S
162,S,sgRNA_142;sgRNA_143;sgRNA_144,3,CCCATCCACGTTGTCCCTGC;CCATCCACGTTGTCCCTGCT;CATCCACGTTGTCCCTGCTG,sense;sense;sense,S162S;S162F
163,T,sgRNA_143;sgRNA_144;sgRNA_932;sgRNA_933,4,CCATCCACGTTGTCCCTGCT;CATCCACGTTGTCCCTGCTG;CAACGTGGATGGGGCAGCTG;GACAACGTGGATGGGGCAGC,sense;sense;antisense;antisense,T163T;T163M
164,L,sgRNA_934,1,AGGGACAACGTGGATGGGGC,antisense,L164L
165,S,,0,,,
166,L,sgRNA_936;sgRNA_937;sgRNA_938,3,CAGCAGGGACAACGTGGATG;CCAGCAGGGACAACGTGGAT;CCCAGCAGGGACAACGTGGA,antisense;antisense;antisense,L166L
167,L,sgRNA_145;sgRNA_939;sgRNA_940,3,CTGCTGGGCCCCACTTTCCC;GGGCCCAGCAGGGACAACGT;GGGGCCCAGCAGGGACAACG,sense;antisense;antisense,L167L
168,G,sgRNA_146;sgRNA_939;sgRNA_940;sgRNA_941,4,TGCTGGGCCCCACTTTCCCC;GGGCCCAGCAGGGACAACGT;GGGGCCCAGCAGGGACAACG;GTGGGGCCCAGCAGGGACAA,sense;antisense;antisense;antisense,G168N;G168D;G168G;G168S
169,P,sgRNA_147,1,GCCCCACTTTCCCCGGCTTA,sense,P169P;P169L
170,T,sgRNA_147;sgRNA_148,2,GCCCCACTTTCCCCGGCTTA;CCACTTTCCCCGGCTTAAGC,sense;sense,T170I
171,F,sgRNA_148;sgRNA_149,2,CCACTTTCCCCGGCTTAAGC;CTTTCCCCGGCTTAAGCAGC,sense;sense,F171F
172,P,sgRNA_149,1,CTTTCCCCGGCTTAAGCAGC,sense,P172S;P172F;P172P;P172L
173,G,sgRNA_150;sgRNA_945;sgRNA_946,3,CCCGGCTTAAGCAGCTGCTC;AGCCGGGGAAAGTGGGGCCC;GCTTAAGCCGGGGAAAGTGG,sense;antisense;antisense,G173D;G173S;G173G
174,L,,0,,,
175,S,sgRNA_948;sgRNA_949;sgRNA_950,3,CTGCTTAAGCCGGGGAAAGT;GCTGCTTAAGCCGGGGAAAG;CAGCTGCTTAAGCCGGGGAA,antisense;antisense;antisense,S175N
176,S,sgRNA_950;sgRNA_951,2,CAGCTGCTTAAGCCGGGGAA;GGAGCAGCTGCTTAAGCCGG,antisense;antisense,S176N
177,C,sgRNA_152;sgRNA_951;sgRNA_952;sgRNA_953;sgRNA_954,5,AGCTGCTCCGCTGACCTTAA;GGAGCAGCTGCTTAAGCCGG;CGGAGCAGCTGCTTAAGCCG;GCGGAGCAGCTGCTTAAGCC;AGCGGAGCAGCTGCTTAAGC,sense;antisense;antisense;antisense;antisense,C177C;C177Y
178,S,sgRNA_152,1,AGCTGCTCCGCTGACCTTAA,sense,S178F
179,A,sgRNA_955,1,GTCAGCGGAGCAGCTGCTTA,antisense,A179T
180,D,sgRNA_153;sgRNA_154,2,CGCTGACCTTAAAGACATCC;CTGACCTTAAAGACATCCTG,sense;sense,D180D
181,L,sgRNA_153;sgRNA_154;sgRNA_155,3,CGCTGACCTTAAAGACATCC;CTGACCTTAAAGACATCCTG;GACCTTAAAGACATCCTGAG,sense;sense;sense,L181F
182,K,,0,,,
183,D,sgRNA_158;sgRNA_958;sgRNA_959,3,AAGACATCCTGAGCGAGGCC;GATGTCTTTAAGGTCAGCGG;AGGATGTCTTTAAGGTCAGC,sense;antisense;antisense,D183N;D183D
184,I,sgRNA_158,1,AAGACATCCTGAGCGAGGCC,sense,I184I
185,L,sgRNA_962;sgRNA_963,2,CTCGCTCAGGATGTCTTTAA;CCTCGCTCAGGATGTCTTTA,antisense;antisense,L185L
186,S,sgRNA_159;sgRNA_962;sgRNA_963,3,CCTGAGCGAGGCCAGCACCA;CTCGCTCAGGATGTCTTTAA;CCTCGCTCAGGATGTCTTTA,sense;antisense;antisense,S186N;S186S
187,E,sgRNA_963,1,CCTCGCTCAGGATGTCTTTA,antisense,E187K
188,A,,0,,,
189,S,sgRNA_160;sgRNA_964;sgRNA_965,3,CAGCACCATGCAACTCCTTC;GGTGCTGGCCTCGCTCAGGA;CATGGTGCTGGCCTCGCTCA,sense;antisense;antisense,S189S;S189N
190,T,sgRNA_160,1,CAGCACCATGCAACTCCTTC,sense,T190I;T190T
191,M,sgRNA_967,1,GAGTTGCATGGTGCTGGCCT,antisense,M191I
192,Q,sgRNA_161,1,CATGCAACTCCTTCAGCAAC,sense,Q192.
193,L,sgRNA_161;sgRNA_162;sgRNA_163,3,CATGCAACTCCTTCAGCAAC;GCAACTCCTTCAGCAACAGC;ACTCCTTCAGCAACAGCAGC,sense;sense;sense,L193L;L193F
194,L,sgRNA_162;sgRNA_163;sgRNA_164,3,GCAACTCCTTCAGCAACAGC;ACTCCTTCAGCAACAGCAGC;CTCCTTCAGCAACAGCAGCA,sense;sense;sense,L194F
195,Q,sgRNA_163;sgRNA_164;sgRNA_165;sgRNA_970;sgRNA_971;sgRNA_972,6,ACTCCTTCAGCAACAGCAGC;CTCCTTCAGCAACAGCAGCA;CTTCAGCAACAGCAGCAGGA;TTGCTGAAGGAGTTGCATGG;TGTTGCTGAAGGAGTTGCAT;CTGTTGCTGAAGGAGTTGCA,sense;sense;sense;antisense;antisense;antisense,Q195.;Q195Q
196,Q,sgRNA_165;sgRNA_166,2,CTTCAGCAACAGCAGCAGGA;CAGCAACAGCAGCAGGAAGC,sense;sense,Q196.
197,Q,sgRNA_166;sgRNA_973;sgRNA_974;sgRNA_975,4,CAGCAACAGCAGCAGGAAGC;GCTGCTGTTGCTGAAGGAGT;CCTGCTGCTGTTGCTGAAGG;TTCCTGCTGCTGTTGCTGAA,sense;antisense;antisense;antisense,Q197Q;Q197.
198,Q,sgRNA_167;sgRNA_974;sgRNA_975;sgRNA_976,4,CAGCAGCAGGAAGCAGTATC;CCTGCTGCTGTTGCTGAAGG;TTCCTGCTGCTGTTGCTGAA;CTTCCTGCTGCTGTTGCTGA,sense;antisense;antisense;antisense,Q198Q;Q198.
199,Q,sgRNA_167;sgRNA_168;sgRNA_976;sgRNA_977,4,CAGCAGCAGGAAGCAGTATC;CAGCAGGAAGCAGTATCCGA;CTTCCTGCTGCTGTTGCTGA;CTGCTTCCTGCTGCTGTTGC,sense;sense;antisense;antisense,Q199Q;Q199.
200,E,sgRNA_976;sgRNA_977,2,CTTCCTGCTGCTGTTGCTGA;CTGCTTCCTGCTGCTGTTGC,antisense;antisense,E200K
201,A,sgRNA_170;sgRNA_171;sgRNA_977;sgRNA_978,4,AGGAAGCAGTATCCGAAGGC;AAGCAGTATCCGAAGGCAGC;CTGCTTCCTGCTGCTGTTGC;ATACTGCTTCCTGCTGCTGT,sense;sense;antisense;antisense,A201V;A201T
202,V,sgRNA_978;sgRNA_979,2,ATACTGCTTCCTGCTGCTGT;CGGATACTGCTTCCTGCTGC,antisense;antisense,V202I
203,S,sgRNA_172;sgRNA_173;sgRNA_174;sgRNA_175,4,CAGTATCCGAAGGCAGCAGC;GTATCCGAAGGCAGCAGCAG;TATCCGAAGGCAGCAGCAGC;ATCCGAAGGCAGCAGCAGCG,sense;sense;sense;sense,S203S;S203F
204,E,sgRNA_980;sgRNA_981,2,CTTCGGATACTGCTTCCTGC;TGCCTTCGGATACTGCTTCC,antisense;antisense,E204K
205,G,sgRNA_176;sgRNA_177;sgRNA_178;sgRNA_981,4,CCGAAGGCAGCAGCAGCGGG;GAAGGCAGCAGCAGCGGGAG;AGGCAGCAGCAGCGGGAGAG;TGCCTTCGGATACTGCTTCC,sense;sense;sense;antisense,G205G;G205S
206,S,sgRNA_178;sgRNA_179;sgRNA_180;sgRNA_982,4,AGGCAGCAGCAGCGGGAGAG;GCAGCAGCAGCGGGAGAGCG;CAGCAGCAGCGGGAGAGCGA;CTGCTGCTGCCTTCGGATAC,sense;sense;sense;antisense,S206N;S206S
207,S,sgRNA_179;sgRNA_180;sgRNA_181;sgRNA_182;sgRNA_982,5,GCAGCAGCAGCGGGAGAGCG;CAGCAGCAGCGGGAGAGCGA;AGCAGCAGCGGGAGAGCGAG;CAGCAGCGGGAGAGCGAGGG;CTGCTGCTGCCTTCGGATAC,sense;sense;sense;sense;antisense,S207N;S207S
208,S,sgRNA_182;sgRNA_183;sgRNA_983;sgRNA_984,4,CAGCAGCGGGAGAGCGAGGG;AGCAGCGGGAGAGCGAGGGA;CTCCCGCTGCTGCTGCCTTC;TCTCCCGCTGCTGCTGCCTT,sense;sense;antisense;antisense,S208N;S208S
209,G,sgRNA_983;sgRNA_984,2,CTCCCGCTGCTGCTGCCTTC;TCTCCCGCTGCTGCTGCCTT,antisense;antisense,G209R;G209K;G209G;G209E
210,R,sgRNA_985,1,CCTCGCTCTCCCGCTGCTGC,antisense,R210K
211,A,sgRNA_185;sgRNA_186;sgRNA_187;sgRNA_188;sgRNA_985;sgRNA_986,6,GGGAGAGCGAGGGAGGCCTC;GGAGAGCGAGGGAGGCCTCG;GAGAGCGAGGGAGGCCTCGG;AGAGCGAGGGAGGCCTCGGG;CCTCGCTCTCCCGCTGCTGC;CTCCCTCGCTCTCCCGCTGC,sense;sense;sense;sense;antisense;antisense,A211A;A211T;A211V
212,R,sgRNA_986;sgRNA_987,2,CTCCCTCGCTCTCCCGCTGC;GGCCTCCCTCGCTCTCCCGC,antisense;antisense,R212R;R212K
213,E,sgRNA_987;sgRNA_988,2,GGCCTCCCTCGCTCTCCCGC;CGAGGCCTCCCTCGCTCTCC,antisense;antisense,E213K;E213E
214,A,sgRNA_988,1,CGAGGCCTCCCTCGCTCTCC,antisense,A214T
215,S,,0,,,
216,G,sgRNA_989,1,GGAGCCCCCGAGGCCTCCCT,antisense,G216E;G216G;G216R;G216K
217,A,sgRNA_189;sgRNA_190;sgRNA_989,3,GGGGGCTCCCACTTCCTCCA;GGGGCTCCCACTTCCTCCAA;GGAGCCCCCGAGGCCTCCCT,sense;sense;antisense,A217T;A217V
218,P,sgRNA_189;sgRNA_190,2,GGGGGCTCCCACTTCCTCCA;GGGGCTCCCACTTCCTCCAA,sense;sense,P218F;P218L;P218S
219,T,,0,,,
220,S,,0,,,
221,S,sgRNA_191;sgRNA_192;sgRNA_193,3,TCCTCCAAGGACAATTACTT;CCTCCAAGGACAATTACTTA;CTCCAAGGACAATTACTTAG,sense;sense;sense,S221S;S221F
222,K,sgRNA_993;sgRNA_994,2,TTGTCCTTGGAGGAAGTGGG;AATTGTCCTTGGAGGAAGTG,antisense;antisense,K222K
223,D,sgRNA_195;sgRNA_993;sgRNA_994;sgRNA_995,4,CCAAGGACAATTACTTAGGG;TTGTCCTTGGAGGAAGTGGG;AATTGTCCTTGGAGGAAGTG;TAATTGTCCTTGGAGGAAGT,sense;antisense;antisense;antisense,D223D;D223N
224,N,,0,,,
225,Y,sgRNA_196,1,CAATTACTTAGGGGGCACTT,sense,Y225Y
226,L,,0,,,
227,G,sgRNA_1000;sgRNA_1001,2,CCCCCTAAGTAATTGTCCTT;GCCCCCTAAGTAATTGTCCT,antisense;antisense,G227E;G227R;G227G;G227K
228,G,sgRNA_197;sgRNA_1002,2,GGGGGCACTTCGACCATTTC;CGAAGTGCCCCCTAAGTAAT,sense;antisense,G228G;G228D
229,T,sgRNA_197,1,GGGGGCACTTCGACCATTTC,sense,T229I
230,S,sgRNA_198;sgRNA_1003,2,ACTTCGACCATTTCTGACAA;AATGGTCGAAGTGCCCCCTA,sense;antisense,S230S;S230L
231,T,sgRNA_198;sgRNA_199,2,ACTTCGACCATTTCTGACAA;GACCATTTCTGACAACGCCA,sense;sense,T231I;T231T
232,I,,0,,,
233,S,sgRNA_200;sgRNA_201,2,ACCATTTCTGACAACGCCAA;CATTTCTGACAACGCCAAGG,sense;sense,S233F
234,D,sgRNA_202;sgRNA_203;sgRNA_1004;sgRNA_1005,4,TTCTGACAACGCCAAGGAGT;CTGACAACGCCAAGGAGTTG;GTTGTCAGAAATGGTCGAAG;GCGTTGTCAGAAATGGTCGA,sense;sense;antisense;antisense,D234D;D234N
235,N,sgRNA_203;sgRNA_204,2,CTGACAACGCCAAGGAGTTG;CAACGCCAAGGAGTTGTGTA,sense;sense,N235N
236,A,sgRNA_204;sgRNA_205;sgRNA_1006;sgRNA_1007,4,CAACGCCAAGGAGTTGTGTA;AACGCCAAGGAGTTGTGTAA;TTGGCGTTGTCAGAAATGGT;TCCTTGGCGTTGTCAGAAAT,sense;sense;antisense;antisense,A236T;A236V;A236A
237,K,sgRNA_1008,1,CTCCTTGGCGTTGTCAGAAA,antisense,K237K
238,E,sgRNA_1009,1,CACAACTCCTTGGCGTTGTC,antisense,E238E;E238K
239,L,sgRNA_1010,1,CTTACACAACTCCTTGGCGT,antisense,L239L
240,C,sgRNA_1010;sgRNA_1011,2,CTTACACAACTCCTTGGCGT;TGCCTTACACAACTCCTTGG,antisense;antisense,C240Y
241,K,sgRNA_1011;sgRNA_1012;sgRNA_1013,3,TGCCTTACACAACTCCTTGG;ACTGCCTTACACAACTCCTT;CACTGCCTTACACAACTCCT,antisense;antisense;antisense,K241K
242,A,sgRNA_211;sgRNA_212;sgRNA_213;sgRNA_1012;sgRNA_1013,5,TAAGGCAGTGTCGGTGTCCA;AAGGCAGTGTCGGTGTCCAT;AGGCAGTGTCGGTGTCCATG;ACTGCCTTACACAACTCCTT;CACTGCCTTACACAACTCCT,sense;sense;sense;antisense;antisense,A242V;A242T
243,V,,0,,,
244,S,sgRNA_214;sgRNA_215;sgRNA_216,3,AGTGTCGGTGTCCATGGGCC;GTGTCGGTGTCCATGGGCCT;TGTCGGTGTCCATGGGCCTG,sense;sense;sense,S244L
245,V,,0,,,
246,S,sgRNA_217;sgRNA_218;sgRNA_219;sgRNA_220,4,TCGGTGTCCATGGGCCTGGG;GGTGTCCATGGGCCTGGGTG;GTGTCCATGGGCCTGGGTGT;GTCCATGGGCCTGGGTGTGG,sense;sense;sense;sense,S246F;S246S
247,M,sgRNA_1014,1,AGGCCCATGGACACCGACAC,antisense,M247I
248,G,sgRNA_222;sgRNA_223;sgRNA_1014,3,CATGGGCCTGGGTGTGGAGG;GGGCCTGGGTGTGGAGGCGT;AGGCCCATGGACACCGACAC,sense;sense;antisense,G248S;G248G;G248D;G248N
249,L,sgRNA_222;sgRNA_223;sgRNA_224;sgRNA_1015,4,CATGGGCCTGGGTGTGGAGG;GGGCCTGGGTGTGGAGGCGT;GGCCTGGGTGTGGAGGCGTT;ACACCCAGGCCCATGGACAC,sense;sense;sense;antisense,L249L
250,G,sgRNA_1015,1,ACACCCAGGCCCATGGACAC,antisense,G250S;G250D;G250N
251,V,sgRNA_1016;sgRNA_1017,2,GCCTCCACACCCAGGCCCAT;CGCCTCCACACCCAGGCCCA,antisense;antisense,V251I;V251M;V251V
252,E,sgRNA_1016;sgRNA_1017,2,GCCTCCACACCCAGGCCCAT;CGCCTCCACACCCAGGCCCA,antisense;antisense,E252K;E252E
253,A,sgRNA_227;sgRNA_1018;sgRNA_1019,3,TGGAGGCGTTGGAGCATCTG;CTCCAACGCCTCCACACCCA;GCTCCAACGCCTCCACACCC,sense;antisense;antisense,A253V;A253A
254,L,sgRNA_1018;sgRNA_1019,2,CTCCAACGCCTCCACACCCA;GCTCCAACGCCTCCACACCC,antisense;antisense,L254L
255,E,sgRNA_1019,1,GCTCCAACGCCTCCACACCC,antisense,E255K
256,H,sgRNA_230;sgRNA_231,2,GTTGGAGCATCTGAGTCCAG;TTGGAGCATCTGAGTCCAGG,sense;sense,H256Y
257,L,sgRNA_232,1,GCATCTGAGTCCAGGGGAAC,sense,L257L
258,S,sgRNA_1020,1,CCTGGACTCAGATGCTCCAA,antisense,S258N
259,P,sgRNA_233;sgRNA_234;sgRNA_235;sgRNA_236,4,TGAGTCCAGGGGAACAGCTT;GAGTCCAGGGGAACAGCTTC;AGTCCAGGGGAACAGCTTCG;GTCCAGGGGAACAGCTTCGG,sense;sense;sense;sense,P259S;P259L
260,G,sgRNA_1021,1,GCTGTTCCCCTGGACTCAGA,antisense,G260G
261,E,sgRNA_1021,1,GCTGTTCCCCTGGACTCAGA,antisense,E261K
262,Q,sgRNA_239;sgRNA_1022,2,GGGAACAGCTTCGGGGGGAT;GAAGCTGTTCCCCTGGACTC,sense;antisense,Q262.;Q262Q
263,L,sgRNA_240,1,ACAGCTTCGGGGGGATTGCA,sense,L263F
264,R,sgRNA_240;sgRNA_241;sgRNA_1023;sgRNA_1024,4,ACAGCTTCGGGGGGATTGCA;CTTCGGGGGGATTGCATGTA;CCCCCCGAAGCTGTTCCCCT;TCCCCCCGAAGCTGTTCCCC,sense;sense;antisense;antisense,R264R;R264W;R264Q
265,G,sgRNA_1023;sgRNA_1024,2,CCCCCCGAAGCTGTTCCCCT;TCCCCCCGAAGCTGTTCCCC,antisense;antisense,G265E;G265R;G265K
266,D,,0,,,
267,C,sgRNA_242;sgRNA_1025,2,TTGCATGTACGCCCCACTTT;ACATGCAATCCCCCCGAAGC,sense;antisense,C267Y;C267C
268,M,sgRNA_1026;sgRNA_1027,2,CGTACATGCAATCCCCCCGA;GGGCGTACATGCAATCCCCC,antisense;antisense,M268I
269,Y,,0,,,
270,A,sgRNA_1027,1,GGGCGTACATGCAATCCCCC,antisense,A270T
271,P,,0,,,
272,L,,0,,,
273,L,sgRNA_1028,1,TCCCAAAAGTGGGGCGTACA,antisense,L273L
274,G,sgRNA_1029,1,TGGAACTCCCAAAAGTGGGG,antisense,G274E
275,V,sgRNA_1029;sgRNA_1030,2,TGGAACTCCCAAAAGTGGGG;GGTGGAACTCCCAAAAGTGG,antisense;antisense,V275I
276,P,,0,,,
277,P,,0,,,
278,A,sgRNA_245;sgRNA_1034,2,CCGCTGTGCGTCCCACTCCT;CAGCGGGTGGAACTCCCAAA,sense;antisense,A278T;A278V
279,V,,0,,,
280,R,sgRNA_246,1,GCTGTGCGTCCCACTCCTTG,sense,R280C
281,P,sgRNA_247,1,TCCCACTCCTTGTGCCCCAT,sense,P281P
282,T,sgRNA_247;sgRNA_248,2,TCCCACTCCTTGTGCCCCAT;CCCACTCCTTGTGCCCCATT,sense;sense,T282I
283,P,sgRNA_247;sgRNA_248;sgRNA_249,3,TCCCACTCCTTGTGCCCCAT;CCCACTCCTTGTGCCCCATT;ACTCCTTGTGCCCCATTGGC,sense;sense;sense,P283F;P283S;P283L
284,C,sgRNA_1040,1,GCACAAGGAGTGGGACGCAC,antisense,C284Y
285,A,sgRNA_250;sgRNA_1041,2,CTTGTGCCCCATTGGCCGAA;ATGGGGCACAAGGAGTGGGA,sense;antisense,A285T;A285V;A285A
286,P,sgRNA_251;sgRNA_252,2,GCCCCATTGGCCGAATGCAA;CCCCATTGGCCGAATGCAAA,sense;sense,P286L;P286S
287,L,sgRNA_1044;sgRNA_1045;sgRNA_1046,3,GGCCAATGGGGCACAAGGAG;TCGGCCAATGGGGCACAAGG;ATTCGGCCAATGGGGCACAA,antisense;antisense;antisense,L287L
288,A,sgRNA_253;sgRNA_1045;sgRNA_1046;sgRNA_1047,4,GGCCGAATGCAAAGGTTCTC;TCGGCCAATGGGGCACAAGG;ATTCGGCCAATGGGGCACAA;CATTCGGCCAATGGGGCACA,sense;antisense;antisense;antisense,A288T;A288A
289,E,sgRNA_1046;sgRNA_1047,2,ATTCGGCCAATGGGGCACAA;CATTCGGCCAATGGGGCACA,antisense;antisense,E289K
290,C,sgRNA_254;sgRNA_1048;sgRNA_1049,3,GAATGCAAAGGTTCTCTGCT;CCTTTGCATTCGGCCAATGG;ACCTTTGCATTCGGCCAATG,sense;antisense;antisense,C290C;C290Y
291,K,,0,,,
292,G,sgRNA_1050;sgRNA_1051,2,AACCTTTGCATTCGGCCAAT;GAACCTTTGCATTCGGCCAA,antisense;antisense,G292D;G292S;G292N
293,S,sgRNA_256;sgRNA_257,2,AAGGTTCTCTGCTAGACGAC;GGTTCTCTGCTAGACGACAG,sense;sense,S293F
294,L,sgRNA_257;sgRNA_258;sgRNA_1053,3,GGTTCTCTGCTAGACGACAG;TCTCTGCTAGACGACAGCGC;TAGCAGAGAACCTTTGCATT,sense;sense;antisense,L294L
295,L,sgRNA_258;sgRNA_259,2,TCTCTGCTAGACGACAGCGC;CTCTGCTAGACGACAGCGCA,sense;sense,L295L
296,D,sgRNA_260;sgRNA_261;sgRNA_1054,3,GCTAGACGACAGCGCAGGCA;TAGACGACAGCGCAGGCAAG;GTCGTCTAGCAGAGAACCTT,sense;sense;antisense,D296D;D296N
297,D,sgRNA_261,1,TAGACGACAGCGCAGGCAAG,sense,D297D
298,S,sgRNA_262;sgRNA_1055,2,GACAGCGCAGGCAAGAGCAC;CCTGCGCTGTCGTCTAGCAG,sense;antisense,S298N;S298S
299,A,sgRNA_262;sgRNA_263;sgRNA_1055;sgRNA_1056,4,GACAGCGCAGGCAAGAGCAC;AGCGCAGGCAAGAGCACTGA;CCTGCGCTGTCGTCTAGCAG;TGCCTGCGCTGTCGTCTAGC,sense;sense;antisense;antisense,A299V;A299T
300,G,sgRNA_1056;sgRNA_1057,2,TGCCTGCGCTGTCGTCTAGC;TCTTGCCTGCGCTGTCGTCT,antisense;antisense,G300D;G300N;G300S
301,K,sgRNA_1058,1,AGTGCTCTTGCCTGCGCTGT,antisense,K301K
302,S,sgRNA_265;sgRNA_266;sgRNA_1058;sgRNA_1059,4,AAGAGCACTGAAGATACTGC;GAGCACTGAAGATACTGCTG;AGTGCTCTTGCCTGCGCTGT;TTCAGTGCTCTTGCCTGCGC,sense;sense;antisense;antisense,S302S;S302N
303,T,sgRNA_265;sgRNA_266,2,AAGAGCACTGAAGATACTGC;GAGCACTGAAGATACTGCTG,sense;sense,T303I
304,E,sgRNA_1060;sgRNA_1061,2,ATCTTCAGTGCTCTTGCCTG;GTATCTTCAGTGCTCTTGCC,antisense;antisense,E304K
305,D,sgRNA_1061,1,GTATCTTCAGTGCTCTTGCC,antisense,D305N
306,T,,0,,,
307,A,,0,,,
308,E,sgRNA_1063;sgRNA_1064,2,ATACTCAGCAGTATCTTCAG;GAATACTCAGCAGTATCTTC,antisense;antisense,E308K;E308E
309,Y,,0,,,
310,S,sgRNA_270;sgRNA_271,2,GAGTATTCCCCTTTCAAGGG;AGTATTCCCCTTTCAAGGGA,sense;sense,S310S;S310F
311,P,,0,,,
312,F,,0,,,
313,K,,0,,,
314,G,,0,,,
315,G,sgRNA_1067;sgRNA_1068,2,GTGTAACCTCCCTTGAAAGG;GGTGTAACCTCCCTTGAAAG,antisense;antisense,G315S;G315D;G315N
316,Y,sgRNA_276;sgRNA_277,2,GGTTACACCAAAGGGCTAGA;GTTACACCAAAGGGCTAGAA,sense;sense,Y316Y
317,T,sgRNA_276;sgRNA_277;sgRNA_278;sgRNA_279,4,GGTTACACCAAAGGGCTAGA;GTTACACCAAAGGGCTAGAA;TACACCAAAGGGCTAGAAGG;CACCAAAGGGCTAGAAGGCG,sense;sense;sense;sense,T317T;T317I
318,K,,0,,,
319,G,,0,,,
320,L,sgRNA_281,1,GGGCTAGAAGGCGAGAGCCT,sense,L320L
321,E,,0,,,
322,G,sgRNA_283;sgRNA_1072;sgRNA_1073;sgRNA_1074,4,TAGAAGGCGAGAGCCTAGGC;CTCGCCTTCTAGCCCTTTGG;CTCTCGCCTTCTAGCCCTTT;GCTCTCGCCTTCTAGCCCTT,sense;antisense;antisense;antisense,G322S;G322N;G322G;G322D
323,E,sgRNA_1073;sgRNA_1074,2,CTCTCGCCTTCTAGCCCTTT;GCTCTCGCCTTCTAGCCCTT,antisense;antisense,E323E;E323K
324,S,sgRNA_285;sgRNA_286,2,GCGAGAGCCTAGGCTGCTCT;AGAGCCTAGGCTGCTCTGGC,sense;sense,S324S
325,L,sgRNA_286;sgRNA_287,2,AGAGCCTAGGCTGCTCTGGC;AGCCTAGGCTGCTCTGGCAG,sense;sense,L325L
326,G,sgRNA_288;sgRNA_1075,2,CTAGGCTGCTCTGGCAGCGC;AGCCTAGGCTCTCGCCTTCT,sense;antisense,G326G;G326S
327,C,sgRNA_289;sgRNA_1076,2,GGCTGCTCTGGCAGCGCTGC;GCCAGAGCAGCCTAGGCTCT,sense;antisense,C327C;C327Y
328,S,sgRNA_289;sgRNA_290;sgRNA_291,3,GGCTGCTCTGGCAGCGCTGC;TGCTCTGGCAGCGCTGCAGC;GCTCTGGCAGCGCTGCAGCA,sense;sense;sense,S328F
329,G,sgRNA_291;sgRNA_292;sgRNA_293;sgRNA_1077,4,GCTCTGGCAGCGCTGCAGCA;CTCTGGCAGCGCTGCAGCAG;CTGGCAGCGCTGCAGCAGGG;AGCGCTGCCAGAGCAGCCTA,sense;sense;sense;antisense,G329D;G329G
330,S,sgRNA_293;sgRNA_1077;sgRNA_1078,3,CTGGCAGCGCTGCAGCAGGG;AGCGCTGCCAGAGCAGCCTA;CAGCGCTGCCAGAGCAGCCT,sense;antisense;antisense,S330N;S330S
331,A,sgRNA_294;sgRNA_295;sgRNA_1078,3,AGCGCTGCAGCAGGGAGCTC;GCGCTGCAGCAGGGAGCTCC;CAGCGCTGCCAGAGCAGCCT,sense;sense;antisense,A331V;A331T
332,A,sgRNA_294;sgRNA_295;sgRNA_296;sgRNA_1079,4,AGCGCTGCAGCAGGGAGCTC;GCGCTGCAGCAGGGAGCTCC;CGCTGCAGCAGGGAGCTCCG;TGCTGCAGCGCTGCCAGAGC,sense;sense;sense;antisense,A332T;A332V
333,A,sgRNA_1080;sgRNA_1081,2,CCCTGCTGCAGCGCTGCCAG;CTCCCTGCTGCAGCGCTGCC,antisense;antisense,A333T
334,G,sgRNA_1081;sgRNA_1082,2,CTCCCTGCTGCAGCGCTGCC;GGAGCTCCCTGCTGCAGCGC,antisense;antisense,G334G;G334E;G334R;G334K
335,S,sgRNA_298;sgRNA_1082;sgRNA_1083,3,GAGCTCCGGGACACTTGAAC;GGAGCTCCCTGCTGCAGCGC;CCCGGAGCTCCCTGCTGCAG,sense;antisense;antisense,S335S;S335N
336,S,sgRNA_298;sgRNA_299,2,GAGCTCCGGGACACTTGAAC;CTCCGGGACACTTGAACTGC,sense;sense,S336F;S336S
337,G,sgRNA_1084;sgRNA_1085,2,GTCCCGGAGCTCCCTGCTGC;AGTGTCCCGGAGCTCCCTGC,antisense;antisense,G337G;G337R;G337E;G337K
338,T,,0,,,
339,L,,0,,,
340,E,,0,,,
341,L,sgRNA_300;sgRNA_1087;sgRNA_1088;sgRNA_1089,4,ACTTGAACTGCCGTCTACCC;CGGCAGTTCAAGTGTCCCGG;GACGGCAGTTCAAGTGTCCC;AGACGGCAGTTCAAGTGTCC,sense;antisense;antisense;antisense,L341L
342,P,sgRNA_1089,1,AGACGGCAGTTCAAGTGTCC,antisense,P342P
343,S,,0,,,
344,T,sgRNA_301,1,GTCTACCCTGTCTCTCTACA,sense,T344I;T344T
345,L,sgRNA_301;sgRNA_302;sgRNA_1092,3,GTCTACCCTGTCTCTCTACA;ACCCTGTCTCTCTACAAGTC;AGAGAGACAGGGTAGACGGC,sense;sense;antisense,L345L
346,S,sgRNA_302;sgRNA_303;sgRNA_304,3,ACCCTGTCTCTCTACAAGTC;CCCTGTCTCTCTACAAGTCC;CTGTCTCTCTACAAGTCCGG,sense;sense;sense,S346F
347,L,sgRNA_304;sgRNA_305,2,CTGTCTCTCTACAAGTCCGG;TCTCTACAAGTCCGGAGCAC,sense;sense,L347L;L347F
348,Y,sgRNA_305;sgRNA_306,2,TCTCTACAAGTCCGGAGCAC;CTCTACAAGTCCGGAGCACT,sense;sense,Y348Y
349,K,sgRNA_1096;sgRNA_1097;sgRNA_1098,3,CCGGACTTGTAGAGAGACAG;TCCGGACTTGTAGAGAGACA;CTCCGGACTTGTAGAGAGAC,antisense;antisense;antisense,K349K
350,S,sgRNA_307;sgRNA_308;sgRNA_309,3,TACAAGTCCGGAGCACTGGA;CAAGTCCGGAGCACTGGACG;AAGTCCGGAGCACTGGACGA,sense;sense;sense,S350S;S350F
351,G,sgRNA_1098;sgRNA_1099,2,CTCCGGACTTGTAGAGAGAC;AGTGCTCCGGACTTGTAGAG,antisense;antisense,G351R;G351K;G351E
352,A,sgRNA_310;sgRNA_311;sgRNA_1099;sgRNA_1100,4,TCCGGAGCACTGGACGAGGC;GGAGCACTGGACGAGGCAGC;AGTGCTCCGGACTTGTAGAG;CCAGTGCTCCGGACTTGTAG,sense;sense;antisense;antisense,A352V;A352T
353,L,sgRNA_311;sgRNA_312;sgRNA_1101;sgRNA_1102,4,GGAGCACTGGACGAGGCAGC;AGCACTGGACGAGGCAGCTG;GTCCAGTGCTCCGGACTTGT;CTCGTCCAGTGCTCCGGACT,sense;sense;antisense;antisense,L353L
354,D,sgRNA_313;sgRNA_1102,2,GGACGAGGCAGCTGCGTACC;CTCGTCCAGTGCTCCGGACT,sense;antisense,D354N;D354D
355,E,sgRNA_1103;sgRNA_1104,2,GCTGCCTCGTCCAGTGCTCC;AGCTGCCTCGTCCAGTGCTC,antisense;antisense,E355K;E355E
356,A,sgRNA_314;sgRNA_315;sgRNA_1103;sgRNA_1104,4,ACGAGGCAGCTGCGTACCAG;AGGCAGCTGCGTACCAGAGT;GCTGCCTCGTCCAGTGCTCC;AGCTGCCTCGTCCAGTGCTC,sense;sense;antisense;antisense,A356T;A356V
357,A,sgRNA_315;sgRNA_316;sgRNA_1105,3,AGGCAGCTGCGTACCAGAGT;GCAGCTGCGTACCAGAGTCG;TACGCAGCTGCCTCGTCCAG,sense;sense;antisense,A357V;A357T
358,A,sgRNA_316;sgRNA_1105;sgRNA_1106,3,GCAGCTGCGTACCAGAGTCG;TACGCAGCTGCCTCGTCCAG;GGTACGCAGCTGCCTCGTCC,sense;antisense;antisense,A358A;A358T;A358V
359,Y,,0,,,
360,Q,sgRNA_1107,1,ACTCTGGTACGCAGCTGCCT,antisense,Q360Q
361,S,sgRNA_1108,1,TCGCGACTCTGGTACGCAGC,antisense,S361N
362,R,sgRNA_1108;sgRNA_1109,2,TCGCGACTCTGGTACGCAGC;TAGTCGCGACTCTGGTACGC,antisense;antisense,R362H
363,D,sgRNA_317;sgRNA_1109;sgRNA_1110,3,CGACTACTACAACTTTCCAC;TAGTCGCGACTCTGGTACGC;TAGTAGTCGCGACTCTGGTA,sense;antisense;antisense,D363N;D363D
364,Y,sgRNA_317;sgRNA_318,2,CGACTACTACAACTTTCCAC;GACTACTACAACTTTCCACT,sense;sense,Y364Y
365,Y,sgRNA_319,1,CTACAACTTTCCACTGGCTC,sense,Y365Y
366,N,sgRNA_319;sgRNA_320,2,CTACAACTTTCCACTGGCTC;TACAACTTTCCACTGGCTCT,sense;sense,N366N
367,F,,0,,,
368,P,sgRNA_321;sgRNA_322,2,AACTTTCCACTGGCTCTGGC;ACTTTCCACTGGCTCTGGCC,sense;sense,P368S;P368L
369,L,sgRNA_323;sgRNA_1115;sgRNA_1116,3,TCCACTGGCTCTGGCCGGAC;AGCCAGTGGAAAGTTGTAGT;CAGAGCCAGTGGAAAGTTGT,sense;antisense;antisense,L369L
370,A,sgRNA_324;sgRNA_1116,2,ACTGGCTCTGGCCGGACCGC;CAGAGCCAGTGGAAAGTTGT,sense;antisense,A370T;A370V
371,L,sgRNA_324;sgRNA_1117;sgRNA_1118,3,ACTGGCTCTGGCCGGACCGC;GGCCAGAGCCAGTGGAAAGT;TCCGGCCAGAGCCAGTGGAA,sense;antisense;antisense,L371L
372,A,sgRNA_325;sgRNA_1118,2,GGCCGGACCGCCGCCCCCTC;TCCGGCCAGAGCCAGTGGAA,sense;antisense,A372T;A372A
373,G,sgRNA_1119;sgRNA_1120,2,GCGGTCCGGCCAGAGCCAGT;GGCGGTCCGGCCAGAGCCAG,antisense;antisense,G373R;G373K;G373E
374,P,sgRNA_325;sgRNA_326;sgRNA_1121;sgRNA_1122,4,GGCCGGACCGCCGCCCCCTC;CGGACCGCCGCCCCCTCCGC;GCGGCGGTCCGGCCAGAGCC;GGGGGCGGCGGTCCGGCCAG,sense;sense;antisense;antisense,P374P;P374L;P374S
375,P,sgRNA_326;sgRNA_1123,2,CGGACCGCCGCCCCCTCCGC;GAGGGGGCGGCGGTCCGGCC,sense;antisense,P375S;P375P
376,P,,0,,,
377,P,,0,,,
378,P,sgRNA_1125;sgRNA_1126;sgRNA_1127,3,CGGCGGAGGGGGCGGCGGTC;GAGGCGGCGGAGGGGGCGGC;GGAGGCGGCGGAGGGGGCGG,antisense;antisense;antisense,P378P
379,P,sgRNA_327;sgRNA_1126;sgRNA_1128,3,CCGCCGCCTCCCCATCCCCA;GAGGCGGCGGAGGGGGCGGC;GGGGAGGCGGCGGAGGGGGC,sense;antisense;antisense,P379P;P379S;P379L
380,P,sgRNA_327;sgRNA_328,2,CCGCCGCCTCCCCATCCCCA;CGCCTCCCCATCCCCACGCT,sense;sense,P380S;P380F;P380L
381,P,sgRNA_328,1,CGCCTCCCCATCCCCACGCT,sense,P381S;P381P;P381F;P381L
382,H,,0,,,
383,P,sgRNA_329;sgRNA_330,2,CCATCCCCACGCTCGCATCA;TCCCCACGCTCGCATCAAGC,sense;sense,P383S;P383F;P383L;P383P
384,H,sgRNA_329;sgRNA_330;sgRNA_331;sgRNA_332,4,CCATCCCCACGCTCGCATCA;TCCCCACGCTCGCATCAAGC;CCCCACGCTCGCATCAAGCT;CCACGCTCGCATCAAGCTGG,sense;sense;sense;sense,H384H;H384Y
385,A,sgRNA_331;sgRNA_332;sgRNA_1137;sgRNA_1138;sgRNA_1139;sgRNA_1140,6,CCCCACGCTCGCATCAAGCT;CCACGCTCGCATCAAGCTGG;GAGCGTGGGGATGGGGAGGC;CGAGCGTGGGGATGGGGAGG;TGCGAGCGTGGGGATGGGGA;ATGCGAGCGTGGGGATGGGG,sense;sense;antisense;antisense;antisense;antisense,A385T;A385V
386,R,sgRNA_332;sgRNA_333;sgRNA_1140;sgRNA_1141;sgRNA_1142;sgRNA_1143,6,CCACGCTCGCATCAAGCTGG;TCGCATCAAGCTGGAGAACC;ATGCGAGCGTGGGGATGGGG;TGATGCGAGCGTGGGGATGG;TTGATGCGAGCGTGGGGATG;CTTGATGCGAGCGTGGGGAT,sense;sense;antisense;antisense;antisense;antisense,R386R;R386C;R386H
387,I,sgRNA_333;sgRNA_334,2,TCGCATCAAGCTGGAGAACC;CATCAAGCTGGAGAACCCGC,sense;sense,I387I
388,K,sgRNA_1145;sgRNA_1146;sgRNA_1147;sgRNA_1148,4,CCAGCTTGATGCGAGCGTGG;TCCAGCTTGATGCGAGCGTG;CTCCAGCTTGATGCGAGCGT;TCTCCAGCTTGATGCGAGCG,antisense;antisense;antisense;antisense,K388K
389,L,sgRNA_334;sgRNA_335;sgRNA_1147;sgRNA_1148;sgRNA_1149,5,CATCAAGCTGGAGAACCCGC;ATCAAGCTGGAGAACCCGCT;CTCCAGCTTGATGCGAGCGT;TCTCCAGCTTGATGCGAGCG;GTTCTCCAGCTTGATGCGAG,sense;sense;antisense;antisense;antisense,L389L
390,E,sgRNA_1148;sgRNA_1149;sgRNA_1150;sgRNA_1151,4,TCTCCAGCTTGATGCGAGCG;GTTCTCCAGCTTGATGCGAG;GGGTTCTCCAGCTTGATGCG;GCGGGTTCTCCAGCTTGATG,antisense;antisense;antisense;antisense,E390E;E390K
391,N,sgRNA_337;sgRNA_338,2,TGGAGAACCCGCTGGACTAC;AGAACCCGCTGGACTACGGC,sense;sense,N391N
392,P,sgRNA_338;sgRNA_339;sgRNA_1152;sgRNA_1153,4,AGAACCCGCTGGACTACGGC;AACCCGCTGGACTACGGCAG;CAGCGGGTTCTCCAGCTTGA;GTCCAGCGGGTTCTCCAGCT,sense;sense;antisense;antisense,P392S;P392P;P392L
393,L,sgRNA_339;sgRNA_1153;sgRNA_1154,3,AACCCGCTGGACTACGGCAG;GTCCAGCGGGTTCTCCAGCT;CGTAGTCCAGCGGGTTCTCC,sense;antisense;antisense,L393L
394,D,sgRNA_340;sgRNA_341;sgRNA_342;sgRNA_343;sgRNA_1154,5,CGCTGGACTACGGCAGCGCC;GCTGGACTACGGCAGCGCCT;CTGGACTACGGCAGCGCCTG;GGACTACGGCAGCGCCTGGG;CGTAGTCCAGCGGGTTCTCC,sense;sense;sense;sense;antisense,D394D;D394N
395,Y,sgRNA_343;sgRNA_344,2,GGACTACGGCAGCGCCTGGG;GACTACGGCAGCGCCTGGGC,sense;sense,Y395Y
396,G,sgRNA_345;sgRNA_346;sgRNA_1155,3,TACGGCAGCGCCTGGGCGGC;CGGCAGCGCCTGGGCGGCTG;GGCGCTGCCGTAGTCCAGCG,sense;sense;antisense,G396D;G396G
397,S,sgRNA_346;sgRNA_347;sgRNA_348;sgRNA_1155;sgRNA_1156;sgRNA_1157,6,CGGCAGCGCCTGGGCGGCTG;GGCAGCGCCTGGGCGGCTGC;CAGCGCCTGGGCGGCTGCGG;GGCGCTGCCGTAGTCCAGCG;AGGCGCTGCCGTAGTCCAGC;CAGGCGCTGCCGTAGTCCAG,sense;sense;sense;antisense;antisense;antisense,S397N;S397S
398,A,sgRNA_347;sgRNA_348;sgRNA_349;sgRNA_350;sgRNA_1156;sgRNA_1157;sgRNA_1158,7,GGCAGCGCCTGGGCGGCTGC;CAGCGCCTGGGCGGCTGCGG;AGCGCCTGGGCGGCTGCGGC;CGCCTGGGCGGCTGCGGCGG;AGGCGCTGCCGTAGTCCAGC;CAGGCGCTGCCGTAGTCCAG;CCCAGGCGCTGCCGTAGTCC,sense;sense;sense;sense;antisense;antisense;antisense,A398T;A398V;A398A
399,W,sgRNA_1159,1,AGCCGCCCAGGCGCTGCCGT,antisense,W399.
400,A,sgRNA_351;sgRNA_352;sgRNA_1159;sgRNA_1160,4,CTGGGCGGCTGCGGCGGCGC;GGGCGGCTGCGGCGGCGCAG;AGCCGCCCAGGCGCTGCCGT;CGCAGCCGCCCAGGCGCTGC,sense;sense;antisense;antisense,A400V;A400T;A400A
401,A,sgRNA_352;sgRNA_353;sgRNA_1160,3,GGGCGGCTGCGGCGGCGCAG;CGGCTGCGGCGGCGCAGTGC;CGCAGCCGCCCAGGCGCTGC,sense;sense;antisense,A401V;A401T
402,A,sgRNA_353;sgRNA_1161;sgRNA_1162;sgRNA_1163;sgRNA_1164,5,CGGCTGCGGCGGCGCAGTGC;CGCCGCAGCCGCCCAGGCGC;CGCCGCCGCAGCCGCCCAGG;TGCGCCGCCGCAGCCGCCCA;CTGCGCCGCCGCAGCCGCCC,sense;antisense;antisense;antisense;antisense,A402T;A402A;A402V
403,A,sgRNA_354;sgRNA_355;sgRNA_1162;sgRNA_1163;sgRNA_1164,5,GCGGCGGCGCAGTGCCGCTA;CGGCGGCGCAGTGCCGCTAT;CGCCGCCGCAGCCGCCCAGG;TGCGCCGCCGCAGCCGCCCA;CTGCGCCGCCGCAGCCGCCC,sense;sense;antisense;antisense;antisense,A403A;A403T;A403V
404,A,sgRNA_354;sgRNA_355;sgRNA_356;sgRNA_357,4,GCGGCGGCGCAGTGCCGCTA;CGGCGGCGCAGTGCCGCTAT;GGCGGCGCAGTGCCGCTATG;GCGGCGCAGTGCCGCTATGG,sense;sense;sense;sense,A404V
405,Q,sgRNA_356;sgRNA_357;sgRNA_1165,3,GGCGGCGCAGTGCCGCTATG;GCGGCGCAGTGCCGCTATGG;CGGCACTGCGCCGCCGCAGC,sense;sense;antisense,Q405Q;Q405.
406,C,sgRNA_358;sgRNA_359;sgRNA_360;sgRNA_1165;sgRNA_1166,5,GCAGTGCCGCTATGGGGACC;CAGTGCCGCTATGGGGACCT;GTGCCGCTATGGGGACCTGG;CGGCACTGCGCCGCCGCAGC;TAGCGGCACTGCGCCGCCGC,sense;sense;sense;antisense;antisense,C406Y;C406C
407,R,sgRNA_358;sgRNA_359;sgRNA_360;sgRNA_361;sgRNA_1166;sgRNA_1167,6,GCAGTGCCGCTATGGGGACC;CAGTGCCGCTATGGGGACCT;GTGCCGCTATGGGGACCTGG;GCCGCTATGGGGACCTGGCG;TAGCGGCACTGCGCCGCCGC;CCATAGCGGCACTGCGCCGC,sense;sense;sense;sense;antisense;antisense,R407R;R407C;R407H
408,Y,,0,,,
409,G,sgRNA_1168;sgRNA_1169;sgRNA_1170,3,TCCCCATAGCGGCACTGCGC;AGGTCCCCATAGCGGCACTG;CCAGGTCCCCATAGCGGCAC,antisense;antisense;antisense,G409E;G409K;G409R;G409G
410,D,sgRNA_363;sgRNA_364;sgRNA_1169;sgRNA_1170,4,GGGGACCTGGCGAGCCTGCA;GGGACCTGGCGAGCCTGCAT;AGGTCCCCATAGCGGCACTG;CCAGGTCCCCATAGCGGCAC,sense;sense;antisense;antisense,D410D;D410N
411,L,sgRNA_363;sgRNA_364;sgRNA_365;sgRNA_1171;sgRNA_1172,5,GGGGACCTGGCGAGCCTGCA;GGGACCTGGCGAGCCTGCAT;GACCTGGCGAGCCTGCATGG;GCTCGCCAGGTCCCCATAGC;GGCTCGCCAGGTCCCCATAG,sense;sense;sense;antisense;antisense,L411L
412,A,sgRNA_365;sgRNA_366;sgRNA_367;sgRNA_368;sgRNA_1171;sgRNA_1172;sgRNA_1173,7,GACCTGGCGAGCCTGCATGG;CCTGGCGAGCCTGCATGGCG;CTGGCGAGCCTGCATGGCGC;TGGCGAGCCTGCATGGCGCG;GCTCGCCAGGTCCCCATAGC;GGCTCGCCAGGTCCCCATAG;CAGGCTCGCCAGGTCCCCAT,sense;sense;sense;sense;antisense;antisense;antisense,A412V;A412A;A412T
413,S,sgRNA_368;sgRNA_369;sgRNA_1173,3,TGGCGAGCCTGCATGGCGCG;GCGAGCCTGCATGGCGCGGG;CAGGCTCGCCAGGTCCCCAT,sense;sense;antisense,S413N;S413S
414,L,sgRNA_369;sgRNA_370,2,GCGAGCCTGCATGGCGCGGG;AGCCTGCATGGCGCGGGTGC,sense;sense,L414L
415,H,sgRNA_370;sgRNA_371;sgRNA_372,3,AGCCTGCATGGCGCGGGTGC;CCTGCATGGCGCGGGTGCAG;CTGCATGGCGCGGGTGCAGC,sense;sense;sense,H415Y
416,G,sgRNA_373;sgRNA_1174;sgRNA_1175,3,TGCATGGCGCGGGTGCAGCG;CGCGCCATGCAGGCTCGCCA;CCGCGCCATGCAGGCTCGCC,sense;antisense;antisense,G416G;G416S;G416D;G416N
417,A,sgRNA_374;sgRNA_375;sgRNA_1175;sgRNA_1176,4,GGCGCGGGTGCAGCGGGACC;GCGCGGGTGCAGCGGGACCC;CCGCGCCATGCAGGCTCGCC;GCACCCGCGCCATGCAGGCT,sense;sense;antisense;antisense,A417T;A417V;A417A
418,G,sgRNA_1176;sgRNA_1177,2,GCACCCGCGCCATGCAGGCT;CGCTGCACCCGCGCCATGCA,antisense;antisense,G418D;G418S;G418N
419,A,sgRNA_376;sgRNA_377;sgRNA_1177;sgRNA_1178,4,GGTGCAGCGGGACCCGGTTC;GTGCAGCGGGACCCGGTTCT;CGCTGCACCCGCGCCATGCA;CCGCTGCACCCGCGCCATGC,sense;sense;antisense;antisense,A419V;A419T
420,A,sgRNA_376;sgRNA_377;sgRNA_378;sgRNA_1178;sgRNA_1179,5,GGTGCAGCGGGACCCGGTTC;GTGCAGCGGGACCCGGTTCT;TGCAGCGGGACCCGGTTCTG;CCGCTGCACCCGCGCCATGC;GTCCCGCTGCACCCGCGCCA,sense;sense;sense;antisense;antisense,A420V;A420A;A420T
421,G,sgRNA_1179;sgRNA_1180,2,GTCCCGCTGCACCCGCGCCA;ACCGGGTCCCGCTGCACCCG,antisense;antisense,G421R;G421E
422,P,,0,,,
423,G,sgRNA_1181,1,GAACCGGGTCCCGCTGCACC,antisense,G423S;G423N;G423D
424,S,sgRNA_379;sgRNA_380,2,CCCGGTTCTGGGTCACCCTC;GGTTCTGGGTCACCCTCAGC,sense;sense,S424F
425,G,sgRNA_1182;sgRNA_1183,2,GACCCAGAACCGGGTCCCGC;GGTGACCCAGAACCGGGTCC,antisense;antisense,G425K;G425R;G425E;G425G
426,S,sgRNA_381,1,TCTGGGTCACCCTCAGCCGC,sense,S426L
427,P,,0,,,
428,S,,0,,,
429,A,sgRNA_382;sgRNA_383;sgRNA_1187,3,CAGCCGCCGCTTCCTCATCC;AGCCGCCGCTTCCTCATCCT;GCGGCGGCTGAGGGTGACCC,sense;sense;antisense,A429T;A429V;A429A
430,A,sgRNA_382;sgRNA_383;sgRNA_1187,3,CAGCCGCCGCTTCCTCATCC;AGCCGCCGCTTCCTCATCCT;GCGGCGGCTGAGGGTGACCC,sense;sense;antisense,A430A;A430T;A430V
431,A,sgRNA_1188,1,GAGGAAGCGGCGGCTGAGGG,antisense,A431T
432,S,,0,,,
433,S,,0,,,
434,S,,0,,,
435,W,sgRNA_1193;sgRNA_1194;sgRNA_1195;sgRNA_1196,4,TGCCAGGATGAGGAAGCGGC;GTGCCAGGATGAGGAAGCGG;GTGTGCCAGGATGAGGAAGC;AGTGTGCCAGGATGAGGAAG,antisense;antisense;antisense;antisense,W435.
436,H,sgRNA_384;sgRNA_385,2,TCCTGGCACACTCTCTTCAC;TGGCACACTCTCTTCACAGC,sense;sense,H436H;H436Y
437,T,sgRNA_385;sgRNA_386,2,TGGCACACTCTCTTCACAGC;CACACTCTCTTCACAGCCGA,sense;sense,T437I
438,L,sgRNA_386;sgRNA_387;sgRNA_388,3,CACACTCTCTTCACAGCCGA;ACTCTCTTCACAGCCGAAGA;CTCTCTTCACAGCCGAAGAA,sense;sense;sense,L438L;L438F
439,F,sgRNA_388;sgRNA_389,2,CTCTCTTCACAGCCGAAGAA;CTTCACAGCCGAAGAAGGCC,sense;sense,F439F
440,T,sgRNA_389,1,CTTCACAGCCGAAGAAGGCC,sense,T440I
441,A,sgRNA_390;sgRNA_1203,2,CACAGCCGAAGAAGGCCAGT;CTTCGGCTGTGAAGAGAGTG,sense;antisense,A441T;A441A;A441V
442,E,sgRNA_1203;sgRNA_1204;sgRNA_1205,3,CTTCGGCTGTGAAGAGAGTG;TTCTTCGGCTGTGAAGAGAG;CCTTCTTCGGCTGTGAAGAG,antisense;antisense;antisense,E442K
443,E,sgRNA_1205;sgRNA_1206,2,CCTTCTTCGGCTGTGAAGAG;GGCCTTCTTCGGCTGTGAAG,antisense;antisense,E443K
444,G,sgRNA_393;sgRNA_394;sgRNA_1206;sgRNA_1207;sgRNA_1208,5,AGAAGGCCAGTTGTATGGAC;AAGGCCAGTTGTATGGACCG;GGCCTTCTTCGGCTGTGAAG;CTGGCCTTCTTCGGCTGTGA;CAACTGGCCTTCTTCGGCTG,sense;sense;antisense;antisense;antisense,G444S;G444D;G444G;G444N
445,Q,sgRNA_393;sgRNA_394;sgRNA_395;sgRNA_1208;sgRNA_1209,5,AGAAGGCCAGTTGTATGGAC;AAGGCCAGTTGTATGGACCG;GGCCAGTTGTATGGACCGTG;CAACTGGCCTTCTTCGGCTG;TACAACTGGCCTTCTTCGGC,sense;sense;sense;antisense;antisense,Q445Q;Q445.
446,L,sgRNA_1210;sgRNA_1211,2,CCATACAACTGGCCTTCTTC;TCCATACAACTGGCCTTCTT,antisense;antisense,L446L
447,Y,,0,,,
448,G,,0,,,
449,P,sgRNA_401;sgRNA_402;sgRNA_403;sgRNA_404;sgRNA_405;sgRNA_1212;sgRNA_1213,7,TATGGACCGTGTGGTGGTGG;ATGGACCGTGTGGTGGTGGT;TGGACCGTGTGGTGGTGGTG;GGACCGTGTGGTGGTGGTGG;GACCGTGTGGTGGTGGTGGG;ACCACACGGTCCATACAACT;CACCACACGGTCCATACAAC,sense;sense;sense;sense;sense;antisense;antisense,P449S;P449L;P449P
450,C,sgRNA_1212;sgRNA_1213,2,ACCACACGGTCCATACAACT;CACCACACGGTCCATACAAC,antisense;antisense,C450Y
451,G,sgRNA_1213,1,CACCACACGGTCCATACAAC,antisense,G451S
452,G,,0,,,
453,G,,0,,,
454,G,sgRNA_1214;sgRNA_1215,2,CACCCCCACCACCACCACAC;CCACCCCCACCACCACCACA,antisense;antisense,G454K;G454E;G454R;G454G
455,G,sgRNA_1214;sgRNA_1215,2,CACCCCCACCACCACCACAC;CCACCCCCACCACCACCACA,antisense;antisense,G455S;G455N;G455D
456,G,,0,,,
457,G,sgRNA_419;sgRNA_420;sgRNA_421,3,GTGGTGGCGGCGGCGGCGGC;GGTGGCGGCGGCGGCGGCGG;GTGGCGGCGGCGGCGGCGGC,sense;sense;sense,G457G
458,G,sgRNA_421,1,GTGGCGGCGGCGGCGGCGGC,sense,G458G
459,G,,0,,,
460,G,,0,,,
461,G,,0,,,
462,G,,0,,,
463,G,,0,,,
464,G,,0,,,
465,G,,0,,,
466,G,,0,,,
467,G,,0,,,
468,G,sgRNA_422,1,CGGCGGCGGCGGCGGCGGCG,sense,G468G
469,G,sgRNA_422;sgRNA_423;sgRNA_424,3,CGGCGGCGGCGGCGGCGGCG;GGCGGCGGCGGCGGCGGCGA;CGGCGGCGGCGGCGGCGAGG,sense;sense;sense,G469G
470,G,sgRNA_424;sgRNA_425;sgRNA_426,3,CGGCGGCGGCGGCGGCGAGG;GGCGGCGGCGGCGGCGAGGC;GCGGCGGCGGCGGCGAGGCG,sense;sense;sense,G470G
471,G,sgRNA_426;sgRNA_427;sgRNA_1216,3,GCGGCGGCGGCGGCGAGGCG;GGCGGCGGCGGCGAGGCGGG;CTCGCCGCCGCCGCCGCCGC,sense;sense;antisense,G471D;G471G
472,G,sgRNA_428;sgRNA_1216,2,GGCGGCGGCGAGGCGGGAGC;CTCGCCGCCGCCGCCGCCGC,sense;antisense,G472D;G472G;G472N;G472S
473,G,sgRNA_429;sgRNA_1217,2,GGCGGCGAGGCGGGAGCTGT;CGCCTCGCCGCCGCCGCCGC,sense;antisense,G473G;G473D
474,E,sgRNA_1217;sgRNA_1218,2,CGCCTCGCCGCCGCCGCCGC;TCCCGCCTCGCCGCCGCCGC,antisense;antisense,E474K;E474E
475,A,sgRNA_1218;sgRNA_1219,2,TCCCGCCTCGCCGCCGCCGC;AGCTCCCGCCTCGCCGCCGC,antisense;antisense,A475T;A475A
476,G,sgRNA_1219;sgRNA_1220,2,AGCTCCCGCCTCGCCGCCGC;TACAGCTCCCGCCTCGCCGC,antisense;antisense,G476R;G476E;G476K
477,A,sgRNA_430;sgRNA_431;sgRNA_1220,3,GCGGGAGCTGTAGCCCCCTA;CGGGAGCTGTAGCCCCCTAC;TACAGCTCCCGCCTCGCCGC,sense;sense;antisense,A477T;A477V
478,V,sgRNA_1221,1,GGCTACAGCTCCCGCCTCGC,antisense,V478I
479,A,sgRNA_432;sgRNA_433;sgRNA_1222,3,TAGCCCCCTACGGCTACACT;AGCCCCCTACGGCTACACTC;GGGGGCTACAGCTCCCGCCT,sense;sense;antisense,A479A;A479V;A479T
480,P,sgRNA_432;sgRNA_433,2,TAGCCCCCTACGGCTACACT;AGCCCCCTACGGCTACACTC,sense;sense,P480F;P480L;P480S;P480P
481,Y,,0,,,
482,G,sgRNA_434;sgRNA_1224,2,CGGCTACACTCGGCCCCCTC;GTGTAGCCGTAGGGGGCTAC,sense;antisense,G482G;G482D;G482S;G482N
483,Y,sgRNA_434;sgRNA_435;sgRNA_436;sgRNA_437,4,CGGCTACACTCGGCCCCCTC;GGCTACACTCGGCCCCCTCA;GCTACACTCGGCCCCCTCAG;CTACACTCGGCCCCCTCAGG,sense;sense;sense;sense,Y483Y
484,T,sgRNA_435;sgRNA_436;sgRNA_437,3,GGCTACACTCGGCCCCCTCA;GCTACACTCGGCCCCCTCAG;CTACACTCGGCCCCCTCAGG,sense;sense;sense,T484I
485,R,sgRNA_437;sgRNA_438;sgRNA_439;sgRNA_1225;sgRNA_1226;sgRNA_1227;sgRNA_1228;sgRNA_1229,8,CTACACTCGGCCCCCTCAGG;CACTCGGCCCCCTCAGGGGC;ACTCGGCCCCCTCAGGGGCT;GGCCGAGTGTAGCCGTAGGG;GGGCCGAGTGTAGCCGTAGG;GGGGCCGAGTGTAGCCGTAG;GGGGGCCGAGTGTAGCCGTA;AGGGGGCCGAGTGTAGCCGT,sense;sense;sense;antisense;antisense;antisense;antisense;antisense,R485Q;R485R;R485W
486,P,sgRNA_438;sgRNA_439;sgRNA_440;sgRNA_441;sgRNA_442,5,CACTCGGCCCCCTCAGGGGC;ACTCGGCCCCCTCAGGGGCT;TCGGCCCCCTCAGGGGCTGG;CGGCCCCCTCAGGGGCTGGC;GGCCCCCTCAGGGGCTGGCG,sense;sense;sense;sense;sense,P486L;P486F;P486S;P486P
487,P,sgRNA_440;sgRNA_441;sgRNA_442,3,TCGGCCCCCTCAGGGGCTGG;CGGCCCCCTCAGGGGCTGGC;GGCCCCCTCAGGGGCTGGCG,sense;sense;sense,P487S;P487L;P487F
488,Q,sgRNA_443;sgRNA_444;sgRNA_1231;sgRNA_1232,4,CCCTCAGGGGCTGGCGGGCC;CCTCAGGGGCTGGCGGGCCA;CCCCTGAGGGGGCCGAGTGT;CAGCCCCTGAGGGGGCCGAG,sense;sense;antisense;antisense,Q488.;Q488Q
489,G,sgRNA_1232;sgRNA_1233;sgRNA_1234,3,CAGCCCCTGAGGGGGCCGAG;GCCAGCCCCTGAGGGGGCCG;CCGCCAGCCCCTGAGGGGGC,antisense;antisense;antisense,G489R;G489K;G489G;G489E
490,L,sgRNA_445;sgRNA_446;sgRNA_1234;sgRNA_1235,4,AGGGGCTGGCGGGCCAGGAA;GGGCTGGCGGGCCAGGAAAG;CCGCCAGCCCCTGAGGGGGC;GGCCCGCCAGCCCCTGAGGG,sense;sense;antisense;antisense,L490L
491,A,sgRNA_446;sgRNA_1234;sgRNA_1235;sgRNA_1236;sgRNA_1237;sgRNA_1238,6,GGGCTGGCGGGCCAGGAAAG;CCGCCAGCCCCTGAGGGGGC;GGCCCGCCAGCCCCTGAGGG;TGGCCCGCCAGCCCCTGAGG;CTGGCCCGCCAGCCCCTGAG;CCTGGCCCGCCAGCCCCTGA,sense;antisense;antisense;antisense;antisense;antisense,A491A;A491V;A491T
492,G,sgRNA_1235;sgRNA_1236;sgRNA_1237;sgRNA_1238;sgRNA_1239,5,GGCCCGCCAGCCCCTGAGGG;TGGCCCGCCAGCCCCTGAGG;CTGGCCCGCCAGCCCCTGAG;CCTGGCCCGCCAGCCCCTGA;TCCTGGCCCGCCAGCCCCTG,antisense;antisense;antisense;antisense;antisense,G492S;G492N;G492D
493,Q,sgRNA_447;sgRNA_1240,2,GGCCAGGAAAGCGACTTCAC;TTTCCTGGCCCGCCAGCCCC,sense;antisense,Q493.;Q493Q
494,E,sgRNA_1240,1,TTTCCTGGCCCGCCAGCCCC,antisense,E494K
495,S,sgRNA_448;sgRNA_1241,2,GAAAGCGACTTCACCGCACC;AGTCGCTTTCCTGGCCCGCC,sense;antisense,S495N;S495S
496,D,sgRNA_449;sgRNA_450;sgRNA_1241;sgRNA_1242,4,AGCGACTTCACCGCACCTGA;CGACTTCACCGCACCTGATG;AGTCGCTTTCCTGGCCCGCC;GTGAAGTCGCTTTCCTGGCC,sense;sense;antisense;antisense,D496N;D496D
497,F,sgRNA_450;sgRNA_451;sgRNA_452,3,CGACTTCACCGCACCTGATG;ACTTCACCGCACCTGATGTG;CTTCACCGCACCTGATGTGT,sense;sense;sense,F497F
498,T,sgRNA_451;sgRNA_452,2,ACTTCACCGCACCTGATGTG;CTTCACCGCACCTGATGTGT,sense;sense,T498T;T498I
499,A,sgRNA_1244,1,GTGCGGTGAAGTCGCTTTCC,antisense,A499T
500,P,sgRNA_453;sgRNA_454,2,GCACCTGATGTGTGGTACCC;CACCTGATGTGTGGTACCCT,sense;sense,P500F;P500L;P500S
501,D,sgRNA_1245,1,CACATCAGGTGCGGTGAAGT,antisense,D501N
502,V,sgRNA_1246;sgRNA_1247,2,CCACACATCAGGTGCGGTGA;GTACCACACATCAGGTGCGG,antisense;antisense,V502M;V502V;V502I
503,W,sgRNA_1247;sgRNA_1248;sgRNA_1249,3,GTACCACACATCAGGTGCGG;GGGTACCACACATCAGGTGC;AGGGTACCACACATCAGGTG,antisense;antisense;antisense,W503.
504,Y,sgRNA_459;sgRNA_460,2,GTGGTACCCTGGCGGCATGG;GGTACCCTGGCGGCATGGTG,sense;sense,Y504Y
505,P,sgRNA_459;sgRNA_460;sgRNA_461,3,GTGGTACCCTGGCGGCATGG;GGTACCCTGGCGGCATGGTG;ACCCTGGCGGCATGGTGAGC,sense;sense;sense,P505F;P505L;P505S
506,G,sgRNA_461;sgRNA_462;sgRNA_463;sgRNA_1251;sgRNA_1252,5,ACCCTGGCGGCATGGTGAGC;CCTGGCGGCATGGTGAGCAG;TGGCGGCATGGTGAGCAGAG;CGCCAGGGTACCACACATCA;CCGCCAGGGTACCACACATC,sense;sense;sense;antisense;antisense,G506D;G506S;G506G;G506N
507,G,sgRNA_463,1,TGGCGGCATGGTGAGCAGAG,sense,G507G
508,M,,0,,,
509,V,sgRNA_1253;sgRNA_1254,2,TCTGCTCACCATGCCGCCAG;CTCTGCTCACCATGCCGCCA,antisense;antisense,V509V
510,S,sgRNA_464;sgRNA_1253;sgRNA_1254;sgRNA_1255,4,TGAGCAGAGTGCCCTATCCC;TCTGCTCACCATGCCGCCAG;CTCTGCTCACCATGCCGCCA;ACTCTGCTCACCATGCCGCC,sense;antisense;antisense;antisense,S510S;S510N
511,R,sgRNA_1255;sgRNA_1256,2,ACTCTGCTCACCATGCCGCC;GGGCACTCTGCTCACCATGC,antisense;antisense,R511K
512,V,sgRNA_1256;sgRNA_1257,2,GGGCACTCTGCTCACCATGC;ATAGGGCACTCTGCTCACCA,antisense;antisense,V512V;V512M;V512I
513,P,sgRNA_465,1,TGCCCTATCCCAGTCCCACT,sense,P513L;P513P
514,Y,,0,,,
515,P,sgRNA_466,1,CCCTATCCCAGTCCCACTTG,sense,P515L;P515S;P515F
516,S,sgRNA_1258,1,GGGACTGGGATAGGGCACTC,antisense,S516N
517,P,sgRNA_467;sgRNA_468,2,CCAGTCCCACTTGTGTCAAA;AGTCCCACTTGTGTCAAAAG,sense;sense,P517P;P517F;P517S;P517L
518,T,sgRNA_468,1,AGTCCCACTTGTGTCAAAAG,sense,T518I
519,C,sgRNA_1260;sgRNA_1261,2,ACACAAGTGGGACTGGGATA;GACACAAGTGGGACTGGGAT,antisense;antisense,C519Y
520,V,sgRNA_471,1,CTTGTGTCAAAAGCGAAATG,sense,V520V
521,K,,0,,,
522,S,sgRNA_472;sgRNA_473;sgRNA_474,3,TCAAAAGCGAAATGGGCCCC;CAAAAGCGAAATGGGCCCCT;AAGCGAAATGGGCCCCTGGA,sense;sense;sense,S522S
523,E,,0,,,
524,M,,0,,,
525,G,sgRNA_476;sgRNA_1262,2,AAATGGGCCCCTGGATGGAT;CCAGGGGCCCATTTCGCTTT,sense;antisense,G525G;G525D
526,P,,0,,,
527,W,sgRNA_1263,1,ATCCATCCAGGGGCCCATTT,antisense,W527.
528,M,sgRNA_1263,1,ATCCATCCAGGGGCCCATTT,antisense,M528I
529,D,,0,,,
530,S,sgRNA_479;sgRNA_480;sgRNA_481;sgRNA_1264,4,GATAGCTACTCCGGACCTTA;ATAGCTACTCCGGACCTTAC;TAGCTACTCCGGACCTTACG;GGAGTAGCTATCCATCCAGG,sense;sense;sense;antisense,S530N;S530S
531,Y,sgRNA_480;sgRNA_481;sgRNA_482,3,ATAGCTACTCCGGACCTTAC;TAGCTACTCCGGACCTTACG;AGCTACTCCGGACCTTACGG,sense;sense;sense,Y531Y
532,S,sgRNA_482;sgRNA_483,2,AGCTACTCCGGACCTTACGG;CTCCGGACCTTACGGGGACA,sense;sense,S532F;S532S
533,G,,0,,,
534,P,sgRNA_483;sgRNA_484;sgRNA_485,3,CTCCGGACCTTACGGGGACA;CCGGACCTTACGGGGACATG;CGGACCTTACGGGGACATGC,sense;sense;sense,P534S;P534L;P534F
535,Y,sgRNA_486,1,CCTTACGGGGACATGCGgta,sense,Y535Y
536,G,sgRNA_1268;sgRNA_1269,2,GTCCCCGTAAGGTCCGGAGT;CATGTCCCCGTAAGGTCCGG,antisense;antisense,G536R;G536G;G536E;G536K
537,D,sgRNA_1269;sgRNA_1270,2,CATGTCCCCGTAAGGTCCGG;CGCATGTCCCCGTAAGGTCC,antisense;antisense,D537N
538,M,sgRNA_1271;sgRNA_1272,2,cCGCATGTCCCCGTAAGGTC;cttacCGCATGTCCCCGTAA,antisense;antisense,M538I
539,R,,0,,,
540,L,,0,,,
541,E,sgRNA_1276,1,TGGCAGTCTCCAAActggaa,antisense,E541E
542,T,sgRNA_492,1,TTGGAGACTGCCAGGGACCA,sense,T542I
543,A,sgRNA_493;sgRNA_1276;sgRNA_1277,3,GACTGCCAGGGACCATGTTT;TGGCAGTCTCCAAActggaa;TCCCTGGCAGTCTCCAAAct,sense;antisense;antisense,A543V;A543A;A543T
544,R,sgRNA_1277;sgRNA_1278,2,TCCCTGGCAGTCTCCAAAct;GTCCCTGGCAGTCTCCAAAc,antisense;antisense,R544R;R544K
545,D,,0,,,
546,H,,0,,,
547,V,sgRNA_1279,1,GGCAAAACATGGTCCCTGGC,antisense,V547I
548,L,sgRNA_1280;sgRNA_1281,2,ATGGGCAAAACATGGTCCCT;AATGGGCAAAACATGGTCCC,antisense;antisense,L548L
549,P,,0,,,
550,I,,0,,,
551,D,sgRNA_494;sgRNA_1282;sgRNA_1283,3,TGACTATTACTTTCCACCCC;ATAGTCAATGGGCAAAACAT;AATAGTCAATGGGCAAAACA,sense;antisense;antisense,D551D;D551N
552,Y,,0,,,
553,Y,sgRNA_495,1,CTATTACTTTCCACCCCAGA,sense,Y553Y
554,F,,0,,,
555,P,sgRNA_496,1,ACTTTCCACCCCAGAAGACC,sense,P555L;P555S
556,P,sgRNA_497,1,TCCACCCCAGAAGACCTGCC,sense,P556S;P556F;P556P;P556L
557,Q,sgRNA_497;sgRNA_1287,2,TCCACCCCAGAAGACCTGCC;CTTCTGGGGTGGAAAGTAAT,sense;antisense,Q557.;Q557Q
558,K,sgRNA_1288,1,GCAGGTCTTCTGGGGTGGAA,antisense,K558K
559,T,sgRNA_499;sgRNA_500;sgRNA_501,3,CAGAAGACCTGCCTGATCTG;AGAAGACCTGCCTGATCTGT;AAGACCTGCCTGATCTGTGG,sense;sense;sense,T559I;T559T
560,C,sgRNA_502;sgRNA_1289;sgRNA_1290,3,ACCTGCCTGATCTGTGGAGA;TCAGGCAGGTCTTCTGGGGT;ATCAGGCAGGTCTTCTGGGG,sense;antisense;antisense,C560C;C560Y
561,L,sgRNA_502;sgRNA_503;sgRNA_1291;sgRNA_1292;sgRNA_1293;sgRNA_1294,6,ACCTGCCTGATCTGTGGAGA;TGCCTGATCTGTGGAGATGA;AGATCAGGCAGGTCTTCTGG;CAGATCAGGCAGGTCTTCTG;ACAGATCAGGCAGGTCTTCT;CACAGATCAGGCAGGTCTTC,sense;sense;antisense;antisense;antisense;antisense,L561L
562,I,,0,,,
563,C,,0,,,
564,G,sgRNA_1295;sgRNA_1296,2,TCATCTCCACAGATCAGGCA;TTCATCTCCACAGATCAGGC,antisense;antisense,G564R;G564E;G564K
565,D,sgRNA_1295;sgRNA_1296,2,TCATCTCCACAGATCAGGCA;TTCATCTCCACAGATCAGGC,antisense;antisense,D565N
566,E,sgRNA_1297;sgRNA_1298,2,AGCTTCATCTCCACAGATCA;AAGCTTCATCTCCACAGATC,antisense;antisense,E566K
567,A,sgRNA_508;sgRNA_509;sgRNA_1298,3,GAAGCTTCTGGGTGTCACTA;AAGCTTCTGGGTGTCACTAT;AAGCTTCATCTCCACAGATC,sense;sense;antisense,A567V;A567T
568,S,sgRNA_508;sgRNA_509;sgRNA_510,3,GAAGCTTCTGGGTGTCACTA;AAGCTTCTGGGTGTCACTAT;GCTTCTGGGTGTCACTATGG,sense;sense;sense,S568F
569,G,,0,,,
570,C,,0,,,
571,H,sgRNA_511,1,GTCACTATGGAGCTCTCACA,sense,H571H
572,Y,,0,,,
573,G,sgRNA_1300;sgRNA_1301,2,GCTCCATAGTGACACCCAGA;AGAGCTCCATAGTGACACCC,antisense;antisense,G573K;G573E;G573R
574,A,sgRNA_514;sgRNA_515;sgRNA_1301,3,ATGGAGCTCTCACATGTGGA;GAGCTCTCACATGTGGAAGC;AGAGCTCCATAGTGACACCC,sense;sense;antisense,A574T;A574V
575,L,sgRNA_515;sgRNA_516,2,GAGCTCTCACATGTGGAAGC;TCTCACATGTGGAAGCTGCA,sense;sense,L575L;L575F
576,T,sgRNA_516;sgRNA_517,2,TCTCACATGTGGAAGCTGCA;CTCACATGTGGAAGCTGCAA,sense;sense,T576I
577,C,sgRNA_1303,1,TCCACATGTGAGAGCTCCAT,antisense,C577Y
578,G,,0,,,
579,S,sgRNA_1304,1,TTGCAGCTTCCACATGTGAG,antisense,S579N
580,C,sgRNA_518;sgRNA_1304;sgRNA_1305;sgRNA_1306,4,GCTGCAAGGTCTTCTTCAAA;TTGCAGCTTCCACATGTGAG;CCTTGCAGCTTCCACATGTG;GACCTTGCAGCTTCCACATG,sense;antisense;antisense;antisense,C580C;C580Y
581,K,sgRNA_1306;sgRNA_1307,2,GACCTTGCAGCTTCCACATG;AAGACCTTGCAGCTTCCACA,antisense;antisense,K581K
582,V,sgRNA_520;sgRNA_1307,2,AAGGTCTTCTTCAAAAGAGC;AAGACCTTGCAGCTTCCACA,sense;antisense,V582I;V582V
583,F,sgRNA_521,1,GTCTTCTTCAAAAGAGCCGC,sense,F583F
584,F,sgRNA_522;sgRNA_523,2,TTCTTCAAAAGAGCCGCTGA;TCTTCAAAAGAGCCGCTGAA,sense;sense,F584F
585,K,,0,,,
586,R,,0,,,
587,A,sgRNA_524;sgRNA_525;sgRNA_526,3,AAAAGAGCCGCTGAAGgtaa;AAAGAGCCGCTGAAGgtaaa;AAGAGCCGCTGAAGgtaaag,sense;sense;sense,A587A;A587V
588,A,sgRNA_527,1,CCGCTGAAGgtaaagggtct,sense,A588V
589,E,,0,,,
590,G,,0,,,
591,K,,0,,,
592,Q,sgRNA_1313,1,GGTACTTCTGTTTCCctggg,antisense,Q592Q
593,K,sgRNA_1313;sgRNA_1314;sgRNA_1315,3,GGTACTTCTGTTTCCctggg;CAGGTACTTCTGTTTCCctg;ACAGGTACTTCTGTTTCCct,antisense;antisense;antisense,K593K
594,Y,sgRNA_535,1,AGAAGTACCTGTGCGCCAGC,sense,Y594Y
595,L,sgRNA_536,1,TACCTGTGCGCCAGCAGAAA,sense,L595L
596,C,sgRNA_537,1,TGTGCGCCAGCAGAAATGAT,sense,C596C
597,A,sgRNA_537;sgRNA_1317,2,TGTGCGCCAGCAGAAATGAT;TGCTGGCGCACAGGTACTTC,sense;antisense,A597V;A597T;A597A
598,S,,0,,,
599,R,sgRNA_1318,1,ATCATTTCTGCTGGCGCACA,antisense,R599K
600,N,,0,,,
601,D,sgRNA_1319,1,AATCATTTCTGCTGGCGCAC,antisense,D601N
602,C,sgRNA_539;sgRNA_1320;sgRNA_1321;sgRNA_1322,4,ATTGCACTATTGATAAATTC;AGTGCAATCATTTCTGCTGG;ATAGTGCAATCATTTCTGCT;AATAGTGCAATCATTTCTGC,sense;antisense;antisense;antisense,C602C;C602Y
603,T,sgRNA_539;sgRNA_540,2,ATTGCACTATTGATAAATTC;GCACTATTGATAAATTCCGA,sense;sense,T603I
604,I,,0,,,
605,D,,0,,,
606,K,,0,,,
607,F,sgRNA_542,1,ATAAATTCCGAAGGAAAAAT,sense,F607F
608,R,sgRNA_1324;sgRNA_1325,2,CCTTCGGAATTTATCAATAG;TTCCTTCGGAATTTATCAAT,antisense;antisense,R608Q
609,R,sgRNA_1325,1,TTCCTTCGGAATTTATCAAT,antisense,R609K
610,K,,0,,,
611,N,,0,,,
612,C,,0,,,
613,P,sgRNA_545;sgRNA_546,2,ATTGTCCATCTTGTCGTCTT;TTGTCCATCTTGTCGTCTTC,sense;sense,P613L;P613S
614,S,sgRNA_547,1,CATCTTGTCGTCTTCGGAAA,sense,S614F
615,C,,0,,,
616,R,sgRNA_548,1,TGTCGTCTTCGGAAATGTTA,sense,R616C
617,L,sgRNA_548;sgRNA_549,2,TGTCGTCTTCGGAAATGTTA;CGTCTTCGGAAATGTTATGA,sense;sense,L617F
618,R,sgRNA_549;sgRNA_550;sgRNA_1326;sgRNA_1327,4,CGTCTTCGGAAATGTTATGA;CTTCGGAAATGTTATGAAGC;ATTTCCGAAGACGACAAGAT;CATTTCCGAAGACGACAAGA,sense;sense;antisense;antisense,R618W;R618R;R618Q
619,K,,0,,,
620,C,sgRNA_1328,1,TAACATTTCCGAAGACGACA,antisense,C620Y
621,Y,,0,,,
622,E,sgRNA_1329;sgRNA_1330,2,CTTCATAACATTTCCGAAGA;CTGCTTCATAACATTTCCGA,antisense;antisense,E622K
623,A,sgRNA_555;sgRNA_556;sgRNA_557;sgRNA_558;sgRNA_1330;sgRNA_1331,6,TATGAAGCAGGGATGACTCT;ATGAAGCAGGGATGACTCTG;GAAGCAGGGATGACTCTGGG;AAGCAGGGATGACTCTGGGA;CTGCTTCATAACATTTCCGA;TCCCTGCTTCATAACATTTC,sense;sense;sense;sense;antisense;antisense,A623T;A623V
624,G,sgRNA_1331,1,TCCCTGCTTCATAACATTTC,antisense,G624R
625,M,,0,,,
626,T,,0,,,
627,L,,0,,,
628,G,sgRNA_1332,1,ttacCTCCCAGAGTCATCCC,antisense,G628R;G628K;G628E
629,A,,0,,,
630,R,sgRNA_1337;sgRNA_1338;sgRNA_1339,3,TTCCGGGctattgggaagga;AGCTTCCGGGctattgggaa;CAGCTTCCGGGctattggga,antisense;antisense;antisense,R630R;R630Q
631,K,sgRNA_1339;sgRNA_1340;sgRNA_1341,3,CAGCTTCCGGGctattggga;CTTCAGCTTCCGGGctattg;TCTTCAGCTTCCGGGctatt,antisense;antisense;antisense,K631K
632,L,sgRNA_1340;sgRNA_1341;sgRNA_1342,3,CTTCAGCTTCCGGGctattg;TCTTCAGCTTCCGGGctatt;TTCTTCAGCTTCCGGGctat,antisense;antisense;antisense,L632L
633,K,,0,,,
634,K,,0,,,
635,L,,0,,,
636,G,sgRNA_1345,1,TACCAAGTTTCTTCAGCTTC,antisense,G636S
637,N,,0,,,
638,L,sgRNA_570;sgRNA_571;sgRNA_572,3,TGGTAATCTGAAACTACAGG;GGTAATCTGAAACTACAGGA;AATCTGAAACTACAGGAGGA,sense;sense;sense,L638L
639,K,,0,,,
640,L,sgRNA_574;sgRNA_575;sgRNA_576,3,CTGAAACTACAGGAGGAAGG;GAAACTACAGGAGGAAGGAG;AAACTACAGGAGGAAGGAGA,sense;sense;sense,L640L
641,Q,sgRNA_575;sgRNA_576,2,GAAACTACAGGAGGAAGGAG;AAACTACAGGAGGAAGGAGA,sense;sense,Q641.
642,E,sgRNA_1348,1,CTCCTTCCTCCTGTAGTTTC,antisense,E642E
643,E,sgRNA_1348,1,CTCCTTCCTCCTGTAGTTTC,antisense,E643K
644,G,sgRNA_1348,1,CTCCTTCCTCCTGTAGTTTC,antisense,G644R
645,E,sgRNA_1349;sgRNA_1350,2,AAGCCTCTCCTTCCTCCTGT;TGGAAGCCTCTCCTTCCTCC,antisense;antisense,E645E;E645K
646,A,sgRNA_578;sgRNA_1349;sgRNA_1350,3,GAGAGGCTTCCAGCACCACC;AAGCCTCTCCTTCCTCCTGT;TGGAAGCCTCTCCTTCCTCC,sense;antisense;antisense,A646V;A646T
647,S,,0,,,
648,S,sgRNA_579;sgRNA_580,2,TCCAGCACCACCAGCCCCAC;CAGCACCACCAGCCCCACTG,sense;sense,S648S
649,T,sgRNA_579;sgRNA_580;sgRNA_581;sgRNA_582,4,TCCAGCACCACCAGCCCCAC;CAGCACCACCAGCCCCACTG;AGCACCACCAGCCCCACTGA;CACCACCAGCCCCACTGAGG,sense;sense;sense;sense,T649I;T649T
650,T,sgRNA_581;sgRNA_582,2,AGCACCACCAGCCCCACTGA;CACCACCAGCCCCACTGAGG,sense;sense,T650I;T650T
651,S,sgRNA_1351,1,GTGGGGCTGGTGGTGCTGGA,antisense,S651N
652,P,sgRNA_583,1,CCCCACTGAGGAGACAACCC,sense,P652P
653,T,sgRNA_583,1,CCCCACTGAGGAGACAACCC,sense,T653I
654,E,sgRNA_1354;sgRNA_1355;sgRNA_1356,3,CTCCTCAGTGGGGCTGGTGG;GTCTCCTCAGTGGGGCTGGT;TGTCTCCTCAGTGGGGCTGG,antisense;antisense;antisense,E654E;E654K
655,E,sgRNA_1355;sgRNA_1356;sgRNA_1357;sgRNA_1358,4,GTCTCCTCAGTGGGGCTGGT;TGTCTCCTCAGTGGGGCTGG;GTTGTCTCCTCAGTGGGGCT;GGTTGTCTCCTCAGTGGGGC,antisense;antisense;antisense;antisense,E655E;E655K
656,T,sgRNA_586,1,GAGACAACCCAGAAGCTGAC,sense,T656I
657,T,sgRNA_586;sgRNA_587,2,GAGACAACCCAGAAGCTGAC;GACAACCCAGAAGCTGACAG,sense;sense,T657T;T657I
658,Q,sgRNA_587;sgRNA_1362;sgRNA_1363,3,GACAACCCAGAAGCTGACAG;CTTCTGGGTTGTCTCCTCAG;AGCTTCTGGGTTGTCTCCTC,sense;antisense;antisense,Q658Q;Q658.
659,K,,0,,,
660,L,sgRNA_588,1,AAGCTGACAGTGTCACACAT,sense,L660L
661,T,sgRNA_588;sgRNA_589;sgRNA_590,3,AAGCTGACAGTGTCACACAT;CTGACAGTGTCACACATTGA;TGACAGTGTCACACATTGAA,sense;sense;sense,T661I
662,V,sgRNA_1364;sgRNA_1365;sgRNA_1366;sgRNA_1367,4,GACACTGTCAGCTTCTGGGT;TGTGACACTGTCAGCTTCTG;GTGTGACACTGTCAGCTTCT;TGTGTGACACTGTCAGCTTC,antisense;antisense;antisense;antisense,V662M;V662I;V662V
663,S,sgRNA_591,1,GTGTCACACATTGAAGGCTA,sense,S663L
664,H,sgRNA_591;sgRNA_592,2,GTGTCACACATTGAAGGCTA;CACACATTGAAGGCTATGAA,sense;sense,H664Y;H664H
665,I,,0,,,
666,E,sgRNA_1368;sgRNA_1369,2,CTTCAATGTGTGACACTGTC;TAGCCTTCAATGTGTGACAC,antisense;antisense,E666K
667,G,sgRNA_1369,1,TAGCCTTCAATGTGTGACAC,antisense,G667N;G667S;G667D
668,Y,,0,,,
669,E,sgRNA_1370;sgRNA_1371,2,CATTCATAGCCTTCAATGTG;GACATTCATAGCCTTCAATG,antisense;antisense,E669K
670,C,sgRNA_1372,1,CTGACATTCATAGCCTTCAA,antisense,C670Y
671,Q,sgRNA_594;sgRNA_595,2,TGAATGTCAGCCCATCTTTC;TGTCAGCCCATCTTTCTGAA,sense;sense,Q671.
672,P,sgRNA_595;sgRNA_596,2,TGTCAGCCCATCTTTCTGAA;GCCCATCTTTCTGAATGTCC,sense;sense,P672L;P672S;P672P;P672F
673,I,sgRNA_596;sgRNA_597,2,GCCCATCTTTCTGAATGTCC;CCCATCTTTCTGAATGTCCT,sense;sense,I673I
674,F,,0,,,
675,L,sgRNA_598;sgRNA_1374,2,ATCTTTCTGAATGTCCTGGA;GGACATTCAGAAAGATGGGC,sense;antisense,L675L
676,N,,0,,,
677,V,sgRNA_600;sgRNA_1374;sgRNA_1375;sgRNA_1376,4,GAATGTCCTGGAAGCCATTG;GGACATTCAGAAAGATGGGC;CCAGGACATTCAGAAAGATG;TCCAGGACATTCAGAAAGAT,sense;antisense;antisense;antisense,V677I;V677V
678,L,sgRNA_600;sgRNA_601;sgRNA_1377;sgRNA_1378,4,GAATGTCCTGGAAGCCATTG;GTCCTGGAAGCCATTGAGCC;TTCCAGGACATTCAGAAAGA;GGCTTCCAGGACATTCAGAA,sense;sense;antisense;antisense,L678L
679,E,sgRNA_1378,1,GGCTTCCAGGACATTCAGAA,antisense,E679K
680,A,sgRNA_603;sgRNA_604;sgRNA_605;sgRNA_1379,4,CTGGAAGCCATTGAGCCAGG;GAAGCCATTGAGCCAGGTGT;AGCCATTGAGCCAGGTGTAG;CAATGGCTTCCAGGACATTC,sense;sense;sense;antisense,A680T;A680V;A680A
681,I,,0,,,
682,E,sgRNA_1380;sgRNA_1381,2,ACCTGGCTCAATGGCTTCCA;CACCTGGCTCAATGGCTTCC,antisense;antisense,E682E
683,P,sgRNA_607;sgRNA_608;sgRNA_609,3,ATTGAGCCAGGTGTAGTGTG;GAGCCAGGTGTAGTGTGTGC;AGCCAGGTGTAGTGTGTGCT,sense;sense;sense,P683L;P683S
684,G,sgRNA_1381,1,CACCTGGCTCAATGGCTTCC,antisense,G684S
685,V,sgRNA_1382,1,CACACTACACCTGGCTCAAT,antisense,V685I
686,V,sgRNA_1382;sgRNA_1383,2,CACACTACACCTGGCTCAAT;ACACACTACACCTGGCTCAA,antisense;antisense,V686M;V686I;V686V
687,C,,0,,,
688,A,sgRNA_1384;sgRNA_1385,2,GTCCAGCACACACTACACCT;TGTCCAGCACACACTACACC,antisense;antisense,A688T
689,G,sgRNA_1384;sgRNA_1385,2,GTCCAGCACACACTACACCT;TGTCCAGCACACACTACACC,antisense;antisense,G689R;G689E;G689K
690,H,sgRNA_611;sgRNA_612,2,TGCTGGACACGACAACAACC;GGACACGACAACAACCAGCC,sense;sense,H690Y;H690H
691,D,,0,,,
692,N,,0,,,
693,N,sgRNA_613,1,AACAACCAGCCCGACTCCTT,sense,N693N
694,Q,sgRNA_613;sgRNA_614;sgRNA_1387,3,AACAACCAGCCCGACTCCTT;AACCAGCCCGACTCCTTTGC;AGTCGGGCTGGTTGTTGTCG,sense;sense;antisense,Q694Q;Q694.
695,P,sgRNA_614;sgRNA_615,2,AACCAGCCCGACTCCTTTGC;GCCCGACTCCTTTGCAGCCT,sense;sense,P695L;P695P;P695F;P695S
696,D,sgRNA_615;sgRNA_1387;sgRNA_1388,3,GCCCGACTCCTTTGCAGCCT;AGTCGGGCTGGTTGTTGTCG;GGAGTCGGGCTGGTTGTTGT,sense;antisense;antisense,D696D;D696N
697,S,,0,,,
698,F,,0,,,
699,A,sgRNA_616;sgRNA_1391;sgRNA_1392,3,CCTTTGCAGCCTTGCTCTCT;GGCTGCAAAGGAGTCGGGCT;AGGCTGCAAAGGAGTCGGGC,sense;antisense;antisense,A699V;A699T
700,A,sgRNA_1392;sgRNA_1393;sgRNA_1394,3,AGGCTGCAAAGGAGTCGGGC;GCAAGGCTGCAAAGGAGTCG;AGCAAGGCTGCAAAGGAGTC,antisense;antisense;antisense,A700T
701,L,sgRNA_1395;sgRNA_1396,2,GAGCAAGGCTGCAAAGGAGT;AGAGAGCAAGGCTGCAAAGG,antisense;antisense,L701L
702,L,sgRNA_617;sgRNA_618,2,GCCTTGCTCTCTAGCCTCAA;GCTCTCTAGCCTCAATGAAC,sense;sense,L702L;L702F
703,S,sgRNA_618;sgRNA_619;sgRNA_620,3,GCTCTCTAGCCTCAATGAAC;CTCTCTAGCCTCAATGAACT;TCTCTAGCCTCAATGAACTG,sense;sense;sense,S703F
704,S,sgRNA_620;sgRNA_621;sgRNA_622;sgRNA_1399,4,TCTCTAGCCTCAATGAACTG;TCTAGCCTCAATGAACTGGG;TAGCCTCAATGAACTGGGAG;TTGAGGCTAGAGAGCAAGGC,sense;sense;sense;antisense,S704N;S704S
705,L,sgRNA_621;sgRNA_622;sgRNA_623,3,TCTAGCCTCAATGAACTGGG;TAGCCTCAATGAACTGGGAG;GCCTCAATGAACTGGGAGAG,sense;sense;sense,L705L;L705F
706,N,,0,,,
707,E,sgRNA_1402,1,CCAGTTCATTGAGGCTAGAG,antisense,E707K
708,L,sgRNA_624;sgRNA_625;sgRNA_1403;sgRNA_1404,4,CAATGAACTGGGAGAGAGAC;GAACTGGGAGAGAGACAGCT;TCCCAGTTCATTGAGGCTAG;TCTCCCAGTTCATTGAGGCT,sense;sense;antisense;antisense,L708L
709,G,sgRNA_1404;sgRNA_1405,2,TCTCCCAGTTCATTGAGGCT;TCTCTCTCCCAGTTCATTGA,antisense;antisense,G709K;G709R;G709E
710,E,sgRNA_1405;sgRNA_1406;sgRNA_1407,3,TCTCTCTCCCAGTTCATTGA;GTCTCTCTCCCAGTTCATTG;CTGTCTCTCTCCCAGTTCAT,antisense;antisense;antisense,E710K;E710E
711,R,,0,,,
712,Q,sgRNA_627;sgRNA_628;sgRNA_1408,3,AGAGAGACAGCTTGTACACG;GAGAGACAGCTTGTACACGT;GTACAAGCTGTCTCTCTCCC,sense;sense;antisense,Q712Q;Q712.
713,L,sgRNA_629,1,ACAGCTTGTACACGTGGTCA,sense,L713F
714,V,sgRNA_1408,1,GTACAAGCTGTCTCTCTCCC,antisense,V714I
715,H,sgRNA_631;sgRNA_632;sgRNA_633,3,GCTTGTACACGTGGTCAAGT;CTTGTACACGTGGTCAAGTG;ACACGTGGTCAAGTGGGCCA,sense;sense;sense,H715H;H715Y
716,V,sgRNA_1409,1,ACTTGACCACGTGTACAAGC,antisense,V716V
717,V,sgRNA_635;sgRNA_1409,2,GGTCAAGTGGGCCAAGGCCT;ACTTGACCACGTGTACAAGC,sense;antisense,V717I;V717V
718,K,sgRNA_1410,1,CCCACTTGACCACGTGTACA,antisense,K718K
719,W,sgRNA_1411,1,CCTTGGCCCACTTGACCACG,antisense,W719.
720,A,sgRNA_636;sgRNA_637;sgRNA_638;sgRNA_1411,4,AAGTGGGCCAAGGCCTTGCC;AGTGGGCCAAGGCCTTGCCT;GGCCAAGGCCTTGCCTGgta;CCTTGGCCCACTTGACCACG,sense;sense;sense;antisense,A720T;A720V;A720A
721,K,sgRNA_1412,1,GGCCTTGGCCCACTTGACCA,antisense,K721K
722,A,sgRNA_639;sgRNA_640,2,GCCAAGGCCTTGCCTGgtaa;GGCCTTGCCTGgtaaggaaa,sense;sense,A722A;A722V
723,L,sgRNA_1413,1,AGGCAAGGCCTTGGCCCACT,antisense,L723L
724,P,sgRNA_640;sgRNA_641;sgRNA_642;sgRNA_643,4,GGCCTTGCCTGgtaaggaaa;GCCTTGCCTGgtaaggaaaa;CCTTGCCTGgtaaggaaaag;TGCCTGgtaaggaaaaggga,sense;sense;sense;sense,P724S;P724L;P724F
725,G,,0,,,
726,F,,0,,,
727,R,sgRNA_648;sgRNA_1419;sgRNA_1420,3,TTCCGCAACTTACACGTGGA;TTGCGGAAGCctggagaaga;AAGTTGCGGAAGCctggaga,sense;antisense;antisense,R727H;R727C;R727R
728,N,sgRNA_649,1,CAACTTACACGTGGACGACC,sense,N728N
729,L,,0,,,
730,H,sgRNA_649;sgRNA_650;sgRNA_651,3,CAACTTACACGTGGACGACC;CTTACACGTGGACGACCAGA;TTACACGTGGACGACCAGAT,sense;sense;sense,H730Y;H730H
731,V,sgRNA_1424;sgRNA_1425;sgRNA_1426,3,GTCCACGTGTAAGTTGCGGA;GTCGTCCACGTGTAAGTTGC;GGTCGTCCACGTGTAAGTTG,antisense;antisense;antisense,V731V;V731M;V731I
732,D,sgRNA_1425;sgRNA_1426,2,GTCGTCCACGTGTAAGTTGC;GGTCGTCCACGTGTAAGTTG,antisense;antisense,D732N
733,D,sgRNA_653;sgRNA_1426;sgRNA_1427,3,CGACCAGATGGCTGTCATTC;GGTCGTCCACGTGTAAGTTG;CTGGTCGTCCACGTGTAAGT,sense;antisense;antisense,D733D;D733N
734,Q,sgRNA_653;sgRNA_1428;sgRNA_1429,3,CGACCAGATGGCTGTCATTC;CATCTGGTCGTCCACGTGTA;CAGCCATCTGGTCGTCCACG,sense;antisense;antisense,Q734.;Q734Q
735,M,sgRNA_1429;sgRNA_1430,2,CAGCCATCTGGTCGTCCACG;GACAGCCATCTGGTCGTCCA,antisense;antisense,M735I
736,A,sgRNA_654;sgRNA_1429;sgRNA_1430,3,TGGCTGTCATTCAGTACTCC;CAGCCATCTGGTCGTCCACG;GACAGCCATCTGGTCGTCCA,sense;antisense;antisense,A736T;A736V
737,V,sgRNA_654;sgRNA_655;sgRNA_656,3,TGGCTGTCATTCAGTACTCC;GGCTGTCATTCAGTACTCCT;TGTCATTCAGTACTCCTGGA,sense;sense;sense,V737V
738,I,,0,,,
739,Q,sgRNA_656;sgRNA_657;sgRNA_658;sgRNA_659;sgRNA_1432;sgRNA_1433,6,TGTCATTCAGTACTCCTGGA;GTCATTCAGTACTCCTGGAT;TCATTCAGTACTCCTGGATG;CATTCAGTACTCCTGGATGG;GTACTGAATGACAGCCATCT;AGTACTGAATGACAGCCATC,sense;sense;sense;sense;antisense;antisense,Q739.;Q739Q
740,Y,sgRNA_660,1,GTACTCCTGGATGGGGCTCA,sense,Y740Y
741,S,sgRNA_660;sgRNA_661;sgRNA_662,3,GTACTCCTGGATGGGGCTCA;TACTCCTGGATGGGGCTCAT;CTCCTGGATGGGGCTCATGG,sense;sense;sense,S741S;S741F
742,W,sgRNA_1434;sgRNA_1435,2,ATCCAGGAGTACTGAATGAC;CCCCATCCAGGAGTACTGAA,antisense;antisense,W742.
743,M,sgRNA_1435;sgRNA_1436,2,CCCCATCCAGGAGTACTGAA;TGAGCCCCATCCAGGAGTAC,antisense;antisense,M743I
744,G,sgRNA_1436,1,TGAGCCCCATCCAGGAGTAC,antisense,G744G;G744R;G744E;G744K
745,L,sgRNA_664;sgRNA_665;sgRNA_666,3,GGGGCTCATGGTGTTTGCCA;GGGCTCATGGTGTTTGCCAT;GGCTCATGGTGTTTGCCATG,sense;sense;sense,L745L;L745F
746,M,sgRNA_1437;sgRNA_1438;sgRNA_1439,3,CACCATGAGCCCCATCCAGG;AACACCATGAGCCCCATCCA;AAACACCATGAGCCCCATCC,antisense;antisense;antisense,M746I
747,V,sgRNA_1438;sgRNA_1439,2,AACACCATGAGCCCCATCCA;AAACACCATGAGCCCCATCC,antisense;antisense,V747V;V747I;V747M
748,F,,0,,,
749,A,,0,,,
750,M,sgRNA_1440;sgRNA_1441,2,AGCCCATGGCAAACACCATG;CCAGCCCATGGCAAACACCA,antisense;antisense,M750I
751,G,sgRNA_1440;sgRNA_1441,2,AGCCCATGGCAAACACCATG;CCAGCCCATGGCAAACACCA,antisense;antisense,G751D;G751S;G751N
752,W,,0,,,
753,R,sgRNA_670,1,GGCTGGCGATCCTTCACCAA,sense,R753.
754,S,,0,,,
755,F,sgRNA_671;sgRNA_672,2,CCTTCACCAATGTCAACTCC;CTTCACCAATGTCAACTCCA,sense;sense,F755F
756,T,sgRNA_671;sgRNA_672;sgRNA_673,3,CCTTCACCAATGTCAACTCC;CTTCACCAATGTCAACTCCA;CACCAATGTCAACTCCAGGA,sense;sense;sense,T756T;T756I
757,N,,0,,,
758,V,sgRNA_1445,1,AGTTGACATTGGTGAAGGAT,antisense,V758I
759,N,,0,,,
760,S,sgRNA_674,1,AACTCCAGGATGCTCTACTT,sense,S760S;S760F
761,R,sgRNA_1448;sgRNA_1449;sgRNA_1450,3,CATCCTGGAGTTGACATTGG;AGCATCCTGGAGTTGACATT;GAGCATCCTGGAGTTGACAT,antisense;antisense;antisense,R761R;R761K
762,M,sgRNA_1450,1,GAGCATCCTGGAGTTGACAT,antisense,M762I
763,L,sgRNA_675;sgRNA_676,2,AGGATGCTCTACTTCGCCCC;GCTCTACTTCGCCCCTGATC,sense;sense,L763F;L763L
764,Y,sgRNA_676;sgRNA_677,2,GCTCTACTTCGCCCCTGATC;CTCTACTTCGCCCCTGATCT,sense;sense,Y764Y
765,F,,0,,,
766,A,sgRNA_1453;sgRNA_1454,2,GGGGCGAAGTAGAGCATCCT;AGGGGCGAAGTAGAGCATCC,antisense;antisense,A766T
767,P,,0,,,
768,D,sgRNA_1455,1,CCAGATCAGGGGCGAAGTAG,antisense,D768N
769,L,sgRNA_1456;sgRNA_1457,2,AACCAGATCAGGGGCGAAGT;GAAAACCAGATCAGGGGCGA,antisense;antisense,L769L
770,V,sgRNA_1457,1,GAAAACCAGATCAGGGGCGA,antisense,V770I
771,F,sgRNA_678,1,TTTCAATGAgtaagtgctcc,sense,F771F
772,N,,0,,,
773,E,,0,,,
774,Y,sgRNA_686,1,GTACCGCATGCACAAGTCCC,sense,Y774Y
775,R,sgRNA_686;sgRNA_687;sgRNA_1466;sgRNA_1467,4,GTACCGCATGCACAAGTCCC;CCGCATGCACAAGTCCCGGA;GCATGCGGTACctgggaagg;GTGCATGCGGTACctgggaa,sense;sense;antisense;antisense,R775H;R775C;R775R
776,M,sgRNA_1467;sgRNA_1468;sgRNA_1469,3,GTGCATGCGGTACctgggaa;TGTGCATGCGGTACctggga;ACTTGTGCATGCGGTACctg,antisense;antisense;antisense,M776I
777,H,sgRNA_687;sgRNA_688,2,CCGCATGCACAAGTCCCGGA;TGCACAAGTCCCGGATGTAC,sense;sense,H777H;H777Y
778,K,sgRNA_1471,1,GGACTTGTGCATGCGGTACc,antisense,K778K
779,S,sgRNA_689;sgRNA_690,2,CAAGTCCCGGATGTACAGCC;AGTCCCGGATGTACAGCCAG,sense;sense,S779S;S779F
780,R,sgRNA_689;sgRNA_690;sgRNA_691;sgRNA_1472;sgRNA_1473;sgRNA_1474,6,CAAGTCCCGGATGTACAGCC;AGTCCCGGATGTACAGCCAG;TCCCGGATGTACAGCCAGTG;CATCCGGGACTTGTGCATGC;ACATCCGGGACTTGTGCATG;GTACATCCGGGACTTGTGCA,sense;sense;sense;antisense;antisense;antisense,R780R;R780W;R780Q
781,M,sgRNA_1474;sgRNA_1475,2,GTACATCCGGGACTTGTGCA;GGCTGTACATCCGGGACTTG,antisense;antisense,M781I
782,Y,sgRNA_692;sgRNA_693,2,GGATGTACAGCCAGTGTGTC;GTACAGCCAGTGTGTCCGAA,sense;sense,Y782Y
783,S,sgRNA_693;sgRNA_694;sgRNA_695;sgRNA_1476,4,GTACAGCCAGTGTGTCCGAA;ACAGCCAGTGTGTCCGAATG;CAGCCAGTGTGTCCGAATGA;CTGGCTGTACATCCGGGACT,sense;sense;sense;antisense,S783N;S783S
784,Q,sgRNA_693;sgRNA_694;sgRNA_695;sgRNA_1477;sgRNA_1478;sgRNA_1479,6,GTACAGCCAGTGTGTCCGAA;ACAGCCAGTGTGTCCGAATG;CAGCCAGTGTGTCCGAATGA;ACACACTGGCTGTACATCCG;GACACACTGGCTGTACATCC;GGACACACTGGCTGTACATC,sense;sense;sense;antisense;antisense;antisense,Q784Q;Q784.
785,C,sgRNA_1477;sgRNA_1478;sgRNA_1479,3,ACACACTGGCTGTACATCCG;GACACACTGGCTGTACATCC;GGACACACTGGCTGTACATC,antisense;antisense;antisense,C785Y
786,V,sgRNA_1479,1,GGACACACTGGCTGTACATC,antisense,V786I
787,R,sgRNA_1480,1,CCTCATTCGGACACACTGGC,antisense,R787Q
788,M,sgRNA_1480;sgRNA_1481;sgRNA_1482,3,CCTCATTCGGACACACTGGC;GTGCCTCATTCGGACACACT;GGTGCCTCATTCGGACACAC,antisense;antisense;antisense,M788I
789,R,sgRNA_1481;sgRNA_1482,2,GTGCCTCATTCGGACACACT;GGTGCCTCATTCGGACACAC,antisense;antisense,R789K;R789R
790,H,sgRNA_697;sgRNA_698;sgRNA_699,3,AATGAGGCACCTCTCTCAAG;AGGCACCTCTCTCAAGAGTT;GGCACCTCTCTCAAGAGTTT,sense;sense;sense,H790H;H790Y
791,L,sgRNA_698;sgRNA_699;sgRNA_700;sgRNA_701,4,AGGCACCTCTCTCAAGAGTT;GGCACCTCTCTCAAGAGTTT;ACCTCTCTCAAGAGTTTGGA;CCTCTCTCAAGAGTTTGGAT,sense;sense;sense;sense,L791F;L791L
792,S,sgRNA_700;sgRNA_701,2,ACCTCTCTCAAGAGTTTGGA;CCTCTCTCAAGAGTTTGGAT,sense;sense,S792F
793,Q,,0,,,
794,E,sgRNA_1485,1,ATCCAAACTCTTGAGAGAGG,antisense,E794E
795,F,,0,,,
796,G,sgRNA_1485;sgRNA_1486;sgRNA_1487;sgRNA_1488,4,ATCCAAACTCTTGAGAGAGG;CCATCCAAACTCTTGAGAGA;GCCATCCAAACTCTTGAGAG;GAGCCATCCAAACTCTTGAG,antisense;antisense;antisense;antisense,G796E;G796R;G796K
797,W,sgRNA_1488;sgRNA_1489;sgRNA_1490,3,GAGCCATCCAAACTCTTGAG;TGGAGCCATCCAAACTCTTG;TTTGGAGCCATCCAAACTCT,antisense;antisense;antisense,W797.
798,L,sgRNA_702;sgRNA_703,2,ATGGCTCCAAATCACCCCCC;TGGCTCCAAATCACCCCCCA,sense;sense,L798L;L798F
799,Q,sgRNA_702;sgRNA_703,2,ATGGCTCCAAATCACCCCCC;TGGCTCCAAATCACCCCCCA,sense;sense,Q799.
800,I,sgRNA_704,1,AATCACCCCCCAGGAATTCC,sense,I800I
801,T,sgRNA_704;sgRNA_705,2,AATCACCCCCCAGGAATTCC;TCACCCCCCAGGAATTCCTG,sense;sense,T801T;T801I
802,P,sgRNA_704;sgRNA_705;sgRNA_706,3,AATCACCCCCCAGGAATTCC;TCACCCCCCAGGAATTCCTG;CCCCCAGGAATTCCTGTGCA,sense;sense;sense,P802F;P802S;P802P;P802L
803,Q,sgRNA_706;sgRNA_1491;sgRNA_1492;sgRNA_1493,4,CCCCCAGGAATTCCTGTGCA;ATTCCTGGGGGGTGATTTGG;GAATTCCTGGGGGGTGATTT;GGAATTCCTGGGGGGTGATT,sense;antisense;antisense;antisense,Q803.;Q803Q
804,E,sgRNA_1491;sgRNA_1492;sgRNA_1493,3,ATTCCTGGGGGGTGATTTGG;GAATTCCTGGGGGGTGATTT;GGAATTCCTGGGGGGTGATT,antisense;antisense;antisense,E804K
805,F,sgRNA_708,1,ATTCCTGTGCATGAAAGCAC,sense,F805F
806,L,sgRNA_708;sgRNA_1494;sgRNA_1495;sgRNA_1496;sgRNA_1497,5,ATTCCTGTGCATGAAAGCAC;GCACAGGAATTCCTGGGGGG;ATGCACAGGAATTCCTGGGG;CATGCACAGGAATTCCTGGG;TCATGCACAGGAATTCCTGG,sense;antisense;antisense;antisense;antisense,L806L
807,C,sgRNA_1495;sgRNA_1496;sgRNA_1497;sgRNA_1498;sgRNA_1499,5,ATGCACAGGAATTCCTGGGG;CATGCACAGGAATTCCTGGG;TCATGCACAGGAATTCCTGG;TTCATGCACAGGAATTCCTG;TTTCATGCACAGGAATTCCT,antisense;antisense;antisense;antisense;antisense,C807Y
808,M,sgRNA_1499;sgRNA_1500,2,TTTCATGCACAGGAATTCCT;CTTTCATGCACAGGAATTCC,antisense;antisense,M808I
809,K,,0,,,
810,A,sgRNA_709,1,TGAAAGCACTGCTACTCTTC,sense,A810V
811,L,sgRNA_1501;sgRNA_1502,2,TAGCAGTGCTTTCATGCACA;GTAGCAGTGCTTTCATGCAC,antisense;antisense,L811L
812,L,sgRNA_710,1,CACTGCTACTCTTCAGCATT,sense,L812L
813,L,sgRNA_711;sgRNA_712,2,GCTACTCTTCAGCATTAgta;TACTCTTCAGCATTAgtaag,sense;sense,L813F;L813L
814,F,sgRNA_712,1,TACTCTTCAGCATTAgtaag,sense,F814F
815,S,sgRNA_713;sgRNA_1504,2,TTCAGCATTAgtaagtgcct;cTAATGCTGAAGAGTAGCAG,sense;antisense,S815S;S815N
816,I,,0,,,
817,I,,0,,,
818,P,,0,,,
819,V,sgRNA_1512;sgRNA_1513;sgRNA_1514;sgRNA_1515,4,CCACTGGAActgatgtggga;CATCCACTGGAActgatgtg;CCATCCACTGGAActgatgt;CCCATCCACTGGAActgatg,antisense;antisense;antisense;antisense,V819V;V819I;V819M
820,D,sgRNA_1513;sgRNA_1514;sgRNA_1515;sgRNA_1516,4,CATCCACTGGAActgatgtg;CCATCCACTGGAActgatgt;CCCATCCACTGGAActgatg;AGCCCATCCACTGGAActga,antisense;antisense;antisense;antisense,D820N
821,G,sgRNA_1516;sgRNA_1517,2,AGCCCATCCACTGGAActga;TTCAGCCCATCCACTGGAAc,antisense;antisense,G821E;G821R;G821K;G821G
822,L,,0,,,
823,K,,0,,,
824,N,,0,,,
825,Q,sgRNA_724,1,AAAAATCAAAAATTCTTTGA,sense,Q825.
826,K,,0,,,
827,F,sgRNA_725;sgRNA_726,2,AAAAATTCTTTGATGAACTT;ATTCTTTGATGAACTTCGAA,sense;sense,F827F
828,F,,0,,,
829,D,,0,,,
830,E,,0,,,
831,L,,0,,,
832,R,sgRNA_727;sgRNA_728;sgRNA_1518,3,ACTTCGAATGAACTACATCA;CTTCGAATGAACTACATCAA;GTTCATTCGAAGTTCATCAA,sense;sense;antisense,R832.;R832Q
833,M,sgRNA_1518,1,GTTCATTCGAAGTTCATCAA,antisense,M833I
834,N,sgRNA_729,1,ATGAACTACATCAAGGAACT,sense,N834N
835,Y,sgRNA_730,1,ACTACATCAAGGAACTCGAT,sense,Y835Y
836,I,sgRNA_730,1,ACTACATCAAGGAACTCGAT,sense,I836I
837,K,sgRNA_1520,1,GTTCCTTGATGTAGTTCATT,antisense,K837K
838,E,sgRNA_1520,1,GTTCCTTGATGTAGTTCATT,antisense,E838K
839,L,sgRNA_731;sgRNA_732,2,AAGGAACTCGATCGTATCAT;AACTCGATCGTATCATTGCA,sense;sense,L839F;L839L
840,D,sgRNA_1521,1,ACGATCGAGTTCCTTGATGT,antisense,D840N
841,R,sgRNA_1522;sgRNA_1523,2,GATACGATCGAGTTCCTTGA;AATGATACGATCGAGTTCCT,antisense;antisense,R841H
842,I,sgRNA_733,1,ATCGTATCATTGCATGCAAA,sense,I842I
843,I,,0,,,
844,A,sgRNA_1524,1,TGCATGCAATGATACGATCG,antisense,A844T
845,C,sgRNA_1525,1,TTTGCATGCAATGATACGAT,antisense,C845Y
846,K,,0,,,
847,R,,0,,,
848,K,,0,,,
849,N,,0,,,
850,P,sgRNA_735;sgRNA_736,2,AAAATCCCACATCCTGCTCA;ATCCCACATCCTGCTCAAGA,sense;sense,P850L;P850P;P850F;P850S
851,T,sgRNA_736,1,ATCCCACATCCTGCTCAAGA,sense,T851I
852,S,,0,,,
853,C,sgRNA_737,1,CTGCTCAAGACGCTTCTACC,sense,C853C
854,S,sgRNA_737,1,CTGCTCAAGACGCTTCTACC,sense,S854L
855,R,sgRNA_1526;sgRNA_1527;sgRNA_1528,3,AGCGTCTTGAGCAGGATGTG;AAGCGTCTTGAGCAGGATGT;GAAGCGTCTTGAGCAGGATG,antisense;antisense;antisense,R855K
856,R,sgRNA_738;sgRNA_1527;sgRNA_1528;sgRNA_1529,4,ACGCTTCTACCAGCTCACCA;AAGCGTCTTGAGCAGGATGT;GAAGCGTCTTGAGCAGGATG;TAGAAGCGTCTTGAGCAGGA,sense;antisense;antisense;antisense,R856R;R856H
857,F,sgRNA_738,1,ACGCTTCTACCAGCTCACCA,sense,F857F
858,Y,sgRNA_739,1,CTACCAGCTCACCAAGCTCC,sense,Y858Y
859,Q,sgRNA_739;sgRNA_740;sgRNA_1532;sgRNA_1533,4,CTACCAGCTCACCAAGCTCC;TACCAGCTCACCAAGCTCCT;GAGCTGGTAGAAGCGTCTTG;GTGAGCTGGTAGAAGCGTCT,sense;sense;antisense;antisense,Q859Q;Q859.
860,L,sgRNA_739;sgRNA_740,2,CTACCAGCTCACCAAGCTCC;TACCAGCTCACCAAGCTCCT,sense;sense,L860F
861,T,sgRNA_741;sgRNA_742,2,CTCACCAAGCTCCTGGACTC;CACCAAGCTCCTGGACTCCG,sense;sense,T861I;T861T
862,K,sgRNA_1535;sgRNA_1536,2,GAGCTTGGTGAGCTGGTAGA;CAGGAGCTTGGTGAGCTGGT,antisense;antisense,K862K
863,L,sgRNA_742;sgRNA_743,2,CACCAAGCTCCTGGACTCCG;CAAGCTCCTGGACTCCGTGC,sense;sense,L863F;L863L
864,L,sgRNA_743;sgRNA_744;sgRNA_1537;sgRNA_1538;sgRNA_1539,5,CAAGCTCCTGGACTCCGTGC;CTCCTGGACTCCGTGCAGCC;GTCCAGGAGCTTGGTGAGCT;AGTCCAGGAGCTTGGTGAGC;CGGAGTCCAGGAGCTTGGTG,sense;sense;antisense;antisense;antisense,L864L
865,D,sgRNA_745;sgRNA_1538;sgRNA_1539,3,TGGACTCCGTGCAGCCTgta;AGTCCAGGAGCTTGGTGAGC;CGGAGTCCAGGAGCTTGGTG,sense;antisense;antisense,D865N;D865D
866,S,sgRNA_745,1,TGGACTCCGTGCAGCCTgta,sense,S866F;S866S
867,V,sgRNA_1541;sgRNA_1542;sgRNA_1543,3,TGCACGGAGTCCAGGAGCTT;CTGCACGGAGTCCAGGAGCT;cAGGCTGCACGGAGTCCAGG,antisense;antisense;antisense,V867M;V867V;V867I
868,Q,sgRNA_746;sgRNA_1543;sgRNA_1544;sgRNA_1545,4,CCGTGCAGCCTgtaagcaaa;cAGGCTGCACGGAGTCCAGG;tacAGGCTGCACGGAGTCCA;ttacAGGCTGCACGGAGTCC,sense;antisense;antisense;antisense,Q868Q;Q868.
869,P,sgRNA_747;sgRNA_748;sgRNA_749,3,TGCAGCCTgtaagcaaacga;GCAGCCTgtaagcaaacgat;AGCCTgtaagcaaacgatgg,sense;sense;sense,P869F;P869L;P869S
870,I,,0,,,
871,A,sgRNA_1553,1,CAGCTCTCTCGCAATctgta,antisense,A871A
872,R,sgRNA_1552;sgRNA_1553,2,AGCTCTCTCGCAATctgtag;CAGCTCTCTCGCAATctgta,antisense;antisense,R872K
873,E,sgRNA_1552;sgRNA_1553;sgRNA_1554;sgRNA_1555,4,AGCTCTCTCGCAATctgtag;CAGCTCTCTCGCAATctgta;GCAGCTCTCTCGCAATctgt;GATGCAGCTCTCTCGCAATc,antisense;antisense;antisense;antisense,E873E;E873K
874,L,sgRNA_757;sgRNA_1555,2,GAGCTGCATCAGTTCACTTT;GATGCAGCTCTCTCGCAATc,sense;antisense,L874L
875,H,sgRNA_757,1,GAGCTGCATCAGTTCACTTT,sense,H875Y
876,Q,sgRNA_1556,1,GTGAACTGATGCAGCTCTCT,antisense,Q876Q
877,F,,0,,,
878,T,,0,,,
879,F,,0,,,
880,D,sgRNA_1557;sgRNA_1558,2,GGTCAAAAGTGAACTGATGC;GCAGGTCAAAAGTGAACTGA,antisense;antisense,D880N
881,L,sgRNA_1559,1,TTAGCAGGTCAAAAGTGAAC,antisense,L881L
882,L,sgRNA_758;sgRNA_759,2,CCTGCTAATCAAGTCACACA;CTGCTAATCAAGTCACACAT,sense;sense,L882L
883,I,sgRNA_760;sgRNA_761,2,GCTAATCAAGTCACACATGG;TAATCAAGTCACACATGGTG,sense;sense,I883I
884,K,,0,,,
885,S,sgRNA_762;sgRNA_763;sgRNA_764,3,ATCAAGTCACACATGGTGAG;CAAGTCACACATGGTGAGCG;AAGTCACACATGGTGAGCGT,sense;sense;sense,S885L
886,H,sgRNA_763;sgRNA_764,2,CAAGTCACACATGGTGAGCG;AAGTCACACATGGTGAGCGT,sense;sense,H886Y
887,M,sgRNA_1564,1,TCACCATGTGTGACTTGATT,antisense,M887I
888,V,sgRNA_1564;sgRNA_1565,2,TCACCATGTGTGACTTGATT;CACGCTCACCATGTGTGACT,antisense;antisense,V888M;V888V
889,S,sgRNA_767;sgRNA_1565,2,GAGCGTGGACTTTCCGGAAA;CACGCTCACCATGTGTGACT,sense;antisense,S889N;S889S
890,V,sgRNA_1566;sgRNA_1567,2,AAGTCCACGCTCACCATGTG;GAAAGTCCACGCTCACCATG,antisense;antisense,V890I;V890M;V890V
891,D,sgRNA_768;sgRNA_769;sgRNA_1566;sgRNA_1567,4,CGTGGACTTTCCGGAAATGA;GTGGACTTTCCGGAAATGAT;AAGTCCACGCTCACCATGTG;GAAAGTCCACGCTCACCATG,sense;sense;antisense;antisense,D891D;D891N
892,F,,0,,,
893,P,sgRNA_770;sgRNA_771,2,GACTTTCCGGAAATGATGGC;CTTTCCGGAAATGATGGCAG,sense;sense,P893L;P893S
894,E,,0,,,
895,M,sgRNA_1569,1,CATCATTTCCGGAAAGTCCA,antisense,M895I
896,M,sgRNA_1570,1,CTCTGCCATCATTTCCGGAA,antisense,M896I
897,A,sgRNA_772;sgRNA_773;sgRNA_1570,3,ATGATGGCAGAGATCATCTC;GATGGCAGAGATCATCTCTG;CTCTGCCATCATTTCCGGAA,sense;sense;antisense,A897T;A897V
898,E,sgRNA_1571;sgRNA_1572,2,TGATCTCTGCCATCATTTCC;ATGATCTCTGCCATCATTTC,antisense;antisense,E898K;E898E
899,I,sgRNA_775,1,AGAGATCATCTCTGTGCAAG,sense,I899I
900,I,sgRNA_776,1,CATCTCTGTGCAAGTGCCCA,sense,I900I
901,S,sgRNA_776,1,CATCTCTGTGCAAGTGCCCA,sense,S901F
902,V,sgRNA_1573,1,ACTTGCACAGAGATGATCTC,antisense,V902M;V902I;V902V
903,Q,,0,,,
904,V,sgRNA_1574,1,CTTGGGCACTTGCACAGAGA,antisense,V904V
905,P,sgRNA_777;sgRNA_778;sgRNA_779,3,CAAGTGCCCAAGATCCTTTC;AAGTGCCCAAGATCCTTTCT;AGTGCCCAAGATCCTTTCTG,sense;sense;sense,P905L;P905P;P905F;P905S
906,K,sgRNA_1575;sgRNA_1576,2,GATCTTGGGCACTTGCACAG;AGGATCTTGGGCACTTGCAC,antisense;antisense,K906K
907,I,sgRNA_781,1,GATCCTTTCTGGGAAAGTCA,sense,I907I
908,L,sgRNA_781,1,GATCCTTTCTGGGAAAGTCA,sense,L908F
909,S,,0,,,
910,G,sgRNA_1578;sgRNA_1579;sgRNA_1580,3,CTTTCCCAGAAAGGATCTTG;ACTTTCCCAGAAAGGATCTT;GACTTTCCCAGAAAGGATCT,antisense;antisense;antisense,G910G;G910E;G910R;G910K
911,K,,0,,,
912,V,,0,,,
913,K,sgRNA_1581;sgRNA_1582,2,GGGCTTGACTTTCCCAGAAA;TGGGCTTGACTTTCCCAGAA,antisense;antisense,K913K
914,P,sgRNA_782,1,GCCCATCTATTTCCACACCC,sense,P914P
915,I,sgRNA_782;sgRNA_783,2,GCCCATCTATTTCCACACCC;CCATCTATTTCCACACCCAG,sense;sense,I915I
916,Y,,0,,,
917,F,sgRNA_784,1,TCTATTTCCACACCCAGTGA,sense,F917F
918,H,sgRNA_785;sgRNA_786,2,TTCCACACCCAGTGAagcat;TCCACACCCAGTGAagcatt,sense;sense,H918H;H918Y
919,T,sgRNA_785;sgRNA_786,2,TTCCACACCCAGTGAagcat;TCCACACCCAGTGAagcatt,sense;sense,T919I;T919T
920,Q,sgRNA_1587;sgRNA_1588,2,TCACTGGGTGTGGAAATAGA;gctTCACTGGGTGTGGAAAT,antisense;antisense,Q920Q
921,.,sgRNA_1588,1,gctTCACTGGGTGTGGAAAT,antisense,.921.
